id,nstr,L_over_E_sr1,rho_f,BRF,R,T_down,atmospheric_absorptance
0,32,0.016161218142119082,0.050771964188343392,0.33847976125562262,0.052497143459519308,0.94750285639011389,1.503668300983918e-10
0,68,0.016152104781899025,0.050743333722826543,0.33828889148551028,0.052507073911154056,0.94749292601611568,7.2730266253984155e-11
1,32,0.001448846771009357,0.0045516863719802896,0.030344575813201932,0.052497143459519308,0.94750285639011389,1.503668300983918e-10
1,68,0.0014482298320928908,0.0045497482012126049,0.030331654674750699,0.052507073911154056,0.94749292601611568,7.2730266253984155e-11
2,32,0.001410167192338213,0.0044301708917830751,0.029534472611887169,0.052497143459519308,0.94750285639011389,1.503668300983918e-10
2,68,0.0014096596237688167,0.0044285763180942662,0.029523842120628443,0.052507073911154056,0.94749292601611568,7.2730266253984155e-11
3,32,0.0018031311784833686,0.0056647036637820572,0.037764691091880381,0.052497143459519308,0.94750285639011389,1.503668300983918e-10
3,68,0.0018032087602671554,0.0056649473941440534,0.037766315960960355,0.052507073911154056,0.94749292601611568,7.2730266253984155e-11
4,32,0.00069479113699447072,0.0021827507317611289,0.014551671545074193,0.052497143459519308,0.94750285639011389,1.503668300983918e-10
4,68,0.00069454892471308119,0.0021819897994373063,0.014546598662915376,0.052507073911154056,0.94749292601611568,7.2730266253984155e-11
5,32,0.00066386956883109397,0.0020856077603815882,0.013904051735877256,0.052497143459519308,0.94750285639011389,1.503668300983918e-10
5,68,0.00066377524843734689,0.0020853114441255088,0.013902076294170059,0.052507073911154056,0.94749292601611568,7.2730266253984155e-11
6,32,0.00047421241295424817,0.0014897822327781553,0.0099318815518543695,0.052497143459519308,0.94750285639011389,1.503668300983918e-10
6,68,0.0004742784695215537,0.0014899897556047237,0.0099332650373648249,0.052507073911154056,0.94749292601611568,7.2730266253984155e-11
7,32,0.00047421241295424817,0.0014897822327781553,0.0099318815518543695,0.052497143459519308,0.94750285639011389,1.503668300983918e-10
7,68,0.0004742784695215537,0.0014899897556047237,0.0099332650373648249,0.052507073911154056,0.94749292601611568,7.2730266253984155e-11
8,32,0.00047421241295424817,0.0014897822327781553,0.0099318815518543695,0.052497143459519308,0.94750285639011389,1.503668300983918e-10
8,68,0.0004742784695215537,0.0014899897556047237,0.0099332650373648249,0.052507073911154056,0.94749292601611568,7.2730266253984155e-11
9,32,0.0083846348363401674,0.026341107204879328,0.08780369068293109,0.017990053379575256,0.98200994652711748,9.3307250814689269e-11
9,68,0.0083806385315513734,0.026328552443113346,0.087761841477044494,0.017989079288604947,0.9820109208358424,-1.2444734132088797e-10
10,32,0.0014144219805218797,0.004443537703083463,0.014811792343611544,0.017990053379575256,0.98200994652711748,9.3307250814689269e-11
10,68,0.0014140727035705867,0.0044424404171792128,0.014808134723930709,0.017989079288604947,0.9820109208358424,-1.2444734132088797e-10
11,32,0.0014216201383740021,0.0044661513829110698,0.014887171276370233,0.017990053379575256,0.98200994652711748,9.3307250814689269e-11
11,68,0.001421283334169114,0.0044650932812952959,0.01488364427098432,0.017989079288604947,0.9820109208358424,-1.2444734132088797e-10
12,32,0.0013081584095259162,0.0041097008490983264,0.013699002830327755,0.017990053379575256,0.98200994652711748,9.3307250814689269e-11
12,68,0.0013081143257591341,0.0041095623558604607,0.013698541186201537,0.017989079288604947,0.9820109208358424,-1.2444734132088797e-10
13,32,0.00066982875536910594,0.0021043290970307778,0.0070144303234359259,0.017990053379575256,0.98200994652711748,9.3307250814689269e-11
13,68,0.00066970651357653032,0.0021039450631132606,0.0070131502103775358,0.017989079288604947,0.9820109208358424,-1.2444734132088797e-10
14,32,0.00067848711410705732,0.0021315301332340709,0.0071051004441135702,0.017990053379575256,0.98200994652711748,9.3307250814689269e-11
14,68,0.00067842870328057756,0.0021313466302107118,0.0071044887673690398,0.017989079288604947,0.9820109208358424,-1.2444734132088797e-10
15,32,0.00045584315665968321,0.0014320735121512421,0.0047735783738374737,0.017990053379575256,0.98200994652711748,9.3307250814689269e-11
15,68,0.00045588274237579491,0.0014321978743461656,0.0047739929144872189,0.017989079288604947,0.9820109208358424,-1.2444734132088797e-10
16,32,0.00045584315665968321,0.0014320735121512421,0.0047735783738374737,0.017990053379575256,0.98200994652711748,9.3307250814689269e-11
16,68,0.00045588274237579491,0.0014321978743461656,0.0047739929144872189,0.017989079288604947,0.9820109208358424,-1.2444734132088797e-10
17,32,0.00045584315665968321,0.0014320735121512421,0.0047735783738374737,0.017990053379575256,0.98200994652711748,9.3307250814689269e-11
17,68,0.00045588274237579491,0.0014321978743461656,0.0047739929144872189,0.017989079288604947,0.9820109208358424,-1.2444734132088797e-10
18,32,0.0052951951680523775,0.01663534623927752,0.03936258260766843,0.010274189971066128,0.98972581005791993,-2.8986035793820975e-11
18,68,0.0052947210162889585,0.016633856647580877,0.03935905793343758,0.010272947794804465,0.98972705215898993,4.6205594905757152e-11
19,32,0.00137853406622687,0.0043307924951815997,0.010247528058403661,0.010274189971066128,0.98972581005791993,-2.8986035793820975e-11
19,68,0.0013783578209918507,0.0043302388044460334,0.010246217914508587,0.010272947794804465,0.98972705215898993,4.6205594905757152e-11
20,32,0.0014104613560099938,0.0044310950342132949,0.010484864085054673,0.010274189971066128,0.98972581005791993,-2.8986035793820975e-11
20,68,0.0014103374002844323,0.0044307056158165003,0.010483942642627669,0.010272947794804465,0.98972705215898993,4.6205594905757152e-11
21,32,0.001045237844193957,0.003283711532573768,0.0077699234269921671,0.010274189971066128,0.98972581005791993,-2.8986035793820975e-11
21,68,0.001045276908300533,0.0032838342560840062,0.0077702138155563826,0.010272947794804465,0.98972705215898993,4.6205594905757152e-11
22,32,0.00065065999176754151,0.0020441086501217036,0.0048367731240536917,0.010274189971066128,0.98972581005791993,-2.8986035793820975e-11
22,68,0.00065062461984921203,0.0020439975259629365,0.0048365101818932908,0.010272947794804465,0.98972705215898993,4.6205594905757152e-11
23,32,0.00068396444652539035,0.0021487376805207751,0.0050843465014276858,0.010274189971066128,0.98972581005791993,-2.8986035793820975e-11
23,68,0.00068396129824297401,0.0021487277898998647,0.0050843230982248293,0.010272947794804465,0.98972705215898993,4.6205594905757152e-11
24,32,0.00044530326328894357,0.0013989614605681064,0.0033102248227655849,0.010274189971066128,0.98972581005791993,-2.8986035793820975e-11
24,68,0.00044535020202633973,0.0013991089229606791,0.0033105737485123457,0.010272947794804465,0.98972705215898993,4.6205594905757152e-11
25,32,0.00044530326328894357,0.0013989614605681064,0.0033102248227655849,0.010274189971066128,0.98972581005791993,-2.8986035793820975e-11
25,68,0.00044535020202633973,0.0013991089229606791,0.0033105737485123457,0.010272947794804465,0.98972705215898993,4.6205594905757152e-11
26,32,0.00044530326328894357,0.0013989614605681064,0.0033102248227655849,0.010274189971066128,0.98972581005791993,-2.8986035793820975e-11
26,68,0.00044535020202633973,0.0013991089229606791,0.0033105737485123457,0.010272947794804465,0.98972705215898993,4.6205594905757152e-11
27,32,0.0026887525185647675,0.0084469651596441268,0.012995331014837118,0.0052009766524876251,0.99479902357839534,-2.3088297940176972e-10
27,68,0.0026879575016108279,0.0084444675402221506,0.012991488523418693,0.0052012185152390637,0.99479878120595966,2.788013153676161e-10
28,32,0.0013303150053562375,0.004179307847787422,0.006429704381211418,0.0052009766524876251,0.99479902357839534,-2.3088297940176972e-10
28,68,0.0013301513745656256,0.0041787937864977342,0.006428913517688822,0.0052012185152390637,0.99479878120595966,2.788013153676161e-10
29,32,0.0013734877478412265,0.0043149390184135878,0.0066383677206362885,0.0052009766524876251,0.99479902357839534,-2.3088297940176972e-10
29,68,0.0013732928539050531,0.0043143267410554759,0.0066374257554699624,0.0052012185152390637,0.99479878120595966,2.788013153676161e-10
30,32,0.0007696764288331868,0.0024180098144635669,0.003720015099174718,0.0052009766524876251,0.99479902357839534,-2.3088297940176972e-10
30,68,0.00076963858995001972,0.0024178909401061893,0.0037198322155479833,0.0052012185152390637,0.99479878120595966,2.788013153676161e-10
31,32,0.00063298331609224693,0.001988575735680309,0.0030593472856620136,0.0052009766524876251,0.99479902357839534,-2.3088297940176972e-10
31,68,0.00063295063573622014,0.0019884730673138985,0.0030591893343290748,0.0052012185152390637,0.99479878120595966,2.788013153676161e-10
32,32,0.00069078545462170147,0.0021701665094462229,0.0033387177068403429,0.0052009766524876251,0.99479902357839534,-2.3088297940176972e-10
32,68,0.0006907503710136038,0.0021700562910407619,0.0033385481400627103,0.0052012185152390637,0.99479878120595966,2.788013153676161e-10
33,32,0.00044432931241176462,0.0013959017036474038,0.0021475410825344673,0.0052009766524876251,0.99479902357839534,-2.3088297940176972e-10
33,68,0.00044434458123532712,0.0013959496720713368,0.0021476148801097489,0.0052012185152390637,0.99479878120595966,2.788013153676161e-10
34,32,0.00044432931241176462,0.0013959017036474038,0.0021475410825344673,0.0052009766524876251,0.99479902357839534,-2.3088297940176972e-10
34,68,0.00044434458123532712,0.0013959496720713368,0.0021476148801097489,0.0052012185152390637,0.99479878120595966,2.788013153676161e-10
35,32,0.00044432931241176462,0.0013959017036474038,0.0021475410825344673,0.0052009766524876251,0.99479902357839534,-2.3088297940176972e-10
35,68,0.00044434458123532712,0.0013959496720713368,0.0021476148801097489,0.0052012185152390637,0.99479878120595966,2.788013153676161e-10
36,32,0.0016634070207035328,0.0052257472761719041,0.0060341731932296045,0.0034206886539945775,0.996579311339999,6.0064175855245594e-12
36,68,0.0016630070264468018,0.0052244906571534792,0.0060327221745724918,0.0034205777947144546,0.99657942091190677,1.2933787374436179e-09
37,32,0.0013005316533613283,0.0040857406879609365,0.0047178069720665069,0.0034206886539945775,0.996579311339999,6.0064175855245594e-12
37,68,0.0013003966212046184,0.0040853164719294186,0.0047173171295865233,0.0034205777947144546,0.99657942091190677,1.2933787374436179e-09
38,32,0.0013114076908665631,0.0041199087674875486,0.0047572608718912703,0.0034206886539945775,0.996579311339999,6.0064175855245594e-12
38,68,0.0013112220003360464,0.0041193254034810368,0.0047565872611588806,0.0034205777947144546,0.99657942091190677,1.2933787374436179e-09
39,32,0.00064909653953638708,0.0020391969200780702,0.0023546617814754591,0.0034206886539945775,0.996579311339999,6.0064175855245594e-12
39,68,0.00064905018725527051,0.0020390513000922376,0.0023544936339994194,0.0034205777947144546,0.99657942091190677,1.2933787374436179e-09
40,32,0.00063242057947531178,0.0019868078464586394,0.0022941680899619121,0.0034206886539945775,0.996579311339999,6.0064175855245594e-12
40,68,0.00063239796557175356,0.0019867368027853519,0.0022940860557941183,0.0034205777947144546,0.99657942091190677,1.2933787374436179e-09
41,32,0.00068050328617549579,0.0021378641245926502,0.0024685928556488204,0.0034206886539945775,0.996579311339999,6.0064175855245594e-12
41,68,0.00068047834223705942,0.0021377857608989069,0.0024685023690494655,0.0034205777947144546,0.99657942091190677,1.2933787374436179e-09
42,32,0.00046126796345777744,0.0014491160453352788,0.0016732950777226582,0.0034206886539945775,0.996579311339999,6.0064175855245594e-12
42,68,0.00046127840275866688,0.0014491488413662615,0.0016733329473172906,0.0034205777947144546,0.99657942091190677,1.2933787374436179e-09
43,32,0.00046126796345777744,0.0014491160453352788,0.0016732950777226582,0.0034206886539945775,0.996579311339999,6.0064175855245594e-12
43,68,0.00046127840275866688,0.0014491488413662615,0.0016733329473172906,0.0034205777947144546,0.99657942091190677,1.2933787374436179e-09
44,32,0.00046126796345777744,0.0014491160453352788,0.0016732950777226582,0.0034206886539945775,0.996579311339999,6.0064175855245594e-12
44,68,0.00046127840275866688,0.0014491488413662615,0.0016733329473172906,0.0034205777947144546,0.99657942091190677,1.2933787374436179e-09
45,32,0.0013522620090549785,0.0042482563933756946,0.0043349555034445861,0.0028877233190063249,0.99711227619323628,4.8775739003303897e-10
45,68,0.00135236350413306,0.0042485752495673712,0.0043352808669054809,0.0028877280411066177,0.99711227139674596,5.6214743970883774e-10
46,32,0.0012893198229926748,0.0040505176840414797,0.0041331813102464081,0.0028877233190063249,0.99711227619323628,4.8775739003303897e-10
46,68,0.0012892550096194535,0.0040503140668243127,0.0041329735375758292,0.0028877280411066177,0.99711227139674596,5.6214743970883774e-10
47,32,0.0012741949599958688,0.0040030015255641616,0.0040846954342491446,0.0028877233190063249,0.99711227619323628,4.8775739003303897e-10
47,68,0.0012742655768076387,0.0040032233748212376,0.004084921811042079,0.0028877280411066177,0.99711227139674596,5.6214743970883774e-10
48,32,0.00062916756220652431,0.0019765881913050161,0.0020169267258214451,0.0028877233190063249,0.99711227619323628,4.8775739003303897e-10
48,68,0.00062918231519284605,0.0019766345391784628,0.00201697401956986,0.0028877280411066177,0.99711227139674596,5.6214743970883774e-10
49,32,0.00063717843685138825,0.0020017550962381494,0.0020426072410593362,0.0028877233190063249,0.99711227619323628,4.8775739003303897e-10
49,68,0.00063717375499702138,0.0020017403877588651,0.0020425922324070053,0.0028877280411066177,0.99711227139674596,5.6214743970883774e-10
50,32,0.00065455052956378784,0.0020563311350809046,0.0020982970766131679,0.0028877233190063249,0.99711227619323628,4.8775739003303897e-10
50,68,0.00065455686264860266,0.0020563510310536333,0.0020983173786261566,0.0028877280411066177,0.99711227139674596,5.6214743970883774e-10
51,32,0.00047649410635003999,0.0014969503839881192,0.0015275003918246114,0.0028877233190063249,0.99711227619323628,4.8775739003303897e-10
51,68,0.00047651325982893454,0.001497010556416705,0.001527561792261944,0.0028877280411066177,0.99711227139674596,5.6214743970883774e-10
52,32,0.00047649410635003999,0.0014969503839881192,0.0015275003918246114,0.0028877233190063249,0.99711227619323628,4.8775739003303897e-10
52,68,0.00047651325982893454,0.001497010556416705,0.001527561792261944,0.0028877280411066177,0.99711227139674596,5.6214743970883774e-10
53,32,0.00047649410635003999,0.0014969503839881192,0.0015275003918246114,0.0028877233190063249,0.99711227619323628,4.8775739003303897e-10
53,68,0.00047651325982893454,0.001497010556416705,0.001527561792261944,0.0028877280411066177,0.99711227139674596,5.6214743970883774e-10
54,32,0.051637077898729483,0.16222266457949241,1.0814844305299496,0.15343474463900408,0.84656525510533842,2.5565749517397762e-10
54,68,0.051628513149082365,0.16219575762492119,1.0813050508328079,0.15344068643074565,0.84655931284961372,7.1964068037999596e-10
55,32,0.0048774854037096048,0.015323072312285541,0.10215381541523695,0.15343474463900408,0.84656525510533842,2.5565749517397762e-10
55,68,0.0048769513146245495,0.015321394421939569,0.10214262947959712,0.15344068643074565,0.84655931284961372,7.1964068037999596e-10
56,32,0.0046393193787204832,0.014574851677845033,0.097165677852300222,0.15343474463900408,0.84656525510533842,2.5565749517397762e-10
56,68,0.0046388273174327501,0.014573305821718376,0.09715537214478917,0.15344068643074565,0.84655931284961372,7.1964068037999596e-10
57,32,0.0059541022540181617,0.018705363899945884,0.12470242599963924,0.15343474463900408,0.84656525510533842,2.5565749517397762e-10
57,68,0.0059556652265993319,0.018710274123124652,0.12473516082083101,0.15344068643074565,0.84655931284961372,7.1964068037999596e-10
58,32,0.0023046484462759288,0.0072402666279275888,0.04826844418618393,0.15343474463900408,0.84656525510533842,2.5565749517397762e-10
58,68,0.0023044296517184789,0.007239579264553259,0.048263861763688395,0.15344068643074565,0.84655931284961372,7.1964068037999596e-10
59,32,0.0021719337600891835,0.006823331144779835,0.045488874298532232,0.15343474463900408,0.84656525510533842,2.5565749517397762e-10
59,68,0.0021719676403673602,0.0068234375828128569,0.045489583885419051,0.15344068643074565,0.84655931284961372,7.1964068037999596e-10
60,32,0.0015575421309157061,0.0048931629161413741,0.032621086107609165,0.15343474463900408,0.84656525510533842,2.5565749517397762e-10
60,68,0.0015579819462380555,0.0048945446367270034,0.032630297578180027,0.15344068643074565,0.84655931284961372,7.1964068037999596e-10
61,32,0.0015575421309157061,0.0048931629161413741,0.032621086107609165,0.15343474463900408,0.84656525510533842,2.5565749517397762e-10
61,68,0.0015579819462380555,0.0048945446367270034,0.032630297578180027,0.15344068643074565,0.84655931284961372,7.1964068037999596e-10
62,32,0.0015575421309157061,0.0048931629161413741,0.032621086107609165,0.15343474463900408,0.84656525510533842,2.5565749517397762e-10
62,68,0.0015579819462380555,0.0048945446367270034,0.032630297578180027,0.15344068643074565,0.84655931284961372,7.1964068037999596e-10
63,32,0.02967540884187778,0.093228046409916818,0.31076015469972273,0.058534018130423006,0.94146598206508469,-1.9550772112353343e-10
63,68,0.02967032175363989,0.093212064850880502,0.31070688283626835,0.058532315839512378,0.9414676840571784,1.033092500435373e-10
64,32,0.0050286515297443581,0.015797974703307949,0.052659915677693167,0.058534018130423006,0.94146598206508469,-1.9550772112353343e-10
64,68,0.0050284326911010308,0.015797287201433752,0.052657624004779177,0.058532315839512378,0.9414676840571784,1.033092500435373e-10
65,32,0.0049355439723609475,0.015505468685038538,0.05168489561679513,0.058534018130423006,0.94146598206508469,-1.9550772112353343e-10
65,68,0.0049352396708856961,0.015504512693759411,0.051681708979198035,0.058532315839512378,0.9414676840571784,1.033092500435373e-10
66,32,0.0046487180767346321,0.014604378558479592,0.048681261861598643,0.058534018130423006,0.94146598206508469,-1.9550772112353343e-10
66,68,0.0046493937148285088,0.014606501138151802,0.048688337127172673,0.058532315839512378,0.9414676840571784,1.033092500435373e-10
67,32,0.0023505339193116179,0.0073844200929230018,0.024614733643076675,0.058534018130423006,0.94146598206508469,-1.9550772112353343e-10
67,68,0.0023504501979786764,0.0073841570745984851,0.024613856915328285,0.058532315839512378,0.9414676840571784,1.033092500435373e-10
68,32,0.0023424156150460432,0.0073589156878826664,0.024529718959608888,0.058534018130423006,0.94146598206508469,-1.9550772112353343e-10
68,68,0.0023424821050325355,0.0073591245723357681,0.024530415241119229,0.058532315839512378,0.9414676840571784,1.033092500435373e-10
69,32,0.0015840926316301777,0.0049765737741350883,0.016588579247116961,0.058534018130423006,0.94146598206508469,-1.9550772112353343e-10
69,68,0.0015844367548001066,0.0049776548689576669,0.016592182896525556,0.058532315839512378,0.9414676840571784,1.033092500435373e-10
70,32,0.0015840926316301777,0.0049765737741350883,0.016588579247116961,0.058534018130423006,0.94146598206508469,-1.9550772112353343e-10
70,68,0.0015844367548001066,0.0049776548689576669,0.016592182896525556,0.058532315839512378,0.9414676840571784,1.033092500435373e-10
71,32,0.0015840926316301777,0.0049765737741350883,0.016588579247116961,0.058534018130423006,0.94146598206508469,-1.9550772112353343e-10
71,68,0.0015844367548001066,0.0049776548689576669,0.016592182896525556,0.058532315839512378,0.9414676840571784,1.033092500435373e-10
72,32,0.019025244875770297,0.05976956953446682,0.14142685005679873,0.034128103121691435,0.96587189718614974,-3.0784119697813139e-10
72,68,0.019026905679159309,0.059774787102192799,0.14143919587381215,0.034126739834151237,0.9658732599716161,1.9423262997975144e-10
73,32,0.0049013595407179384,0.015398075125721718,0.036434949739983839,0.034128103121691435,0.96587189718614974,-3.0784119697813139e-10
73,68,0.0049014735448696996,0.01539843328032737,0.036435797205978747,0.034126739834151237,0.9658732599716161,1.9423262997975144e-10
74,32,0.0049047264329927856,0.015408652529757805,0.036459978010159669,0.034128103121691435,0.96587189718614974,-3.0784119697813139e-10
74,68,0.0049048823115764688,0.015409142236771157,0.036461136755669941,0.034126739834151237,0.9658732599716161,1.9423262997975144e-10
75,32,0.0037264337014775262,0.011706936740651217,0.027700972249595061,0.034128103121691435,0.96587189718614974,-3.0784119697813139e-10
75,68,0.0037268638317964815,0.011708288034901333,0.027704169684188987,0.034126739834151237,0.9658732599716161,1.9423262997975144e-10
76,32,0.0022835618708981339,0.007174021197631341,0.016975180315404861,0.034128103121691435,0.96587189718614974,-3.0784119697813139e-10
76,68,0.002283662148153376,0.0071743362279197316,0.016975925740571992,0.034126739834151237,0.9658732599716161,1.9423262997975144e-10
77,32,0.002363308437355105,0.0074245524249615712,0.017567987702142792,0.034128103121691435,0.96587189718614974,-3.0784119697813139e-10
77,68,0.0023635056866141762,0.0074251721017847957,0.017569453982422947,0.034126739834151237,0.9658732599716161,1.9423262997975144e-10
78,32,0.0015473031874540671,0.0048609963265817679,0.01150209720365626,0.034128103121691435,0.96587189718614974,-3.0784119697813139e-10
78,68,0.0015475748076663866,0.0048618496466453567,0.011504116330941658,0.034126739834151237,0.9658732599716161,1.9423262997975144e-10
79,32,0.0015473031874540671,0.0048609963265817679,0.01150209720365626,0.034128103121691435,0.96587189718614974,-3.0784119697813139e-10
79,68,0.0015475748076663866,0.0048618496466453567,0.011504116330941658,0.034126739834151237,0.9658732599716161,1.9423262997975144e-10
80,32,0.0015473031874540671,0.0048609963265817679,0.01150209720365626,0.034128103121691435,0.96587189718614974,-3.0784119697813139e-10
80,68,0.0015475748076663866,0.0048618496466453567,0.011504116330941658,0.034126739834151237,0.9658732599716161,1.9423262997975144e-10
81,32,0.0096136407094291488,0.03020214302699438,0.046464835426145198,0.01738946969987297,0.98261053017905531,1.2107170821451518e-10
81,68,0.0096122745515180331,0.030197851115337175,0.046458232485134116,0.017389707722690585,0.98261029233429276,-5.6983306961910785e-11
82,32,0.004684772145643553,0.014717645756495878,0.02264253193307058,0.01738946969987297,0.98261053017905531,1.2107170821451518e-10
82,68,0.0046847266616098174,0.014717502864189639,0.022642312098753288,0.017389707722690585,0.98261029233429276,-5.6983306961910785e-11
83,32,0.0047529999837339111,0.014931989831410862,0.022972292048324402,0.01738946969987297,0.98261053017905531,1.2107170821451518e-10
83,68,0.004752779645879961,0.014931297619627583,0.022971227107119359,0.017389707722690585,0.98261029233429276,-5.6983306961910785e-11
84,32,0.0027094252185889201,0.0085119103621698715,0.013095246711030571,0.01738946969987297,0.98261053017905531,1.2107170821451518e-10
84,68,0.002709494738314209,0.0085121287648281183,0.013095582715120182,0.017389707722690585,0.98261029233429276,-5.6983306961910785e-11
85,32,0.0021993989349267992,0.0069096155362792476,0.01063017774812192,0.01738946969987297,0.98261053017905531,1.2107170821451518e-10
85,68,0.0021994170809874931,0.0069096725438102151,0.010630265452015715,0.017389707722690585,0.98261029233429276,-5.6983306961910785e-11
86,32,0.0023710658344407365,0.0074489230066567703,0.011459881548702724,0.01738946969987297,0.98261053017905531,1.2107170821451518e-10
86,68,0.0023710052198779347,0.0074487325803915721,0.011459588585217803,0.017389707722690585,0.98261029233429276,-5.6983306961910785e-11
87,32,0.001527945066644572,0.0048001809964593545,0.0073848938407066987,0.01738946969987297,0.98261053017905531,1.2107170821451518e-10
87,68,0.0015280542284595779,0.0048005239384154297,0.0073854214437160453,0.017389707722690585,0.98261029233429276,-5.6983306961910785e-11
88,32,0.001527945066644572,0.0048001809964593545,0.0073848938407066987,0.01738946969987297,0.98261053017905531,1.2107170821451518e-10
88,68,0.0015280542284595779,0.0048005239384154297,0.0073854214437160453,0.017389707722690585,0.98261029233429276,-5.6983306961910785e-11
89,32,0.001527945066644572,0.0048001809964593545,0.0073848938407066987,0.01738946969987297,0.98261053017905531,1.2107170821451518e-10
89,68,0.0015280542284595779,0.0048005239384154297,0.0073854214437160453,0.017389707722690585,0.98261029233429276,-5.6983306961910785e-11
90,32,0.0058717976221518333,0.018446796273118217,0.021300525587941974,0.011422572959624969,0.98857742661539028,4.2498471408691785e-10
90,68,0.0058709725304940067,0.018444204171227448,0.02129753248649317,0.01142242335567098,0.98857757704192184,-3.9759284753415614e-10
91,32,0.0045438937902630774,0.014275063350182764,0.01648342333585396,0.011422572959624969,0.98857742661539028,4.2498471408691785e-10
91,68,0.0045438695598335639,0.014274987228043412,0.016483335437578666,0.01142242335567098,0.98857757704192184,-3.9759284753415614e-10
92,32,0.0045326901238585404,0.014239865994112999,0.016442780929850676,0.011422572959624969,0.98857742661539028,4.2498471408691785e-10
92,68,0.0045324373448152773,0.014239071865327703,0.01644186394891475,0.01142242335567098,0.98857757704192184,-3.9759284753415614e-10
93,32,0.0022540659194803772,0.0070813569333466756,0.0081768466633910519,0.011422572959624969,0.98857742661539028,4.2498471408691785e-10
93,68,0.0022539383943057647,0.007080956301194965,0.0081763840532297783,0.01142242335567098,0.98857757704192184,-3.9759284753415614e-10
94,32,0.0021792061331674757,0.0068461779786167616,0.0079052853977489498,0.011422572959624969,0.98857742661539028,4.2498471408691785e-10
94,68,0.0021792274399861566,0.0068462449159618017,0.0079053626903373055,0.01142242335567098,0.98857757704192184,-3.9759284753415614e-10
95,32,0.0023272535582500673,0.0073112826816391172,0.0084423420487315867,0.011422572959624969,0.98857742661539028,4.2498471408691785e-10
95,68,0.0023272586655411526,0.0073112987266672706,0.008442360575934232,0.01142242335567098,0.98857757704192184,-3.9759284753415614e-10
96,32,0.0015727120287423707,0.0049408205557093313,0.0057051681557128368,0.011422572959624969,0.98857742661539028,4.2498471408691785e-10
96,68,0.0015727911898331085,0.0049410692476104436,0.0057054553203849424,0.01142242335567098,0.98857757704192184,-3.9759284753415614e-10
97,32,0.0015727120287423707,0.0049408205557093313,0.0057051681557128368,0.011422572959624969,0.98857742661539028,4.2498471408691785e-10
97,68,0.0015727911898331085,0.0049410692476104436,0.0057054553203849424,0.01142242335567098,0.98857757704192184,-3.9759284753415614e-10
98,32,0.0015727120287423707,0.0049408205557093313,0.0057051681557128368,0.011422572959624969,0.98857742661539028,4.2498471408691785e-10
98,68,0.0015727911898331085,0.0049410692476104436,0.0057054553203849424,0.01142242335567098,0.98857757704192184,-3.9759284753415614e-10
99,32,0.0047277843462666461,0.014852772569988118,0.015155890377538896,0.0096340753588450498,0.99036592492185094,-2.8069602198144139e-10
99,68,0.0047284770896462887,0.014854948887500425,0.015158111109694311,0.0096340883203661996,0.99036591139686425,2.827695855245338e-10
100,32,0.0044894031755256768,0.014103876035234155,0.014391710240034853,0.0096340753588450498,0.99036592492185094,-2.8069602198144139e-10
100,68,0.0044895590944209248,0.014104365868890021,0.01439221007029594,0.0096340883203661996,0.99036591139686425,2.827695855245338e-10
101,32,0.0044183519762200918,0.013880662109466984,0.014163940928027535,0.0096340753588450498,0.99036592492185094,-2.8069602198144139e-10
101,68,0.0044190291821679635,0.013882789614697785,0.014166111851732435,0.0096340883203661996,0.99036591139686425,2.827695855245338e-10
102,32,0.0021664387133229052,0.0068060679462277627,0.0069449672920691456,0.0096340753588450498,0.99036592492185094,-2.8069602198144139e-10
102,68,0.0021665896357372393,0.0068065420829758966,0.0069454511050774459,0.0096340883203661996,0.99036591139686425,2.827695855245338e-10
103,32,0.0021876435343686279,0.0068726848562456911,0.0070129437308629498,0.0096340753588450498,0.99036592492185094,-2.8069602198144139e-10
103,68,0.0021877056997693144,0.0068728801546117961,0.0070131430149099963,0.0096340883203661996,0.99036591139686425,2.827695855245338e-10
104,32,0.0022407526222253202,0.0070395319764951312,0.0071831958943827873,0.0096340753588450498,0.99036592492185094,-2.8069602198144139e-10
104,68,0.0022408502524948262,0.0070398386910325789,0.0071835088684005909,0.0096340883203661996,0.99036591139686425,2.827695855245338e-10
105,32,0.0016186246476822617,0.0050850593020779601,0.0051888360225285307,0.0096340753588450498,0.99036592492185094,-2.8069602198144139e-10
105,68,0.001618719946027958,0.0050853586906606995,0.005189141521082347,0.0096340883203661996,0.99036591139686425,2.827695855245338e-10
106,32,0.0016186246476822617,0.0050850593020779601,0.0051888360225285307,0.0096340753588450498,0.99036592492185094,-2.8069602198144139e-10
106,68,0.001618719946027958,0.0050853586906606995,0.005189141521082347,0.0096340883203661996,0.99036591139686425,2.827695855245338e-10
107,32,0.0016186246476822617,0.0050850593020779601,0.0051888360225285307,0.0096340753588450498,0.99036592492185094,-2.8069602198144139e-10
107,68,0.001618719946027958,0.0050853586906606995,0.005189141521082347,0.0096340883203661996,0.99036591139686425,2.827695855245338e-10
108,32,0.11333624294529887,0.35605630822241896,2.3737087214827932,0.32653092777130732,0.67346907189584537,3.3284730527327611e-10
108,68,0.1133300814664967,0.35603695136587882,2.3735796757725254,0.32653944119165496,0.67346055887777123,-6.9426131510397227e-11
109,32,0.012692404490486569,0.039874364703702703,0.26582909802468468,0.32653092777130732,0.67346907189584537,3.3284730527327611e-10
109,68,0.012691778653806746,0.039872398579787027,0.26581599053191352,0.32653944119165496,0.67346055887777123,-6.9426131510397227e-11
110,32,0.011666201114756233,0.036650451717419236,0.24433634478279492,0.32653092777130732,0.67346907189584537,3.3284730527327611e-10
110,68,0.01166562076348558,0.036648628490130855,0.24432418993420571,0.32653944119165496,0.67346055887777123,-6.9426131510397227e-11
111,32,0.014746674581454892,0.046328044529978026,0.30885363019985351,0.32653092777130732,0.67346907189584537,3.3284730527327611e-10
111,68,0.014748255357107831,0.046333010683156275,0.30888673788770854,0.32653944119165496,0.67346055887777123,-6.9426131510397227e-11
112,32,0.0059854273648085529,0.018803774637877864,0.12535849758585244,0.32653092777130732,0.67346907189584537,3.3284730527327611e-10
112,68,0.0059851891341222985,0.018803026214104068,0.12535350809402712,0.32653944119165496,0.67346055887777123,-6.9426131510397227e-11
113,32,0.0055407050201554519,0.017406638187028454,0.1160442545801897,0.32653092777130732,0.67346907189584537,3.3284730527327611e-10
113,68,0.0055404960075743741,0.017405981554639231,0.11603987703092822,0.32653944119165496,0.67346055887777123,-6.9426131510397227e-11
114,32,0.003979330409151857,0.012501435179597939,0.083342901197319602,0.32653092777130732,0.67346907189584537,3.3284730527327611e-10
114,68,0.0039796173252199477,0.01250233655300965,0.083348910353397671,0.32653944119165496,0.67346055887777123,-6.9426131510397227e-11
115,32,0.003979330409151857,0.012501435179597939,0.083342901197319602,0.32653092777130732,0.67346907189584537,3.3284730527327611e-10
115,68,0.0039796173252199477,0.01250233655300965,0.083348910353397671,0.32653944119165496,0.67346055887777123,-6.9426131510397227e-11
116,32,0.003979330409151857,0.012501435179597939,0.083342901197319602,0.32653092777130732,0.67346907189584537,3.3284730527327611e-10
116,68,0.0039796173252199477,0.01250233655300965,0.083348910353397671,0.32653944119165496,0.67346055887777123,-6.9426131510397227e-11
117,32,0.084678511317347827,0.26602538907150008,0.88675129690500032,0.15859146467204668,0.84140853537828542,-5.0332071843683934e-11
117,68,0.08467360681242489,0.26600998111486468,0.88669993704954897,0.15859185743711582,0.84140814300597555,-4.4309134139552953e-10
118,32,0.01563115948322856,0.049106735799601273,0.16368911933200425,0.15859146467204668,0.84140853537828542,-5.0332071843683934e-11
118,68,0.015630848820497301,0.049105759823847003,0.16368586607949001,0.15859185743711582,0.84140814300597555,-4.4309134139552953e-10
119,32,0.014744505344234153,0.046321229670261456,0.15440409890087153,0.15859146467204668,0.84140853537828542,-5.0332071843683934e-11
119,68,0.014744172746286404,0.046320184782992213,0.1544006159433074,0.15859185743711582,0.84140814300597555,-4.4309134139552953e-10
120,32,0.014508204840450508,0.045578869743535193,0.15192956581178399,0.15859146467204668,0.84140853537828542,-5.0332071843683934e-11
120,68,0.014509572753502245,0.045583167169129281,0.15194389056376428,0.15859185743711582,0.84140814300597555,-4.4309134139552953e-10
121,32,0.0073746865200069994,0.023168260993781668,0.077227536645938899,0.15859146467204668,0.84140853537828542,-5.0332071843683934e-11
121,68,0.0073746052001527236,0.023168005519924883,0.077226685066416279,0.15859185743711582,0.84140814300597555,-4.4309134139552953e-10
122,32,0.0071487078231595256,0.022458327979897847,0.074861093266326159,0.15859146467204668,0.84140853537828542,-5.0332071843683934e-11
122,68,0.007148776040181215,0.022458542289992035,0.074861807633306784,0.15859185743711582,0.84140814300597555,-4.4309134139552953e-10
123,32,0.0048956029260838882,0.015379990187477838,0.051266633958259464,0.15859146467204668,0.84140853537828542,-5.0332071843683934e-11
123,68,0.0048962380454368841,0.015381985473771363,0.051273284912571215,0.15859185743711582,0.84140814300597555,-4.4309134139552953e-10
124,32,0.0048956029260838882,0.015379990187477838,0.051266633958259464,0.15859146467204668,0.84140853537828542,-5.0332071843683934e-11
124,68,0.0048962380454368841,0.015381985473771363,0.051273284912571215,0.15859185743711582,0.84140814300597555,-4.4309134139552953e-10
125,32,0.0048956029260838882,0.015379990187477838,0.051266633958259464,0.15859146467204668,0.84140853537828542,-5.0332071843683934e-11
125,68,0.0048962380454368841,0.015381985473771363,0.051273284912571215,0.15859185743711582,0.84140814300597555,-4.4309134139552953e-10
126,32,0.058564385370883196,0.1839854428431682,0.43534664613251811,0.098724229359454227,0.9012757708387773,-1.9823154229214879e-10
126,68,0.058565326538281587,0.18398839960775279,0.43535364243355917,0.098723690175976361,0.90127631047132561,-6.4730198978679709e-10
127,32,0.015705028664856423,0.049338802677930053,0.11674555300736683,0.098724229359454227,0.9012757708387773,-1.9823154229214879e-10
127,68,0.015705067687567749,0.049338925271393282,0.11674584308821361,0.098723690175976361,0.90127631047132561,-6.4730198978679709e-10
128,32,0.015115573008676384,0.047486973118857898,0.1123637509729617,0.098724229359454227,0.9012757708387773,-1.9823154229214879e-10
128,68,0.015115491807462836,0.047486718017721953,0.11236314735224996,0.098723690175976361,0.90127631047132561,-6.4730198978679709e-10
129,32,0.012228139874221881,0.03841583439592388,0.090899608165759288,0.098724229359454227,0.9012757708387773,-1.9823154229214879e-10
129,68,0.012227860558961946,0.038414956901155234,0.090897531836248519,0.098723690175976361,0.90127631047132561,-6.4730198978679709e-10
130,32,0.007405075131054234,0.023263729631000457,0.055046673882904969,0.098724229359454227,0.9012757708387773,-1.9823154229214879e-10
130,68,0.0074052228511983977,0.023264193707520149,0.055047771981500571,0.098723690175976361,0.90127631047132561,-6.4730198978679709e-10
131,32,0.0074404896782276804,0.023374987712230764,0.055309932930850632,0.098724229359454227,0.9012757708387773,-1.9823154229214879e-10
131,68,0.0074409028914969111,0.023376285860001747,0.055313004610161497,0.098723690175976361,0.90127631047132561,-6.4730198978679709e-10
132,32,0.0049403176026255342,0.015520465486808717,0.036724550006150498,0.098724229359454227,0.9012757708387773,-1.9823154229214879e-10
132,68,0.0049406313073179836,0.015521451019165912,0.036726881974374341,0.098723690175976361,0.90127631047132561,-6.4730198978679709e-10
133,32,0.0049403176026255342,0.015520465486808717,0.036724550006150498,0.098724229359454227,0.9012757708387773,-1.9823154229214879e-10
133,68,0.0049406313073179836,0.015521451019165912,0.036726881974374341,0.098723690175976361,0.90127631047132561,-6.4730198978679709e-10
134,32,0.0049403176026255342,0.015520465486808717,0.036724550006150498,0.098724229359454227,0.9012757708387773,-1.9823154229214879e-10
134,68,0.0049406313073179836,0.015521451019165912,0.036726881974374341,0.098723690175976361,0.90127631047132561,-6.4730198978679709e-10
135,32,0.030798717900983871,0.096757025897715385,0.14885696291956213,0.052002391841966082,0.94799760792745769,2.3057622478006579e-10
135,68,0.030796067507695903,0.096748699441632779,0.14884415298712736,0.052002521189058105,0.94799747924290068,-4.3195880206070569e-10
136,32,0.015020385002402444,0.047187931177637824,0.072596817196365876,0.052002391841966082,0.94799760792745769,2.3057622478006579e-10
136,68,0.015020219063900837,0.04718740986646023,0.072596015179169582,0.052002521189058105,0.94799747924290068,-4.3195880206070569e-10
137,32,0.01476824757905677,0.046395818100759996,0.071378181693476914,0.052002391841966082,0.94799760792745769,2.3057622478006579e-10
137,68,0.014767799794592265,0.046394411344375913,0.07137601745288602,0.052002521189058105,0.94799747924290068,-4.3195880206070569e-10
138,32,0.0089722734090511534,0.028187228227874152,0.043364966504421773,0.052002391841966082,0.94799760792745769,2.3057622478006579e-10
138,68,0.0089723827673726109,0.028187571787173453,0.043365495057189923,0.052002521189058105,0.94799747924290068,-4.3195880206070569e-10
139,32,0.0071390022361813611,0.02242783697914847,0.034504364583305337,0.052002391841966082,0.94799760792745769,2.3057622478006579e-10
139,68,0.0071390253614150578,0.022427909629212765,0.034504476352635025,0.052002521189058105,0.94799747924290068,-4.3195880206070569e-10
140,32,0.0075011362477976759,0.023565514529657286,0.036254637737934282,0.052002391841966082,0.94799760792745769,2.3057622478006579e-10
140,68,0.007500621671296461,0.023563897939901358,0.036252150676771316,0.052002521189058105,0.94799747924290068,-4.3195880206070569e-10
141,32,0.0048756750931791947,0.015317385054022489,0.023565207775419213,0.052002391841966082,0.94799760792745769,2.3057622478006579e-10
141,68,0.0048757524583637538,0.015317628103917942,0.023565581698335294,0.052002521189058105,0.94799747924290068,-4.3195880206070569e-10
142,32,0.0048756750931791947,0.015317385054022489,0.023565207775419213,0.052002391841966082,0.94799760792745769,2.3057622478006579e-10
142,68,0.0048757524583637538,0.015317628103917942,0.023565581698335294,0.052002521189058105,0.94799747924290068,-4.3195880206070569e-10
143,32,0.0048756750931791947,0.015317385054022489,0.023565207775419213,0.052002391841966082,0.94799760792745769,2.3057622478006579e-10
143,68,0.0048757524583637538,0.015317628103917942,0.023565581698335294,0.052002521189058105,0.94799747924290068,-4.3195880206070569e-10
144,32,0.018788632560853787,0.059026230024176236,0.068157619587413842,0.034271970858115147,0.96572802973763194,-5.9574711830379101e-10
144,68,0.018786688189873321,0.059020121602588155,0.068150566189717432,0.034271930121590057,0.96572807076722922,-8.8881924042993887e-10
145,32,0.014411725115377489,0.045275769748025434,0.052279955703579996,0.034271970858115147,0.96572802973763194,-5.9574711830379101e-10
145,68,0.014411593014877249,0.045275354742064344,0.052279476495973295,0.034271930121590057,0.96572807076722922,-8.8881924042993887e-10
146,32,0.014110585712726784,0.044329712412951562,0.051187542789432557,0.034271970858115147,0.96572802973763194,-5.9574711830379101e-10
146,68,0.014109944212678426,0.044327697081112359,0.051185215684672811,0.034271930121590057,0.96572807076722922,-8.8881924042993887e-10
147,32,0.0073357678667429847,0.02304599443859983,0.026611222185736458,0.034271970858115147,0.96572802973763194,-5.9574711830379101e-10
147,68,0.0073348999170022109,0.023043267694070529,0.026608073612360453,0.034271930121590057,0.96572807076722922,-8.8881924042993887e-10
148,32,0.0069880320583922415,0.021953550177695028,0.02534977620952036,0.034271970858115147,0.96572802973763194,-5.9574711830379101e-10
148,68,0.0069880607251182007,0.021953640236870704,0.025349880200898997,0.034271930121590057,0.96572807076722922,-8.8881924042993887e-10
149,32,0.0073413071737882156,0.023063396684919104,0.026631316568930332,0.034271970858115147,0.96572802973763194,-5.9574711830379101e-10
149,68,0.0073412986053458234,0.023063369766363431,0.026631285486059603,0.034271930121590057,0.96572807076722922,-8.8881924042993887e-10
150,32,0.0049512328678314853,0.015554756803791717,0.017961086055696619,0.034271970858115147,0.96572802973763194,-5.9574711830379101e-10
150,68,0.0049513079856502553,0.015554992793379319,0.017961358553000475,0.034271930121590057,0.96572807076722922,-8.8881924042993887e-10
151,32,0.0049512328678314853,0.015554756803791717,0.017961086055696619,0.034271970858115147,0.96572802973763194,-5.9574711830379101e-10
151,68,0.0049513079856502553,0.015554992793379319,0.017961358553000475,0.034271930121590057,0.96572807076722922,-8.8881924042993887e-10
152,32,0.0049512328678314853,0.015554756803791717,0.017961086055696619,0.034271970858115147,0.96572802973763194,-5.9574711830379101e-10
152,68,0.0049513079856502553,0.015554992793379319,0.017961358553000475,0.034271930121590057,0.96572807076722922,-8.8881924042993887e-10
153,32,0.014988343826727975,0.047087270855526532,0.048048235566863808,0.028885370943623777,0.97111462939782234,-3.4144609362130041e-10
153,68,0.014988680406174218,0.0470883282510422,0.048049314541879794,0.028885356784479715,0.97111464299809735,2.1742296851812171e-10
154,32,0.014157514581195688,0.044477143801374748,0.045384840613647705,0.028885370943623777,0.97111462939782234,-3.4144609362130041e-10
154,68,0.014157510111016828,0.044477129757893683,0.04538482628356498,0.028885356784479715,0.97111464299809735,2.1742296851812171e-10
155,32,0.013842705979222927,0.043488143410130249,0.044375656540949236,0.028885370943623777,0.97111462939782234,-3.4144609362130041e-10
155,68,0.013844086196789077,0.043492479491496421,0.044380081113771862,0.028885356784479715,0.97111464299809735,2.1742296851812171e-10
156,32,0.0069430288769104656,0.021812168513363712,0.022257314809554809,0.028885370943623777,0.97111462939782234,-3.4144609362130041e-10
156,68,0.0069433196695688135,0.021813082065442895,0.022258247005553976,0.028885356784479715,0.97111464299809735,2.1742296851812171e-10
157,32,0.0069686007319068348,0.021892504865158969,0.022339290678733643,0.028885370943623777,0.97111462939782234,-3.4144609362130041e-10
157,68,0.0069686122676680595,0.021892541105821686,0.02233932765900172,0.028885356784479715,0.97111464299809735,2.1742296851812171e-10
158,32,0.007092945675694848,0.022283146027074426,0.022737904109259618,0.028885370943623777,0.97111462939782234,-3.4144609362130041e-10
158,68,0.0070930183362451363,0.022283374296925416,0.022738137037678997,0.028885356784479715,0.97111464299809735,2.1742296851812171e-10
159,32,0.0050587808039675641,0.015892628609865567,0.016216967969250578,0.028885370943623777,0.97111462939782234,-3.4144609362130041e-10
159,68,0.0050588143386163841,0.015892733962071939,0.016217075471501977,0.028885356784479715,0.97111464299809735,2.1742296851812171e-10
160,32,0.0050587808039675641,0.015892628609865567,0.016216967969250578,0.028885370943623777,0.97111462939782234,-3.4144609362130041e-10
160,68,0.0050588143386163841,0.015892733962071939,0.016217075471501977,0.028885356784479715,0.97111464299809735,2.1742296851812171e-10
161,32,0.0050587808039675641,0.015892628609865567,0.016216967969250578,0.028885370943623777,0.97111462939782234,-3.4144609362130041e-10
161,68,0.0050588143386163841,0.015892733962071939,0.016217075471501977,0.028885356784479715,0.97111464299809735,2.1742296851812171e-10
162,32,0.15569874464727843,0.48914203235704301,3.2609468823802867,0.51530937405305655,0.48469062599884383,-5.190037288826943e-11
162,68,0.15569272263102249,0.4891231136350136,3.2608207575667576,0.51531859849587069,0.48468140150118905,2.9402591472660333e-12
163,32,0.024136036596636282,0.075825595258766934,0.50550396839177958,0.51530937405305655,0.48469062599884383,-5.190037288826943e-11
163,68,0.02413534153150217,0.075823411647247846,0.50548941098165234,0.51531859849587069,0.48468140150118905,2.9402591472660333e-12
164,32,0.021663273258793823,0.068057180122534894,0.45371453415023266,0.51530937405305655,0.48469062599884383,-5.190037288826943e-11
164,68,0.021662699290254522,0.06805537694718844,0.4537025129812563,0.51531859849587069,0.48468140150118905,2.9402591472660333e-12
165,32,0.025883886515417089,0.081316627723186236,0.54211085148790827,0.51530937405305655,0.48469062599884383,-5.190037288826943e-11
165,68,0.025885227049625727,0.081320839135607975,0.54213892757071991,0.51531859849587069,0.48468140150118905,2.9402591472660333e-12
166,32,0.012329297508568199,0.038733630476840794,0.25822420317893863,0.51530937405305655,0.48469062599884383,-5.190037288826943e-11
166,68,0.01232900337194209,0.03873270641937706,0.25821804279584709,0.51531859849587069,0.48468140150118905,2.9402591472660333e-12
167,32,0.011326351678909479,0.035582783226436439,0.2372185548429096,0.51530937405305655,0.48469062599884383,-5.190037288826943e-11
167,68,0.011326004042996676,0.035581691096006653,0.23721127397337768,0.51531859849587069,0.48468140150118905,2.9402591472660333e-12
168,32,0.0080921088394629997,0.025422109682105988,0.16948073121403992,0.51530937405305655,0.48469062599884383,-5.190037288826943e-11
168,68,0.0080922193386482356,0.02542245682553455,0.16948304550356366,0.51531859849587069,0.48468140150118905,2.9402591472660333e-12
169,32,0.0080921088394629997,0.025422109682105988,0.16948073121403992,0.51530937405305655,0.48469062599884383,-5.190037288826943e-11
169,68,0.0080922193386482356,0.02542245682553455,0.16948304550356366,0.51531859849587069,0.48468140150118905,2.9402591472660333e-12
170,32,0.0080921088394629997,0.025422109682105988,0.16948073121403992,0.51530937405305655,0.48469062599884383,-5.190037288826943e-11
170,68,0.0080922193386482356,0.02542245682553455,0.16948304550356366,0.51531859849587069,0.48468140150118905,2.9402591472660333e-12
171,32,0.16584230709857942,0.52100897363527954,1.7366965787842652,0.36333469210739011,0.63666530819459377,-3.0198388234481399e-10
171,68,0.16583909927377433,0.52099889595643778,1.7366629865214593,0.36333601916201358,0.63666398086272669,-2.4740320903049451e-11
172,32,0.040561652306774075,0.12742818890442492,0.42476062968141642,0.36333469210739011,0.63666530819459377,-3.0198388234481399e-10
172,68,0.040561357456755411,0.12742726260577236,0.42475754201924121,0.36333601916201358,0.63666398086272669,-2.4740320903049451e-11
173,32,0.036823441472944259,0.1156842532112954,0.38561417737098469,0.36333469210739011,0.63666530819459377,-3.0198388234481399e-10
173,68,0.036823272329653808,0.11568372183197671,0.38561240610658903,0.36333601916201358,0.63666398086272669,-2.4740320903049451e-11
174,32,0.038841268258207648,0.12202344301609556,0.40674481005365187,0.36333469210739011,0.63666530819459377,-3.0198388234481399e-10
174,68,0.038843338581499298,0.12202994712853917,0.40676649042846391,0.36333601916201358,0.63666398086272669,-2.4740320903049451e-11
175,32,0.021775303804871728,0.068409134463070884,0.2280304482102363,0.36333469210739011,0.63666530819459377,-3.0198388234481399e-10
175,68,0.021775234572961957,0.068408916964611766,0.22802972321537257,0.36333601916201358,0.63666398086272669,-2.4740320903049451e-11
176,32,0.020478769926820128,0.064335953156653705,0.21445317718884568,0.36333469210739011,0.63666530819459377,-3.0198388234481399e-10
176,68,0.020478787975239679,0.064336009857435969,0.21445336619145325,0.36333601916201358,0.63666398086272669,-2.4740320903049451e-11
177,32,0.014388664968209647,0.045203324159092242,0.15067774719697416,0.36333469210739011,0.63666530819459377,-3.0198388234481399e-10
177,68,0.014389597641451379,0.045206254238496668,0.15068751412832224,0.36333601916201358,0.63666398086272669,-2.4740320903049451e-11
178,32,0.014388664968209647,0.045203324159092242,0.15067774719697416,0.36333469210739011,0.63666530819459377,-3.0198388234481399e-10
178,68,0.014389597641451379,0.045206254238496668,0.15068751412832224,0.36333601916201358,0.63666398086272669,-2.4740320903049451e-11
179,32,0.014388664968209647,0.045203324159092242,0.15067774719697416,0.36333469210739011,0.63666530819459377,-3.0198388234481399e-10
179,68,0.014389597641451379,0.045206254238496668,0.15068751412832224,0.36333601916201358,0.63666398086272669,-2.4740320903049451e-11
180,32,0.13870762844638349,0.43576286652402096,1.0311027846482093,0.26926922077323762,0.73073077952635923,-2.9959690284186991e-10
180,68,0.13870819854924024,0.43576465755496752,1.0311070225884704,0.26926856243682634,0.73073143761440174,-5.1228021824556436e-11
181,32,0.046021484653441892,0.14458075809454846,0.34210721869670896,0.26926922077323762,0.73073077952635923,-2.9959690284186991e-10
181,68,0.046021453742796342,0.14458066098589148,0.34210698891805108,0.26926856243682634,0.73073143761440174,-5.1228021824556436e-11
182,32,0.042413291251181262,0.13324528420927531,0.31528520244359187,0.26926922077323762,0.73073077952635923,-2.9959690284186991e-10
182,68,0.042412786704635393,0.13324369912955339,0.31528145182544443,0.26926856243682634,0.73073143761440174,-5.1228021824556436e-11
183,32,0.039611558231186547,0.12444338033633996,0.29445812356469614,0.26926922077323762,0.73073077952635923,-2.9959690284186991e-10
183,68,0.039609177566060569,0.12443590125626952,0.29444042655359293,0.26926856243682634,0.73073143761440174,-5.1228021824556436e-11
184,32,0.025242330273231472,0.079301119345871224,0.18764243414196571,0.26926922077323762,0.73073077952635923,-2.9959690284186991e-10
184,68,0.025242456783571642,0.079301516789826512,0.18764337457448194,0.26926856243682634,0.73073143761440174,-5.1228021824556436e-11
185,32,0.0243218987086808,0.076409498304546672,0.18080027585610647,0.26926922077323762,0.73073077952635923,-2.9959690284186991e-10
185,68,0.024322636370613909,0.076411815737856562,0.18080575937047319,0.26926856243682634,0.73073143761440174,-5.1228021824556436e-11
186,32,0.016799378920292818,0.052776805400863144,0.1248805604932537,0.26926922077323762,0.73073077952635923,-2.9959690284186991e-10
186,68,0.016799465693724366,0.052777078007638221,0.12488120553583647,0.26926856243682634,0.73073143761440174,-5.1228021824556436e-11
187,32,0.016799378920292818,0.052776805400863144,0.1248805604932537,0.26926922077323762,0.73073077952635923,-2.9959690284186991e-10
187,68,0.016799465693724366,0.052777078007638221,0.12488120553583647,0.26926856243682634,0.73073143761440174,-5.1228021824556436e-11
188,32,0.016799378920292818,0.052776805400863144,0.1248805604932537,0.26926922077323762,0.73073077952635923,-2.9959690284186991e-10
188,68,0.016799465693724366,0.052777078007638221,0.12488120553583647,0.26926856243682634,0.73073143761440174,-5.1228021824556436e-11
189,32,0.088191575182719278,0.27706200470254277,0.42624923800391196,0.16307259493372428,0.83692740543067901,-3.6440328532449939e-10
189,68,0.088187837648543654,0.27705026289263412,0.42623117368097557,0.16307280974993224,0.8369271898907813,3.5928648944860697e-10
190,32,0.047423260858401747,0.14898456792202733,0.22920702757234973,0.16307259493372428,0.83692740543067901,-3.6440328532449939e-10
190,68,0.047423124996027001,0.1489841410977889,0.22920637091967522,0.16307280974993224,0.8369271898907813,3.5928648944860697e-10
191,32,0.044849738983721257,0.14089961050667846,0.21676863154873607,0.16307259493372428,0.83692740543067901,-3.6440328532449939e-10
191,68,0.04484911573601056,0.14089765251624917,0.21676561925576796,0.16307280974993224,0.8369271898907813,3.5928648944860697e-10
192,32,0.033581251286350478,0.10549861233955145,0.16230555744546377,0.16307259493372428,0.83692740543067901,-3.6440328532449939e-10
192,68,0.033581445107518725,0.10549922124670973,0.16230649422570725,0.16307280974993224,0.8369271898907813,3.5928648944860697e-10
193,32,0.026621837019889807,0.083634967606750613,0.12866918093346247,0.16307259493372428,0.83692740543067901,-3.6440328532449939e-10
193,68,0.026621874096225837,0.083635084085495498,0.12866936013153152,0.16307280974993224,0.8369271898907813,3.5928648944860697e-10
194,32,0.026698951631918082,0.083877230305383063,0.12904189277751241,0.16307259493372428,0.83692740543067901,-3.6440328532449939e-10
194,68,0.026696935140859079,0.083870895311886073,0.12903214663367088,0.16307280974993224,0.8369271898907813,3.5928648944860697e-10
195,32,0.018082841471431996,0.056808921922679605,0.087398341419507086,0.16307259493372428,0.83692740543067901,-3.6440328532449939e-10
195,68,0.018082603129253406,0.056808173148642303,0.087397189459449701,0.16307280974993224,0.8369271898907813,3.5928648944860697e-10
196,32,0.018082841471431996,0.056808921922679605,0.087398341419507086,0.16307259493372428,0.83692740543067901,-3.6440328532449939e-10
196,68,0.018082603129253406,0.056808173148642303,0.087397189459449701,0.16307280974993224,0.8369271898907813,3.5928648944860697e-10
197,32,0.018082841471431996,0.056808921922679605,0.087398341419507086,0.16307259493372428,0.83692740543067901,-3.6440328532449939e-10
197,68,0.018082603129253406,0.056808173148642303,0.087397189459449701,0.16307280974993224,0.8369271898907813,3.5928648944860697e-10
198,32,0.05822259954309069,0.18291169099747415,0.21120822807064268,0.1116602136512469,0.88833978648186884,-1.3311574065255627e-10
198,68,0.058219304288910596,0.18290133865115027,0.211196274210769,0.11166025769090439,0.88833974254931025,-2.4021462596834908e-10
199,32,0.045785151244121941,0.14383829479203106,0.16609015643591174,0.1116602136512469,0.88833978648186884,-1.3311574065255627e-10
199,68,0.045784988334935564,0.14383778299772795,0.16608956546675441,0.11166025769090439,0.88833974254931025,-2.4021462596834908e-10
200,32,0.043889018778767726,0.13788141896864117,0.15921174871558511,0.1116602136512469,0.88833978648186884,-1.3311574065255627e-10
200,68,0.043887752256213802,0.13787744007069014,0.15920715427997889,0.11166025769090439,0.88833974254931025,-2.4021462596834908e-10
201,32,0.028075608341024745,0.088202124909227658,0.10184704111887916,0.1116602136512469,0.88833978648186884,-1.3311574065255627e-10
201,68,0.028071977765063427,0.088190719118459285,0.10183387084613828,0.11166025769090439,0.88833974254931025,-2.4021462596834908e-10
202,32,0.026228757329683626,0.082400071339723518,0.095147406738467472,0.1116602136512469,0.88833978648186884,-1.3311574065255627e-10
202,68,0.026228791308283594,0.082400178086643558,0.095147529999193514,0.11166025769090439,0.88833974254931025,-2.4021462596834908e-10
203,32,0.026666634414614684,0.083775702772918251,0.096735849094988849,0.1116602136512469,0.88833978648186884,-1.3311574065255627e-10
203,68,0.026666567724443029,0.083775493259564904,0.096735607169806948,0.11166025769090439,0.88833974254931025,-2.4021462596834908e-10
204,32,0.018368721901739615,0.057707041782339104,0.066634352214340928,0.1116602136512469,0.88833978648186884,-1.3311574065255627e-10
204,68,0.018368612410387876,0.057706697805112853,0.066633955023652575,0.11166025769090439,0.88833974254931025,-2.4021462596834908e-10
205,32,0.018368721901739615,0.057707041782339104,0.066634352214340928,0.1116602136512469,0.88833978648186884,-1.3311574065255627e-10
205,68,0.018368612410387876,0.057706697805112853,0.066633955023652575,0.11166025769090439,0.88833974254931025,-2.4021462596834908e-10
206,32,0.018368721901739615,0.057707041782339104,0.066634352214340928,0.1116602136512469,0.88833978648186884,-1.3311574065255627e-10
206,68,0.018368612410387876,0.057706697805112853,0.066633955023652575,0.11166025769090439,0.88833974254931025,-2.4021462596834908e-10
207,32,0.047355693854680012,0.14877229991951005,0.1518084693056225,0.094716618172115102,0.90528338169373468,1.3415024646690199e-10
207,68,0.047354846327949188,0.14876963733575876,0.15180575238342731,0.094716533325527791,0.90528346635118107,3.2329117161111753e-10
208,32,0.044786820951733135,0.14070194767960625,0.14357341599959822,0.094716618172115102,0.90528338169373468,1.3415024646690199e-10
208,68,0.044786549606792778,0.14070109522433502,0.14357254614728063,0.094716533325527791,0.90528346635118107,3.2329117161111753e-10
209,32,0.043565566034415283,0.13686526220320008,0.13965843081959192,0.094716618172115102,0.90528338169373468,1.3415024646690199e-10
209,68,0.043568342349362334,0.13687398425384179,0.13966733087126712,0.094716533325527791,0.90528346635118107,3.2329117161111753e-10
210,32,0.026167362883632323,0.082207194999037531,0.083884892856160742,0.094716618172115102,0.90528338169373468,1.3415024646690199e-10
210,68,0.026168115462116729,0.082209559294075391,0.083887305402117751,0.094716533325527791,0.90528346635118107,3.2329117161111753e-10
211,32,0.025983633073200445,0.081629990776339298,0.083295908955448264,0.094716618172115102,0.90528338169373468,1.3415024646690199e-10
211,68,0.025983406105949926,0.081629277737692463,0.08329518136499231,0.094716533325527791,0.90528346635118107,3.2329117161111753e-10
212,32,0.026117627181991163,0.082050945684140522,0.083725454779735226,0.094716618172115102,0.90528338169373468,1.3415024646690199e-10
212,68,0.026117499959683044,0.082050546003471975,0.083725046942318346,0.094716533325527791,0.90528346635118107,3.2329117161111753e-10
213,32,0.018576015394642605,0.058358273496780105,0.059549258670183784,0.094716618172115102,0.90528338169373468,1.3415024646690199e-10
213,68,0.018575496755234615,0.058356644143026104,0.059547596064312355,0.094716533325527791,0.90528346635118107,3.2329117161111753e-10
214,32,0.018576015394642605,0.058358273496780105,0.059549258670183784,0.094716618172115102,0.90528338169373468,1.3415024646690199e-10
214,68,0.018575496755234615,0.058356644143026104,0.059547596064312355,0.094716533325527791,0.90528346635118107,3.2329117161111753e-10
215,32,0.018576015394642605,0.058358273496780105,0.059549258670183784,0.094716618172115102,0.90528338169373468,1.3415024646690199e-10
215,68,0.018575496755234615,0.058356644143026104,0.059547596064312355,0.094716533325527791,0.90528346635118107,3.2329117161111753e-10
216,32,0.16537876933130194,0.51955272679093911,3.4636848452729274,0.66100206407581485,0.33899793574142134,1.8276380409076864e-10
216,68,0.16537258823989265,0.51953330831957656,3.4635553887971771,0.66100870149335844,0.33899129837510489,1.3153667044463191e-10
217,32,0.031632560802938067,0.099376620632742677,0.66251080421828457,0.66100206407581485,0.33899793574142134,1.8276380409076864e-10
217,68,0.0316317230389591,0.099373988719580919,0.6624932581305395,0.66100870149335844,0.33899129837510489,1.3153667044463191e-10
218,32,0.028699770188908187,0.090162987185189308,0.60108658123459546,0.66100206407581485,0.33899793574142134,1.8276380409076864e-10
218,68,0.028699059166498942,0.090160753442411881,0.60107168961607926,0.66100870149335844,0.33899129837510489,1.3153667044463191e-10
219,32,0.034095836604718613,0.10711522979538195,0.714101531969213,0.66100206407581485,0.33899793574142134,1.8276380409076864e-10
219,68,0.034097042186100573,0.10711901724099482,0.71412678160663212,0.66100870149335844,0.33899129837510489,1.3153667044463191e-10
220,32,0.01950566307947876,0.06127884783388813,0.40852565222592085,0.66100206407581485,0.33899793574142134,1.8276380409076864e-10
220,68,0.019505240620698857,0.061277520640488747,0.40851680426992498,0.66100870149335844,0.33899129837510489,1.3153667044463191e-10
221,32,0.018198131611178902,0.057171116578739821,0.38114077719159883,0.66100206407581485,0.33899793574142134,1.8276380409076864e-10
221,68,0.018197655060369158,0.057169619450216869,0.38113079633477914,0.66100870149335844,0.33899129837510489,1.3153667044463191e-10
222,32,0.01354755704018838,0.042560905671544497,0.28373937114363001,0.66100206407581485,0.33899793574142134,1.8276380409076864e-10
222,68,0.013547564410642107,0.042560928826507777,0.28373952551005188,0.66100870149335844,0.33899129837510489,1.3153667044463191e-10
223,32,0.01354755704018838,0.042560905671544497,0.28373937114363001,0.66100206407581485,0.33899793574142134,1.8276380409076864e-10
223,68,0.013547564410642107,0.042560928826507777,0.28373952551005188,0.66100870149335844,0.33899129837510489,1.3153667044463191e-10
224,32,0.01354755704018838,0.042560905671544497,0.28373937114363001,0.66100206407581485,0.33899793574142134,1.8276380409076864e-10
224,68,0.013547564410642107,0.042560928826507777,0.28373952551005188,0.66100870149335844,0.33899129837510489,1.3153667044463191e-10
225,32,0.19446530807716764,0.61093078323330574,2.0364359441110191,0.56356959586490385,0.4364304041201662,1.4929946168251718e-11
225,68,0.19446205264796596,0.61092055600084139,2.0364018533361379,0.56357060453895014,0.43642939567249056,-2.1144069828338274e-10
226,32,0.060865042625971588,0.19121317077418196,0.63737723591393991,0.56356959586490385,0.4364304041201662,1.4929946168251718e-11
226,68,0.060864690977369441,0.19121206603751681,0.63737355345838942,0.56357060453895014,0.43642939567249056,-2.1144069828338274e-10
227,32,0.055713705537103621,0.17502976801962972,0.58343256006543243,0.56356959586490385,0.4364304041201662,1.4929946168251718e-11
227,68,0.055713493317586807,0.17502910131235475,0.58343033770784913,0.56357060453895014,0.43642939567249056,-2.1144069828338274e-10
228,32,0.062263231298391356,0.19560571003578836,0.65201903345262791,0.56356959586490385,0.4364304041201662,1.4929946168251718e-11
228,68,0.062265320900787159,0.19561227471532394,0.65204091571774647,0.56357060453895014,0.43642939567249056,-2.1144069828338274e-10
229,32,0.041261466194634937,0.12962671907340872,0.43208906357802912,0.56356959586490385,0.4364304041201662,1.4929946168251718e-11
229,68,0.041261363278442702,0.12962639575265525,0.43208798584218416,0.56357060453895014,0.43642939567249056,-2.1144069828338274e-10
230,32,0.038993358878912136,0.12250124979278069,0.40833749930926899,0.56356959586490385,0.4364304041201662,1.4929946168251718e-11
230,68,0.038993344762764795,0.12250120544559591,0.40833735148531969,0.56357060453895014,0.43642939567249056,-2.1144069828338274e-10
231,32,0.029268352484074292,0.091949241146644364,0.30649747048881454,0.56356959586490385,0.4364304041201662,1.4929946168251718e-11
231,68,0.029269303495579879,0.091952228837403796,0.30650742945801268,0.56357060453895014,0.43642939567249056,-2.1144069828338274e-10
232,32,0.029268352484074292,0.091949241146644364,0.30649747048881454,0.56356959586490385,0.4364304041201662,1.4929946168251718e-11
232,68,0.029269303495579879,0.091952228837403796,0.30650742945801268,0.56357060453895014,0.43642939567249056,-2.1144069828338274e-10
233,32,0.029268352484074292,0.091949241146644364,0.30649747048881454,0.56356959586490385,0.4364304041201662,1.4929946168251718e-11
233,68,0.029269303495579879,0.091952228837403796,0.30650742945801268,0.56357060453895014,0.43642939567249056,-2.1144069828338274e-10
234,32,0.18276955503934869,0.57418749141149317,1.3586433512042368,0.4932956348416852,0.50670436495641513,2.0189960814320784e-10
234,68,0.18277016080802067,0.5741893944899028,1.3586478542713825,0.49329515209610131,0.50670484813570538,-2.3180668495825785e-10
235,32,0.07768931105700716,0.24406816887914598,0.57751448759896662,0.4932956348416852,0.50670436495641513,2.0189960814320784e-10
235,68,0.077689272489929767,0.24406804771709897,0.57751420090513916,0.49329515209610131,0.50670484813570538,-2.3180668495825785e-10
236,32,0.071915952382419504,0.22593062768052249,0.53459740890029006,0.4932956348416852,0.50670436495641513,2.0189960814320784e-10
236,68,0.071915411765673606,0.22592892928292518,0.53459339014920648,0.49329515209610131,0.50670484813570538,-2.3180668495825785e-10
237,32,0.076612516274569387,0.24068531830121564,0.56950998120589946,0.4932956348416852,0.50670436495641513,2.0189960814320784e-10
237,68,0.076609787123669282,0.24067674442079734,0.56948969367647995,0.49329515209610131,0.50670484813570538,-2.3180668495825785e-10
238,32,0.056020922507196237,0.1759949185959308,0.41643945500848656,0.4932956348416852,0.50670436495641513,2.0189960814320784e-10
238,68,0.056021074853472325,0.17599539720587254,0.41644058749608842,0.49329515209610131,0.50670484813570538,-2.3180668495825785e-10
239,32,0.053601949077259466,0.16839548943921254,0.39845767370680457,0.4932956348416852,0.50670436495641513,2.0189960814320784e-10
239,68,0.053602777159056821,0.16839809093490368,0.3984638293700275,0.49329515209610131,0.50670484813570538,-2.3180668495825785e-10
240,32,0.040505442673700785,0.12725160113410089,0.30110294006219979,0.4932956348416852,0.50670436495641513,2.0189960814320784e-10
240,68,0.040505498409937689,0.12725177623465328,0.30110335438540409,0.49329515209610131,0.50670484813570538,-2.3180668495825785e-10
241,32,0.040505442673700785,0.12725160113410089,0.30110294006219979,0.4932956348416852,0.50670436495641513,2.0189960814320784e-10
241,68,0.040505498409937689,0.12725177623465328,0.30110335438540409,0.49329515209610131,0.50670484813570538,-2.3180668495825785e-10
242,32,0.040505442673700785,0.12725160113410089,0.30110294006219979,0.4932956348416852,0.50670436495641513,2.0189960814320784e-10
242,68,0.040505498409937689,0.12725177623465328,0.30110335438540409,0.49329515209610131,0.50670484813570538,-2.3180668495825785e-10
243,32,0.1458655110321373,0.45825001787068342,0.7050000274933591,0.37885043900739629,0.62114956083066586,1.6193779650564011e-10
243,68,0.14586157061245356,0.45823763867715295,0.70498098258023523,0.37885062227874838,0.62114937766165379,5.9597771162600566e-11
244,32,0.09383727000720947,0.29479847808757109,0.45353612013472472,0.37885043900739629,0.62114956083066586,1.6193779650564011e-10
244,68,0.093837078888579201,0.29479787767068627,0.45353519641644041,0.37885062227874838,0.62114937766165379,5.9597771162600566e-11
245,32,0.088744377083793499,0.27879868309384803,0.42892105091361232,0.37885043900739629,0.62114956083066586,1.6193779650564011e-10
245,68,0.0887436737460853,0.27879647349327097,0.42891765152810918,0.37885062227874838,0.62114937766165379,5.9597771162600566e-11
246,32,0.086241905618887879,0.27093693712388245,0.41682605711366527,0.37885043900739629,0.62114956083066586,1.6193779650564011e-10
246,68,0.086242096542014798,0.27093753692657541,0.4168269798870391,0.37885062227874838,0.62114937766165379,5.9597771162600566e-11
247,32,0.073023455847366428,0.22940995242982498,0.35293838835357688,0.37885043900739629,0.62114956083066586,1.6193779650564011e-10
247,68,0.073023487724018468,0.22941005257328087,0.3529385424204321,0.37885062227874838,0.62114937766165379,5.9597771162600566e-11
248,32,0.071485425136422906,0.22457808644732932,0.34550474838050665,0.37885043900739629,0.62114956083066586,1.6193779650564011e-10
248,68,0.071482789723912504,0.22456980705474747,0.34549201085345765,0.37885062227874838,0.62114937766165379,5.9597771162600566e-11
249,32,0.054509751939315509,0.17124743624155558,0.26345759421777781,0.37885043900739629,0.62114956083066586,1.6193779650564011e-10
249,68,0.054509358286415927,0.17124619954449818,0.26345569160692028,0.37885062227874838,0.62114937766165379,5.9597771162600566e-11
250,32,0.054509751939315509,0.17124743624155558,0.26345759421777781,0.37885043900739629,0.62114956083066586,1.6193779650564011e-10
250,68,0.054509358286415927,0.17124619954449818,0.26345569160692028,0.37885062227874838,0.62114937766165379,5.9597771162600566e-11
251,32,0.054509751939315509,0.17124743624155558,0.26345759421777781,0.37885043900739629,0.62114956083066586,1.6193779650564011e-10
251,68,0.054509358286415927,0.17124619954449818,0.26345569160692028,0.37885062227874838,0.62114937766165379,5.9597771162600566e-11
252,32,0.1152879405802428,0.3621877471743874,0.41821838665663336,0.29388800203444232,0.70611199820547887,-2.3992119402294065e-10
252,68,0.11528438562143263,0.36217657894190552,0.41820549069257379,0.29388806308044818,0.70611193723161747,-3.1206559558683011e-10
253,32,0.097757252289717753,0.30711346562850128,0.35462408410474816,0.29388800203444232,0.70611199820547887,-2.3992119402294065e-10
253,68,0.0977570374877854,0.3071127908083286,0.35462330488953148,0.29388806308044818,0.70611193723161747,-3.1206559558683011e-10
254,32,0.094054288420374985,0.29548026154006563,0.34119121708075578,0.29388800203444232,0.70611199820547887,-2.3992119402294065e-10
254,68,0.09405286298329138,0.29547578339739561,0.34118604616700382,0.29388806308044818,0.70611193723161747,-3.1206559558683011e-10
255,32,0.084134503927712351,0.2643163394527227,0.30520621946849191,0.29388800203444232,0.70611199820547887,-2.3992119402294065e-10
255,68,0.084129376651107576,0.26430023163820826,0.30518761976639996,0.29388806308044818,0.70611193723161747,-3.1206559558683011e-10
256,32,0.079369839016092736,0.24934770316956148,0.28792192709352243,0.29388800203444232,0.70611199820547887,-2.3992119402294065e-10
256,68,0.079369874898113854,0.2493478158962554,0.28792205725909659,0.29388806308044818,0.70611193723161747,-3.1206559558683011e-10
257,32,0.078846419945529309,0.24770333366273062,0.28602317273869038,0.29388800203444232,0.70611199820547887,-2.3992119402294065e-10
257,68,0.078846297956604167,0.24770295042321958,0.28602273021182067,0.29388806308044818,0.70611193723161747,-3.1206559558683011e-10
258,32,0.060881754007313452,0.19126567112703688,0.22085457342385834,0.29388800203444232,0.70611199820547887,-2.3992119402294065e-10
258,68,0.060881539517547954,0.19126499728756532,0.22085379534105776,0.29388806308044818,0.70611193723161747,-3.1206559558683011e-10
259,32,0.060881754007313452,0.19126567112703688,0.22085457342385834,0.29388800203444232,0.70611199820547887,-2.3992119402294065e-10
259,68,0.060881539517547954,0.19126499728756532,0.22085379534105776,0.29388806308044818,0.70611193723161747,-3.1206559558683011e-10
260,32,0.060881754007313452,0.19126567112703688,0.22085457342385834,0.29388800203444232,0.70611199820547887,-2.3992119402294065e-10
260,68,0.060881539517547954,0.19126499728756532,0.22085379534105776,0.29388806308044818,0.70611193723161747,-3.1206559558683011e-10
261,32,0.10149466854609478,0.3188549050829424,0.3253621480438188,0.25871605330795477,0.74128394646305507,2.2899016016708629e-10
261,68,0.10149354162973237,0.31885136477077708,0.32535853548038479,0.25871595752507837,0.74128404224169298,2.3322865860819775e-10
262,32,0.097604497303038038,0.30663357168454908,0.3128913996781113,0.25871605330795477,0.74128394646305507,2.2899016016708629e-10
262,68,0.097604122310981381,0.30663239361225875,0.31289019756352932,0.25871595752507837,0.74128404224169298,2.3322865860819775e-10
263,32,0.095524143653981083,0.30009794794380301,0.30622239586102351,0.25871605330795477,0.74128394646305507,2.2899016016708629e-10
263,68,0.095527125095270934,0.30010731441785632,0.30623195348760851,0.25871595752507837,0.74128404224169298,2.3322865860819775e-10
264,32,0.081440791930990394,0.25585379363293431,0.26107529962544318,0.25871605330795477,0.74128394646305507,2.2899016016708629e-10
264,68,0.081441997045330755,0.25585757961129274,0.26107916286866606,0.25871595752507837,0.74128404224169298,2.3322865860819775e-10
265,32,0.080544003220040197,0.25303644880679094,0.25820045796611318,0.25871605330795477,0.74128394646305507,2.2899016016708629e-10
265,68,0.080543721799987686,0.25303556469962141,0.25819955581594023,0.25871595752507837,0.74128404224169298,2.3322865860819775e-10
266,32,0.080255067076809877,0.25212872914186196,0.25727421341006323,0.25871605330795477,0.74128394646305507,2.2899016016708629e-10
266,68,0.080254890834639797,0.25212817546075522,0.25727364842934208,0.25871595752507837,0.74128404224169298,2.3322865860819775e-10
267,32,0.062696867568466236,0.19696801855618568,0.20098777403692417,0.25871605330795477,0.74128394646305507,2.2899016016708629e-10
267,68,0.062695788738589497,0.19696462931217046,0.20098431562466373,0.25871595752507837,0.74128404224169298,2.3322865860819775e-10
268,32,0.062696867568466236,0.19696801855618568,0.20098777403692417,0.25871605330795477,0.74128394646305507,2.2899016016708629e-10
268,68,0.062695788738589497,0.19696462931217046,0.20098431562466373,0.25871595752507837,0.74128404224169298,2.3322865860819775e-10
269,32,0.062696867568466236,0.19696801855618568,0.20098777403692417,0.25871605330795477,0.74128394646305507,2.2899016016708629e-10
269,68,0.062695788738589497,0.19696462931217046,0.20098431562466373,0.25871595752507837,0.74128404224169298,2.3322865860819775e-10
270,32,0.1711876844883953,0.53780197197379009,3.5853464798252674,0.81611400936823053,0.18388599059636238,3.5407093923467414e-11
270,68,0.17118138436197794,0.53778217954292062,3.5852145302861378,0.81611762203243621,0.18388237799209844,-2.4534652087737641e-11
271,32,0.037408786634351862,0.11752316927018785,0.78348779513458577,0.81611400936823053,0.18388599059636238,3.5407093923467414e-11
271,68,0.037407830348794233,0.11752016501050527,0.78346776673670182,0.81611762203243621,0.18388237799209844,-2.4534652087737641e-11
272,32,0.034455344533543653,0.10824465726348598,0.72163104842323988,0.81611400936823053,0.18388599059636238,3.5407093923467414e-11
272,68,0.034454515336165295,0.10824205226309375,0.72161368175395835,0.81611762203243621,0.18388237799209844,-2.4534652087737641e-11
273,32,0.042007910353230336,0.13197174255836702,0.87981161705578015,0.81611400936823053,0.18388599059636238,3.5407093923467414e-11
273,68,0.042008963527729794,0.13197505120363748,0.87983367469091656,0.81611762203243621,0.18388237799209844,-2.4534652087737641e-11
274,32,0.027364559233006985,0.085968298255137493,0.57312198836758332,0.81611400936823053,0.18388599059636238,3.5407093923467414e-11
274,68,0.027363985185673408,0.085966494832251508,0.57310996554834337,0.81611762203243621,0.18388237799209844,-2.4534652087737641e-11
275,32,0.026023920434018726,0.081756557253118534,0.5450437150207903,0.81611400936823053,0.18388599059636238,3.5407093923467414e-11
275,68,0.026023292822021007,0.081754585551877187,0.5450305703458479,0.81611762203243621,0.18388237799209844,-2.4534652087737641e-11
276,32,0.022031582386348256,0.069214257371909962,0.46142838247939977,0.81611400936823053,0.18388599059636238,3.5407093923467414e-11
276,68,0.022031427892199876,0.069213772014228389,0.46142514676152263,0.81611762203243621,0.18388237799209844,-2.4534652087737641e-11
277,32,0.022031582386348256,0.069214257371909962,0.46142838247939977,0.81611400936823053,0.18388599059636238,3.5407093923467414e-11
277,68,0.022031427892199876,0.069213772014228389,0.46142514676152263,0.81611762203243621,0.18388237799209844,-2.4534652087737641e-11
278,32,0.022031582386348256,0.069214257371909962,0.46142838247939977,0.81611400936823053,0.18388599059636238,3.5407093923467414e-11
278,68,0.022031427892199876,0.069213772014228389,0.46142514676152263,0.81611762203243621,0.18388237799209844,-2.4534652087737641e-11
279,32,0.20952305119568171,0.65823607839407172,2.1941202613135724,0.76415505105456716,0.2358449488316573,1.1377554454128358e-10
279,68,0.20951974603233045,0.65822569491716854,2.1940856497238954,0.76415560019929996,0.23584439971622537,8.4474677253254526e-11
280,32,0.075807544697099133,0.23815642550708652,0.79385475169028841,0.76415505105456716,0.2358449488316573,1.1377554454128358e-10
280,68,0.07580714352815858,0.23815516519769003,0.79385055065896681,0.76415560019929996,0.23584439971622537,8.4474677253254526e-11
281,32,0.070588434742166514,0.22176010801439283,0.73920036004797618,0.76415505105456716,0.2358449488316573,1.1377554454128358e-10
281,68,0.070588173144884248,0.22175928618229268,0.73919762060764227,0.76415560019929996,0.23584439971622537,8.4474677253254526e-11
282,32,0.082773190263169497,0.26003964644496347,0.86679882148321163,0.76415505105456716,0.2358449488316573,1.1377554454128358e-10
282,68,0.082775237322003065,0.2600460774699565,0.86682025823318842,0.76415560019929996,0.23584439971622537,8.4474677253254526e-11
283,32,0.061584219483970713,0.19347253150790381,0.64490843835967937,0.76415505105456716,0.2358449488316573,1.1377554454128358e-10
283,68,0.06158407428486147,0.19347207535144889,0.64490691783816301,0.76415560019929996,0.23584439971622537,8.4474677253254526e-11
284,32,0.059207760696790304,0.18600666604053892,0.62002222013512975,0.76415505105456716,0.2358449488316573,1.1377554454128358e-10
284,68,0.059207704447469464,0.18600648932808578,0.6200216310936193,0.76415560019929996,0.23584439971622537,8.4474677253254526e-11
285,32,0.051193829391543294,0.16083015832560163,0.53610052775200545,0.76415505105456716,0.2358449488316573,1.1377554454128358e-10
285,68,0.05119473967758225,0.16083301807353428,0.53611006024511432,0.76415560019929996,0.23584439971622537,8.4474677253254526e-11
286,32,0.051193829391543294,0.16083015832560163,0.53610052775200545,0.76415505105456716,0.2358449488316573,1.1377554454128358e-10
286,68,0.05119473967758225,0.16083301807353428,0.53611006024511432,0.76415560019929996,0.23584439971622537,8.4474677253254526e-11
287,32,0.051193829391543294,0.16083015832560163,0.53610052775200545,0.76415505105456716,0.2358449488316573,1.1377554454128358e-10
287,68,0.05119473967758225,0.16083301807353428,0.53611006024511432,0.76415560019929996,0.23584439971622537,8.4474677253254526e-11
288,32,0.20752093967464574,0.65194625954791774,1.5426362714726327,0.72686541156036089,0.27313458846173327,-2.2094159835006622e-11
288,68,0.20752154323992314,0.65194815570415909,1.5426407581605328,0.7268651483658688,0.27313485152603334,1.0809786399335053e-10
289,32,0.10220037720449,0.32107195421973156,0.75972096638059539,0.72686541156036089,0.27313458846173327,-2.2094159835006622e-11
289,68,0.10220033650707143,0.32107182636502035,0.75972066385057524,0.7268651483658688,0.27313485152603334,1.0809786399335053e-10
290,32,0.09629372758894697,0.30251566718021261,0.71581305061025335,0.72686541156036089,0.27313458846173327,-2.2094159835006622e-11
290,68,0.096293184880413635,0.30251396221107124,0.71580901630957183,0.7268651483658688,0.27313485152603334,1.0809786399335053e-10
291,32,0.11033207870327549,0.34661844790950114,0.82016912019332344,0.72686541156036089,0.27313458846173327,-2.2094159835006622e-11
291,68,0.11032938755868102,0.3466099934294134,0.82014911518915512,0.7268651483658688,0.27313485152603334,1.0809786399335053e-10
292,32,0.089349577631196261,0.28069997668751706,0.66419272922887229,0.72686541156036089,0.27313458846173327,-2.2094159835006622e-11
292,68,0.089349768426564724,0.28070057608884497,0.66419414753324335,0.7268651483658688,0.27313485152603334,1.0809786399335053e-10
293,32,0.086717871398647478,0.27243222772093534,0.64462956853503917,0.72686541156036089,0.27313458846173327,-2.2094159835006622e-11
293,68,0.086718737953948952,0.27243495008470442,0.64463601019649952,0.7268651483658688,0.27313485152603334,1.0809786399335053e-10
294,32,0.076455092499172803,0.24019075692492936,0.56833974929436482,0.72686541156036089,0.27313458846173327,-2.2094159835006622e-11
294,68,0.076455197729282776,0.24019108751506979,0.56834053153727848,0.7268651483658688,0.27313485152603334,1.0809786399335053e-10
295,32,0.076455092499172803,0.24019075692492936,0.56833974929436482,0.72686541156036089,0.27313458846173327,-2.2094159835006622e-11
295,68,0.076455197729282776,0.24019108751506979,0.56834053153727848,0.7268651483658688,0.27313485152603334,1.0809786399335053e-10
296,32,0.076455092499172803,0.24019075692492936,0.56833974929436482,0.72686541156036089,0.27313458846173327,-2.2094159835006622e-11
296,68,0.076455197729282776,0.24019108751506979,0.56834053153727848,0.7268651483658688,0.27313485152603334,1.0809786399335053e-10
297,32,0.19211704019121667,0.60355348209414128,0.92854381860637114,0.66272288691532966,0.33727711294861051,1.3605983006925726e-10
297,68,0.1921130393567583,0.60354091310199864,0.92852448169538249,0.66272298746363156,0.33727701280396838,-2.6759994220526551e-10
298,32,0.13959286416092845,0.43854391654153074,0.67468294852543187,0.66272288691532966,0.33727711294861051,1.3605983006925726e-10
298,68,0.1395926127705891,0.43854312677548746,0.67468173350074989,0.66272298746363156,0.33727701280396838,-2.6759994220526551e-10
299,32,0.13422621391768957,0.42168408756298559,0.64874475009690091,0.66272288691532966,0.33727711294861051,1.3605983006925726e-10
299,68,0.13422545058477631,0.42168168948191304,0.6487410607414047,0.66272298746363156,0.33727701280396838,-2.6759994220526551e-10
300,32,0.14932144423739055,0.46910715223960409,0.72170331113785247,0.66272288691532966,0.33727711294861051,1.3605983006925726e-10
300,68,0.14932162953772601,0.4691077343777767,0.7217042067350411,0.66272298746363156,0.33727701280396838,-2.6759994220526551e-10
301,32,0.13528477511549433,0.42500965564538423,0.65386100868520647,0.66272288691532966,0.33727711294861051,1.3605983006925726e-10
301,68,0.13528480200208212,0.42500974011209092,0.65386113863398598,0.66272298746363156,0.33727701280396838,-2.6759994220526551e-10
302,32,0.13330913434752242,0.41880299712259123,0.64431230326552491,0.66272288691532966,0.33727711294861051,1.3605983006925726e-10
302,68,0.13330648885626659,0.41879468606669673,0.64429951702568722,0.66272298746363156,0.33727701280396838,-2.6759994220526551e-10
303,32,0.12183699506266985,0.38276220862433946,0.58886493634513759,0.66272288691532966,0.33727711294861051,1.3605983006925726e-10
303,68,0.12183661020278692,0.38276099955135862,0.58886307623285938,0.66272298746363156,0.33727701280396838,-2.6759994220526551e-10
304,32,0.12183699506266985,0.38276220862433946,0.58886493634513759,0.66272288691532966,0.33727711294861051,1.3605983006925726e-10
304,68,0.12183661020278692,0.38276099955135862,0.58886307623285938,0.66272298746363156,0.33727701280396838,-2.6759994220526551e-10
305,32,0.12183699506266985,0.38276220862433946,0.58886493634513759,0.66272288691532966,0.33727711294861051,1.3605983006925726e-10
305,68,0.12183661020278692,0.38276099955135862,0.58886307623285938,0.66272298746363156,0.33727701280396838,-2.6759994220526551e-10
306,32,0.18227277369277547,0.57262680678265832,0.66121248208232719,0.60471444310714584,0.39528555697306317,-8.0209006103615366e-11
306,68,0.18226914472408282,0.57261540604127337,0.66119931764011208,0.60471447823959901,0.39528552177390464,-1.3503642648515779e-11
307,32,0.16431320633931529,0.51620516192337673,0.59606237838707177,0.60471444310714584,0.39528555697306317,-8.0209006103615366e-11
307,68,0.16431291786260016,0.51620425564704775,0.59606133190930677,0.60471447823959901,0.39528552177390464,-1.3503642648515779e-11
308,32,0.16033342043805981,0.5037022957731323,0.58162531211210078,0.60471444310714584,0.39528555697306317,-8.0209006103615366e-11
308,68,0.16033192154700804,0.50369758686801547,0.58161987473682719,0.60471447823959901,0.39528552177390464,-1.3503642648515779e-11
309,32,0.17562411881892631,0.55173944147471987,0.63709383011592657,0.60471444310714584,0.39528555697306317,-8.0209006103615366e-11
309,68,0.17561897558982034,0.55172328354394484,0.63707517254456147,0.60471447823959901,0.39528552177390464,-1.3503642648515779e-11
310,32,0.17014426902598814,0.53452398562244974,0.61721513397486594,0.60471444310714584,0.39528555697306317,-8.0209006103615366e-11
310,68,0.1701443162907921,0.53452413410921062,0.61721530543260872,0.60471447823959901,0.39528552177390464,-1.3503642648515779e-11
311,32,0.16917673618092324,0.53148439154428706,0.61370531305635712,0.60471444310714584,0.39528555697306317,-8.0209006103615366e-11
311,68,0.16917662253766069,0.53148403452344828,0.61370490080420237,0.60471447823959901,0.39528552177390464,-1.3503642648515779e-11
312,32,0.15967465865498515,0.50163273459495916,0.57923558870545555,0.60471444310714584,0.39528555697306317,-8.0209006103615366e-11
312,68,0.15967447912573213,0.5016321705871768,0.57923493744536558,0.60471447823959901,0.39528552177390464,-1.3503642648515779e-11
313,32,0.15967465865498515,0.50163273459495916,0.57923558870545555,0.60471444310714584,0.39528555697306317,-8.0209006103615366e-11
313,68,0.15967447912573213,0.5016321705871768,0.57923493744536558,0.60471447823959901,0.39528552177390464,-1.3503642648515779e-11
314,32,0.15967465865498515,0.50163273459495916,0.57923558870545555,0.60471444310714584,0.39528555697306317,-8.0209006103615366e-11
314,68,0.15967447912573213,0.5016321705871768,0.57923493744536558,0.60471447823959901,0.39528552177390464,-1.3503642648515779e-11
315,32,0.17812295724322255,0.55958977391099685,0.57100997337856818,0.574893097212136,0.42510690263437029,1.5349371773609732e-10
315,68,0.17812176051374604,0.55958601427446508,0.57100613701476033,0.57489304154000176,0.42510695835329371,1.0670453409744596e-10
316,32,0.17407455299370514,0.54687133686195122,0.55803197638974611,0.574893097212136,0.42510690263437029,1.5349371773609732e-10
316,68,0.17407410905669737,0.5468699421927089,0.55803055325786621,0.57489304154000176,0.42510695835329371,1.0670453409744596e-10
317,32,0.17186286380857629,0.53992311036592644,0.55094194935298613,0.574893097212136,0.42510690263437029,1.5349371773609732e-10
317,68,0.17186577632515887,0.53993226030662567,0.55095128602716903,0.57489304154000176,0.42510695835329371,1.0670453409744596e-10
318,32,0.18615633287270675,0.58482736777211164,0.59676262017562409,0.574893097212136,0.42510690263437029,1.5349371773609732e-10
318,68,0.18615759210822544,0.58483132377716629,0.59676665691547581,0.57489304154000176,0.42510695835329371,1.0670453409744596e-10
319,32,0.18499795222994916,0.58118820765476376,0.59304919148445279,0.574893097212136,0.42510690263437029,1.5349371773609732e-10
319,68,0.1849977077855226,0.58118743970994913,0.59304840786729507,0.57489304154000176,0.42510695835329371,1.0670453409744596e-10
320,32,0.18449642154630319,0.57961260254347169,0.59144143116680781,0.574893097212136,0.42510690263437029,1.5349371773609732e-10
320,68,0.18449628230462622,0.5796121651028423,0.59144098479881868,0.57489304154000176,0.42510695835329371,1.0670453409744596e-10
321,32,0.17686550208207039,0.55563936201450259,0.5669789408311251,0.574893097212136,0.42510690263437029,1.5349371773609732e-10
321,68,0.17686444690532471,0.55563604707899017,0.56697555824386758,0.57489304154000176,0.42510695835329371,1.0670453409744596e-10
322,32,0.17686550208207039,0.55563936201450259,0.5669789408311251,0.574893097212136,0.42510690263437029,1.5349371773609732e-10
322,68,0.17686444690532471,0.55563604707899017,0.56697555824386758,0.57489304154000176,0.42510695835329371,1.0670453409744596e-10
323,32,0.17686550208207039,0.55563936201450259,0.5669789408311251,0.574893097212136,0.42510690263437029,1.5349371773609732e-10
323,68,0.17686444690532471,0.55563604707899017,0.56697555824386758,0.57489304154000176,0.42510695835329371,1.0670453409744596e-10
324,32,0.17483022871670589,0.54924536216182651,3.6616357477455104,0.9191385039429345,0.080861496039210265,1.7855231182473119e-11
324,68,0.17482385324342287,0.54922533302179743,3.6615022201453162,0.91914009257793572,0.08085990742988565,-7.8213685528183419e-12
325,32,0.041051321593509008,0.12896653033831995,0.85977686892213301,0.9191385039429345,0.080861496039210265,1.7855231182473119e-11
325,68,0.041050289961244449,0.12896328936997639,0.85975526246650935,0.91914009257793572,0.08085990742988565,-7.8213685528183419e-12
326,32,0.038097870433348779,0.11968798987082431,0.79791993247216209,0.9191385039429345,0.080861496039210265,1.7855231182473119e-11
326,68,0.038096965889419084,0.11968514816225993,0.79790098774839957,0.91914009257793572,0.08085990742988565,-7.8213685528183419e-12
327,32,0.047091807608602543,0.14794327682744968,0.98628851218299785,0.9191385039429345,0.080861496039210265,1.7855231182473119e-11
327,68,0.047092762017980717,0.14794627519294065,0.98630850128627101,0.91914009257793572,0.08085990742988565,-7.8213685528183419e-12
328,32,0.032448433120326456,0.10193975911131732,0.67959839407544886,0.9191385039429345,0.080861496039210265,1.7855231182473119e-11
328,68,0.032447760308252784,0.10193764540984943,0.6795843027323295,0.91914009257793572,0.08085990742988565,-7.8213685528183419e-12
329,32,0.031107771658029554,0.097727946910414421,0.65151964606942947,0.9191385039429345,0.080861496039210265,1.7855231182473119e-11
329,68,0.031107045281662846,0.097725664931757036,0.65150443287838022,0.91914009257793572,0.08085990742988565,-7.8213685528183419e-12
330,32,0.028259076943752327,0.088778508523721017,0.59185672349147345,0.9191385039429345,0.080861496039210265,1.7855231182473119e-11
330,68,0.028258802780839771,0.08877764721552904,0.59185098143686032,0.91914009257793572,0.08085990742988565,-7.8213685528183419e-12
331,32,0.028259076943752327,0.088778508523721017,0.59185672349147345,0.9191385039429345,0.080861496039210265,1.7855231182473119e-11
331,68,0.028258802780839771,0.08877764721552904,0.59185098143686032,0.91914009257793572,0.08085990742988565,-7.8213685528183419e-12
332,32,0.028259076943752327,0.088778508523721017,0.59185672349147345,0.9191385039429345,0.080861496039210265,1.7855231182473119e-11
332,68,0.028258802780839771,0.08877764721552904,0.59185098143686032,0.91914009257793572,0.08085990742988565,-7.8213685528183419e-12
333,32,0.21886694995941877,0.6875908021061149,2.2919693403537162,0.89629479102459964,0.10370520899430268,-1.890231027257272e-11
333,68,0.21886361331679241,0.68758031973415223,2.291934399113841,0.89629503242632735,0.10370496754865821,2.5014434967829402e-11
334,32,0.085151413428451478,0.26751105486961041,0.8917035162320347,0.89629479102459964,0.10370520899430268,-1.890231027257272e-11
334,68,0.085150980780300659,0.2675096956653582,0.89169898555119409,0.89629503242632735,0.10370496754865821,2.5014434967829402e-11
335,32,0.07993227421120537,0.25111464544664769,0.83704881815549237,0.89629479102459964,0.10370520899430268,-1.890231027257272e-11
335,68,0.079931981134776509,0.2511137247198918,0.83704574906630602,0.89629503242632735,0.10370496754865821,2.5014434967829402e-11
336,32,0.095814472153221614,0.30101004182414481,1.0033668060804828,0.89629479102459964,0.10370520899430268,-1.890231027257272e-11
336,68,0.0958164917079454,0.30101638644242862,1.0033879548080955,0.89629503242632735,0.10370496754865821,2.5014434967829402e-11
337,32,0.074625425621915389,0.2344426889048209,0.78147562968273632,0.89629479102459964,0.10370520899430268,-1.890231027257272e-11
337,68,0.07462525291879929,0.2344421463419801,0.78147382113993369,0.89629503242632735,0.10370496754865821,2.5014434967829402e-11
338,32,0.072248893669312919,0.22697659358150357,0.75658864527167857,0.89629479102459964,0.10370520899430268,-1.890231027257272e-11
338,68,0.072248809916085122,0.22697633046297841,0.75658776820992801,0.89629503242632735,0.10370496754865821,2.5014434967829402e-11
339,32,0.067168655416539352,0.2110165544081043,0.70338851469368102,0.89629479102459964,0.10370520899430268,-1.890231027257272e-11
339,68,0.067169535373798883,0.21101931887536632,0.70339772958455438,0.89629503242632735,0.10370496754865821,2.5014434967829402e-11
340,32,0.067168655416539352,0.2110165544081043,0.70338851469368102,0.89629479102459964,0.10370520899430268,-1.890231027257272e-11
340,68,0.067169535373798883,0.21101931887536632,0.70339772958455438,0.89629503242632735,0.10370496754865821,2.5014434967829402e-11
341,32,0.067168655416539352,0.2110165544081043,0.70338851469368102,0.89629479102459964,0.10370520899430268,-1.890231027257272e-11
341,68,0.067169535373798883,0.21101931887536632,0.70339772958455438,0.89629503242632735,0.10370496754865821,2.5014434967829402e-11
342,32,0.22276559909314422,0.69983876958355096,1.6559596045400948,0.87990213959607744,0.12009786044715277,-4.3230211077549541e-11
342,68,0.22276620151010604,0.6998406621322526,1.6559640826918289,0.87990202379962634,0.12009797623996414,-3.9590483669194043e-11
343,32,0.1174449758564393,0.36896427335162035,0.87304384773131527,0.87990213959607744,0.12009786044715277,-4.3230211077549541e-11
343,68,0.11744493401071922,0.36896414188941351,0.87304353666523338,0.87990202379962634,0.12009797623996414,-3.9590483669194043e-11
344,32,0.11153826722094902,0.35040780089546869,0.82913549322784352,0.87990213959607744,0.12009786044715277,-4.3230211077549541e-11
344,68,0.11153772336412748,0.35040609231887354,0.82913145039119907,0.87990202379962634,0.12009797623996414,-3.9590483669194043e-11
345,32,0.13160906666119362,0.41346207696861526,0.97833462109665759,0.87990213959607744,0.12009786044715277,-4.3230211077549541e-11
345,68,0.13160640067825505,0.41345370153620081,0.97831480313521901,0.87990202379962634,0.12009797623996414,-3.9590483669194043e-11
346,32,0.11062641223364911,0.34754312396622805,0.8223570901426539,0.87990213959607744,0.12009786044715277,-4.3230211077549541e-11
346,68,0.11062662819058591,0.34754380241495419,0.82235869548910379,0.87990202379962634,0.12009797623996414,-3.9590483669194043e-11
347,32,0.10799455851244238,0.33927491165036205,0.80279283307101079,0.87990213959607744,0.12009786044715277,-4.3230211077549541e-11
347,68,0.10799545022922655,0.33927771306126026,0.80279946177391315,0.87990202379962634,0.12009797623996414,-3.9590483669194043e-11
348,32,0.10251814199899367,0.32207024176371374,0.76208311594760736,0.87990213959607744,0.12009786044715277,-4.3230211077549541e-11
348,68,0.1025182835518358,0.32207068646508269,0.76208416820069058,0.87990202379962634,0.12009797623996414,-3.9590483669194043e-11
349,32,0.10251814199899367,0.32207024176371374,0.76208311594760736,0.87990213959607744,0.12009786044715277,-4.3230211077549541e-11
349,68,0.1025182835518358,0.32207068646508269,0.76208416820069058,0.87990202379962634,0.12009797623996414,-3.9590483669194043e-11
350,32,0.10251814199899367,0.32207024176371374,0.76208311594760736,0.87990213959607744,0.12009786044715277,-4.3230211077549541e-11
350,68,0.1025182835518358,0.32207068646508269,0.76208416820069058,0.87990202379962634,0.12009797623996414,-3.9590483669194043e-11
351,32,0.22106989844926639,0.69451156889805687,1.0684793367662413,0.85169750592968307,0.14830249407253404,-2.2171153801764376e-12
351,68,0.22106585880998411,0.69449887799696453,1.0684598123030222,0.85169754998998548,0.1483024500420663,-3.2051777898445266e-11
352,32,0.16854555140823518,0.52950146609935245,0.81461764015284988,0.85169750592968307,0.14830249407253404,-2.2171153801764376e-12
352,68,0.16854526121322433,0.52950055442483823,0.81461623757667423,0.85169754998998548,0.1483024500420663,-3.2051777898445266e-11
353,32,0.1631787361175534,0.51264111860897321,0.78867864401380494,0.85169750592968307,0.14830249407253404,-2.2171153801764376e-12
353,68,0.16317793398011737,0.51263859861989702,0.78867476710753381,0.85169754998998548,0.1483024500420663,-3.2051777898445266e-11
354,32,0.18973104236762897,0.59605764886007695,0.91701176747704138,0.85169750592968307,0.14830249407253404,-2.2171153801764376e-12
354,68,0.1897312244439589,0.59605822086973748,0.91701264749190381,0.85169754998998548,0.1483024500420663,-3.2051777898445266e-11
355,32,0.17569394121527476,0.55195879500214418,0.84916737692637567,0.85169750592968307,0.14830249407253404,-2.2171153801764376e-12
355,68,0.17569396487789635,0.55195886934046234,0.84916749129301894,0.85169754998998548,0.1483024500420663,-3.2051777898445266e-11
356,32,0.17371788844934583,0.54575084214959602,0.83961668023014768,0.85169750592968307,0.14830249407253404,-2.2171153801764376e-12
356,68,0.17371523973416136,0.54574252096543108,0.83960387840835549,0.85169754998998548,0.1483024500420663,-3.2051777898445266e-11
357,32,0.1713361935520977,0.53826852695730898,0.82810542608816762,0.85169750592968307,0.14830249407253404,-2.2171153801764376e-12
357,68,0.17133581518565394,0.53826733828406892,0.82810359736010597,0.85169754998998548,0.1483024500420663,-3.2051777898445266e-11
358,32,0.1713361935520977,0.53826852695730898,0.82810542608816762,0.85169750592968307,0.14830249407253404,-2.2171153801764376e-12
358,68,0.17133581518565394,0.53826733828406892,0.82810359736010597,0.85169754998998548,0.1483024500420663,-3.2051777898445266e-11
359,32,0.1713361935520977,0.53826852695730898,0.82810542608816762,0.85169750592968307,0.14830249407253404,-2.2171153801764376e-12
359,68,0.17133581518565394,0.53826733828406892,0.82810359736010597,0.85169754998998548,0.1483024500420663,-3.2051777898445266e-11
360,32,0.22746659973509603,0.7146073986648277,0.82515754796807295,0.8261126143185209,0.17388738565992765,2.1551455064994229e-11
360,68,0.22746291970584329,0.71459583751196221,0.82514419829863483,0.82611262968438959,0.17388737035463583,-3.9025421783023262e-11
361,32,0.20950672677037294,0.65818479369944771,0.76000633563778885,0.8261126143185209,0.17388738565992765,2.1551455064994229e-11
361,68,0.20950638723333417,0.65818372701238104,0.76000510393365861,0.82611262968438959,0.17388737035463583,-3.9025421783023262e-11
362,32,0.20552664534067136,0.64568099911920807,0.74556819730420254,0.8261126143185209,0.17388738565992765,2.1551455064994229e-11
362,68,0.20552509538952818,0.64567612980408318,0.74556257470340626,0.82611262968438959,0.17388737035463583,-3.9025421783023262e-11
363,32,0.23870133878167091,0.74990237231854573,0.8659126730481026,0.8261126143185209,0.17388738565992765,2.1551455064994229e-11
363,68,0.23869620375251369,0.74988624014866945,0.86589404522286129,0.82611262968438959,0.17388737035463583,-3.9025421783023262e-11
364,32,0.23322071716067258,0.73268449169691197,0.84603117702455244,0.8261126143185209,0.17388738565992765,2.1551455064994229e-11
364,68,0.23322077262540697,0.73268466594451409,0.84603137822835239,0.82611262968438959,0.17388737035463583,-3.9025421783023262e-11
365,32,0.23225244637811487,0.72964257931974308,0.84251867916493306,0.8261126143185209,0.17388738565992765,2.1551455064994229e-11
365,68,0.23225234093476388,0.72964224805968614,0.84251829665876687,0.82611262968438959,0.17388737035463583,-3.9025421783023262e-11
366,32,0.23694053599578035,0.74437064722197155,0.85952518710092241,0.8261126143185209,0.17388738565992765,2.1551455064994229e-11
366,68,0.23694038283222907,0.74437016604448403,0.85952463148501845,0.82611262968438959,0.17388737035463583,-3.9025421783023262e-11
367,32,0.23694053599578035,0.74437064722197155,0.85952518710092241,0.8261126143185209,0.17388738565992765,2.1551455064994229e-11
367,68,0.23694038283222907,0.74437016604448403,0.85952463148501845,0.82611262968438959,0.17388737035463583,-3.9025421783023262e-11
368,32,0.23694053599578035,0.74437064722197155,0.85952518710092241,0.8261126143185209,0.17388738565992765,2.1551455064994229e-11
368,68,0.23694038283222907,0.74437016604448403,0.85952463148501845,0.82611262968438959,0.17388737035463583,-3.9025421783023262e-11
369,32,0.2330902713063456,0.73227468395926709,0.74721906526455828,0.81285435492489422,0.18714564504117753,3.392824909909109e-11
369,68,0.23308902458972042,0.73227076728347629,0.74721506865660847,0.81285433032614363,0.18714566966206456,1.1791817522421866e-11
370,32,0.22904167748349524,0.71955565134803134,0.73424046055921566,0.81285435492489422,0.18714564504117753,3.392824909909109e-11
370,68,0.22904118355948697,0.7195540996399955,0.73423887718366887,0.81285433032614363,0.18714566966206456,1.1791817522421866e-11
371,32,0.22682980168134909,0.71260683857735596,0.72714983528301635,0.81285435492489422,0.18714564504117753,3.392824909909109e-11
371,68,0.22683266421107434,0.71261583147971153,0.72715901171399133,0.81285433032614363,0.18714566966206456,1.1791817522421866e-11
372,32,0.26287426419761339,0.82584385722104459,0.84269781349086181,0.81285435492489422,0.18714564504117753,3.392824909909109e-11
372,68,0.26287555029921783,0.82584789762839683,0.84270193635550694,0.81285433032614363,0.18714566966206456,1.1791817522421866e-11
373,32,0.2617154062195502,0.82220319751060733,0.83898285460266053,0.81285435492489422,0.18714564504117753,3.392824909909109e-11
373,68,0.26171518864119753,0.82220251396805299,0.83898215711025814,0.81285433032614363,0.18714566966206456,1.1791817522421866e-11
374,32,0.26121340814313121,0.82062612404161328,0.83737359596082994,0.81285435492489422,0.18714564504117753,3.392824909909109e-11
374,68,0.26121329576750896,0.8206257710031839,0.83737323571753464,0.81285433032614363,0.18714566966206456,1.1791817522421866e-11
375,32,0.27084176998478943,0.85087451486947097,0.86823930088721524,0.81285435492489422,0.18714564504117753,3.392824909909109e-11
375,68,0.27084076747018843,0.85087136537696539,0.86823608711935241,0.81285433032614363,0.18714566966206456,1.1791817522421866e-11
376,32,0.27084176998478943,0.85087451486947097,0.86823930088721524,0.81285435492489422,0.18714564504117753,3.392824909909109e-11
376,68,0.27084076747018843,0.85087136537696539,0.86823608711935241,0.81285433032614363,0.18714566966206456,1.1791817522421866e-11
377,32,0.27084176998478943,0.85087451486947097,0.86823930088721524,0.81285435492489422,0.18714564504117753,3.392824909909109e-11
377,68,0.27084076747018843,0.85087136537696539,0.86823608711935241,0.81285433032614363,0.18714566966206456,1.1791817522421866e-11
378,32,0.17672240539553011,0.55518981051531457,3.7012654034354306,0.97268631918401516,0.027313680813843728,2.1411136752469417e-12
378,68,0.17671599077930322,0.5551696584041006,3.7011310560273376,0.97268685579056591,0.027313144211039298,-1.6052055518134267e-12
379,32,0.042943498272333208,0.13491097869180799,0.89940652461205328,0.97268631918401516,0.027313680813843728,2.1411136752469417e-12
379,68,0.042942427497124791,0.13490761475227958,0.89938409834853061,0.97268685579056591,0.027313144211039298,-1.6052055518134267e-12
380,32,0.039990047112172952,0.12563243822431228,0.83754958816208191,0.97268631918401516,0.027313680813843728,2.1411136752469417e-12
380,68,0.039989103425299384,0.12562947354456297,0.83752982363041983,0.97268685579056591,0.027313144211039298,-1.6052055518134267e-12
381,32,0.049732838222993403,0.15624031920352574,1.041602128023505,0.97268631918401516,0.027313680813843728,2.1411136752469417e-12
381,68,0.049733741324355436,0.15624315638013014,1.041621042534201,0.97268685579056591,0.027313144211039298,-1.6052055518134267e-12
382,32,0.035089463734717219,0.11023680148739308,0.73491200991595385,0.97268631918401516,0.027313680813843728,2.1411136752469417e-12
382,68,0.035088739614627405,0.1102345265970386,0.73489684398025734,0.97268685579056591,0.027313144211039298,-1.6052055518134267e-12
383,32,0.033748802272420227,0.1060249892864899,0.70683326190993268,0.97268631918401516,0.027313680813843728,2.1411136752469417e-12
383,68,0.033748024588037356,0.10602254611894586,0.70681697412630573,0.97268685579056591,0.027313144211039298,-1.6052055518134267e-12
384,32,0.031502021286499676,0.098966518646896665,0.65977679097931108,0.97268631918401516,0.027313680813843728,2.1411136752469417e-12
384,68,0.031501684804218895,0.098965461556635298,0.65976974371090202,0.97268685579056591,0.027313144211039298,-1.6052055518134267e-12
385,32,0.031502021286499676,0.098966518646896665,0.65977679097931108,0.97268631918401516,0.027313680813843728,2.1411136752469417e-12
385,68,0.031501684804218895,0.098965461556635298,0.65976974371090202,0.97268685579056591,0.027313144211039298,-1.6052055518134267e-12
386,32,0.031502021286499676,0.098966518646896665,0.65977679097931108,0.97268631918401516,0.027313680813843728,2.1411136752469417e-12
386,68,0.031501684804218895,0.098965461556635298,0.65976974371090202,0.97268685579056591,0.027313144211039298,-1.6052055518134267e-12
387,32,0.22372039906490743,0.70283836216049,2.3427945405349666,0.9649700894319676,0.03502991057738538,-9.3529836653338805e-12
387,68,0.2237170460794799,0.70282782844610325,2.3427594281536774,0.96497017096769389,0.035029829032759897,-4.5378284463382101e-13
388,32,0.090004862533940022,0.28275861492398519,0.94252871641328395,0.9649700894319676,0.03502991057738538,-9.3529836653338805e-12
388,68,0.090004413542988021,0.28275720437730884,0.94252401459102952,0.96497017096769389,0.035029829032759897,-4.5378284463382101e-13
389,32,0.084785723316693803,0.26636220550102208,0.88787401833674029,0.9649700894319676,0.03502991057738538,-9.3529836653338805e-12
389,68,0.084785413897463746,0.26636123343184204,0.88787077810614012,0.96497017096769389,0.035029829032759897,-4.5378284463382101e-13
390,32,0.10258873790947082,0.32229202535744222,1.0743067511914741,0.9649700894319676,0.03502991057738538,-9.3529836653338805e-12
390,68,0.10259074317989383,0.32229832510027162,1.0743277503342388,0.96497017096769389,0.035029829032759897,-4.5378284463382101e-13
391,32,0.081399691378164274,0.25572467243811731,0.85241557479372443,0.9649700894319676,0.03502991057738538,-9.3529836653338805e-12
391,68,0.081399504390747404,0.25572408499982213,0.85241361666607385,0.96497017096769389,0.035029829032759897,-4.5378284463382101e-13
392,32,0.079023159425561484,0.24825857711479898,0.82752859038266335,0.9649700894319676,0.03502991057738538,-9.3529836653338805e-12
392,68,0.079023061388032917,0.24825826912081944,0.82752756373606484,0.96497017096769389,0.035029829032759897,-4.5378284463382101e-13
393,32,0.075486834954165472,0.23714888613475146,0.79049628711583819,0.9649700894319676,0.03502991057738538,-9.3529836653338805e-12
393,68,0.075487699116818657,0.23715160098179422,0.79050533660598077,0.96497017096769389,0.035029829032759897,-4.5378284463382101e-13
394,32,0.075486834954165472,0.23714888613475146,0.79049628711583819,0.9649700894319676,0.03502991057738538,-9.3529836653338805e-12
394,68,0.075487699116818657,0.23715160098179422,0.79050533660598077,0.96497017096769389,0.035029829032759897,-4.5378284463382101e-13
395,32,0.075486834954165472,0.23714888613475146,0.79049628711583819,0.9649700894319676,0.03502991057738538,-9.3529836653338805e-12
395,68,0.075487699116818657,0.23715160098179422,0.79050533660598077,0.96497017096769389,0.035029829032759897,-4.5378284463382101e-13
396,32,0.2306835386879344,0.72471371044611155,1.7148187289899106,0.95943292194043295,0.040567078071588894,-1.202184185533639e-11
396,68,0.23068414049838573,0.72471560108940425,1.714823202633063,0.95943288280802763,0.040567117183920511,8.0518577916244283e-12
397,32,0.12536291545122924,0.39383921421418017,0.93190297218112905,0.95943292194043295,0.040567078071588894,-1.202184185533639e-11
397,68,0.12536287299899873,0.39383908084656466,0.9319026566064661,0.95943288280802763,0.040567117183920511,8.0518577916244283e-12
398,32,0.11945620681573875,0.37528274175802784,0.88799461767765575,0.95943292194043295,0.040567078071588894,-1.202184185533639e-11
398,68,0.11945566235240665,0.37528103127602358,0.88799057033242934,0.95943288280802763,0.040567117183920511,8.0518577916244283e-12
399,32,0.14266063552749503,0.44818160452962941,1.0604880221778361,0.95943292194043295,0.040567078071588894,-1.202184185533639e-11
399,68,0.14265798262114746,0.4481732701785372,1.0604683014230871,0.95943288280802763,0.040567117183920511,8.0518577916244283e-12
400,32,0.12167798109994989,0.38226265152724026,0.90451049122382776,0.95943292194043295,0.040567078071588894,-1.202184185533639e-11
400,68,0.12167821013347767,0.38226337105728858,0.90451219377696723,0.95943288280802763,0.040567117183920511,8.0518577916244283e-12
401,32,0.11904612737874251,0.37399443921137221,0.88494623415217977,0.95943292194043295,0.040567078071588894,-1.202184185533639e-11
401,68,0.11904703217211766,0.37399728170359259,0.88495296006177171,0.95943288280802763,0.040567117183920511,8.0518577916244283e-12
402,32,0.11608845903165702,0.36470265006041336,0.86295998795286177,0.95943292194043295,0.040567078071588894,-1.202184185533639e-11
402,68,0.11608861949345432,0.36470315416601695,0.86296118076833905,0.95943288280802763,0.040567117183920511,8.0518577916244283e-12
403,32,0.11608845903165702,0.36470265006041336,0.86295998795286177,0.95943292194043295,0.040567078071588894,-1.202184185533639e-11
403,68,0.11608861949345432,0.36470315416601695,0.86296118076833905,0.95943288280802763,0.040567117183920511,8.0518577916244283e-12
404,32,0.11608845903165702,0.36470265006041336,0.86295998795286177,0.95943292194043295,0.040567078071588894,-1.202184185533639e-11
404,68,0.11608861949345432,0.36470315416601695,0.86296118076833905,0.95943288280802763,0.040567117183920511,8.0518577916244283e-12
405,32,0.23610791179711782,0.74175488115625221,1.1411613556250033,0.94990586149889433,0.050094138503067001,-1.9613338730906094e-12
405,68,0.23610385205306209,0.74174212709415122,1.1411417339910019,0.94990587635961954,0.050094123633592842,6.7876190779081469e-12
406,32,0.18358356475608589,0.57674477835754545,0.88729965901160834,0.94990586149889433,0.050094138503067001,-1.9613338730906094e-12
406,68,0.18358325445630158,0.5767438035220227,0.88729815926465028,0.94990587635961954,0.050094123633592842,6.7876190779081469e-12
407,32,0.17821674946540342,0.55988443086716411,0.86136066287256019,0.94990586149889433,0.050094138503067001,-1.9613338730906094e-12
407,68,0.17821592722319396,0.55988184771707938,0.86135668879550675,0.94990587635961954,0.050094123633592842,6.7876190779081469e-12
408,32,0.21072054830924369,0.66199812652873313,1.0184586561980509,0.94990586149889433,0.050094138503067001,-1.9613338730906094e-12
408,68,0.21072072874460845,0.66199869338314943,1.0184595282817683,0.94990587635961954,0.050094123633592842,6.7876190779081469e-12
409,32,0.19668344715688771,0.6178992726707947,0.95061426564737639,0.94990586149889433,0.050094138503067001,-1.9613338730906094e-12
409,68,0.19668346917854412,0.61789934185386874,0.95061437208287491,0.94990587635961954,0.050094123633592842,6.7876190779081469e-12
410,32,0.19470739439095699,0.61169131981824099,0.94106356895113996,0.94990586149889433,0.050094138503067001,-1.9613338730906094e-12
410,68,0.19470474403480736,0.61168299347883193,0.94105075919820291,0.94990587635961954,0.050094123633592842,6.7876190779081469e-12
411,32,0.1971093895042848,0.61923741002023025,0.95267293849266188,0.94990586149889433,0.050094138503067001,-1.9613338730906094e-12
411,68,0.19710901453820173,0.61923623202953826,0.95267112619928962,0.94990587635961954,0.050094123633592842,6.7876190779081469e-12
412,32,0.1971093895042848,0.61923741002023025,0.95267293849266188,0.94990586149889433,0.050094138503067001,-1.9613338730906094e-12
412,68,0.19710901453820173,0.61923623202953826,0.95267112619928962,0.94990587635961954,0.050094123633592842,6.7876190779081469e-12
413,32,0.1971093895042848,0.61923741002023025,0.95267293849266188,0.94990586149889433,0.050094138503067001,-1.9613338730906094e-12
413,68,0.19710901453820173,0.61923623202953826,0.95267112619928962,0.94990587635961954,0.050094123633592842,6.7876190779081469e-12
414,32,0.25095899844407138,0.78841094586414695,0.9103785436534253,0.94126370639896073,0.058736293603004551,-1.9652821037219326e-12
414,68,0.25095529190291438,0.78839930142167791,0.9103650978094372,0.94126371156577415,0.058736288434981569,-7.5572187396844015e-13
415,32,0.23299912547934701,0.73198834089876297,0.84522733132313665,0.94126370639896073,0.058736293603004551,-1.9652821037219326e-12
415,68,0.2329987594304036,0.73198719092209152,0.84522600344445498,0.94126371156577415,0.058736288434981569,-7.5572187396844015e-13
416,32,0.22901904404964404,0.71948454631851899,0.83078919298954534,0.94126370639896073,0.058736293603004551,-1.9652821037219326e-12
416,68,0.22901746758659627,0.71947959371378944,0.83078347421419774,0.94126371156577415,0.058736288434981569,-7.5572187396844015e-13
417,32,0.27149116485136615,0.85291464901158731,0.98486100440523017,0.94126370639896073,0.058736293603004551,-1.9652821037219326e-12
417,68,0.27148603411815847,0.85289853033783458,0.98484239216396996,0.94126371156577415,0.058736288434981569,-7.5572187396844015e-13
418,32,0.26601054323036422,0.83569676838994233,0.96497950838166702,0.94126370639896073,0.058736293603004551,-1.9652821037219326e-12
418,68,0.26601060299104823,0.83569695613366812,0.9649797251694483,0.94126371156577415,0.058736288434981569,-7.5572187396844015e-13
419,32,0.26504227244780321,0.83265485601276301,0.96146701052203554,0.94126370639896073,0.058736293603004551,-1.9652821037219326e-12
419,68,0.2650421713004017,0.83265453824882951,0.96146664359985046,0.94126371156577415,0.058736288434981569,-7.5572187396844015e-13
420,32,0.27720344713650602,0.87086031307381384,1.0055828723594562,0.94126370639896073,0.058736293603004551,-1.9652821037219326e-12
420,68,0.27720330770052864,0.87085987502277173,1.0055823665416821,0.94126371156577415,0.058736288434981569,-7.5572187396844015e-13
421,32,0.27720344713650602,0.87086031307381384,1.0055828723594562,0.94126370639896073,0.058736293603004551,-1.9652821037219326e-12
421,68,0.27720330770052864,0.87085987502277173,1.0055823665416821,0.94126371156577415,0.058736288434981569,-7.5572187396844015e-13
422,32,0.27720344713650602,0.87086031307381384,1.0055828723594562,0.94126370639896073,0.058736293603004551,-1.9652821037219326e-12
422,68,0.27720330770052864,0.87085987502277173,1.0055823665416821,0.94126371156577415,0.058736288434981569,-7.5572187396844015e-13
423,32,0.26170136448342668,0.82215908409555805,0.83893784091383472,0.93678528408878559,0.063214715936912497,-2.5698082550817958e-11
423,68,0.2617000917616582,0.8221550857222002,0.83893376094102068,0.93678527574191706,0.063214724243794096,1.4288847882681921e-11
424,32,0.25765277066057546,0.80944005148431963,0.82595923620848943,0.93678528408878559,0.063214715936912497,-2.5698082550817958e-11
424,68,0.25765225073142356,0.80943841807871564,0.82595756946807719,0.93678527574191706,0.063214724243794096,1.4288847882681921e-11
425,32,0.25544089485842825,0.80249123871364092,0.81886861093228669,0.93678528408878559,0.063214715936912497,-2.5698082550817958e-11
425,68,0.25544373138301002,0.80250014991842877,0.81887770399839677,0.93678527574191706,0.063214724243794096,1.4288847882681921e-11
426,32,0.30280857573862308,0.95130119698444671,0.9707155071269864,0.93678528408878559,0.063214715936912497,-2.5698082550817958e-11
426,68,0.30280987582502639,0.9513052813263404,0.97071967482279631,0.93678527574191706,0.063214724243794096,1.4288847882681921e-11
427,32,0.30164971776055738,0.94766053727400157,0.96700054823877712,0.93678528408878559,0.063214715936912497,-2.5698082550817958e-11
427,68,0.30164951416700353,0.94765989766598846,0.96699989557753929,0.93678527574191706,0.063214724243794096,1.4288847882681921e-11
428,32,0.30114771968413589,0.94608346380499964,0.96539128959693843,0.93678528408878559,0.063214715936912497,-2.5698082550817958e-11
428,68,0.30114762129331241,0.94608315470111137,0.96539097418480757,0.93678527574191706,0.063214724243794096,1.4288847882681921e-11
429,32,0.31987745664973627,1.0049246678597989,1.0254333345508153,0.93678528408878559,0.063214715936912497,-2.5698082550817958e-11
429,68,0.31987648162859611,1.004921604740548,1.0254302089189267,0.93678527574191706,0.063214724243794096,1.4288847882681921e-11
430,32,0.31987745664973627,1.0049246678597989,1.0254333345508153,0.93678528408878559,0.063214715936912497,-2.5698082550817958e-11
430,68,0.31987648162859611,1.004921604740548,1.0254302089189267,0.93678527574191706,0.063214724243794096,1.4288847882681921e-11
431,32,0.31987745664973627,1.0049246678597989,1.0254333345508153,0.93678528408878559,0.063214715936912497,-2.5698082550817958e-11
431,68,0.31987648162859611,1.004921604740548,1.0254302089189267,0.93678527574191706,0.063214724243794096,1.4288847882681921e-11
432,32,0.021596709524125408,0.067848063982705098,0.45232042655136734,0.06543456472347392,0.93456543544221327,-1.6568724170440419e-10
432,68,0.021592486162555932,0.06783479590102498,0.4522319726734999,0.065434049282982187,0.93456595121575414,-4.9873627450125468e-10
433,32,0.0020580969073911758,0.006465702124635991,0.043104680830906607,0.06543456472347392,0.93456543544221327,-1.6568724170440419e-10
433,68,0.0020575707341497409,0.0064640491026461836,0.043093660684307894,0.065434049282982187,0.93456595121575414,-4.9873627450125468e-10
434,32,0.0014862048509554108,0.0046690502414910321,0.031127001609940214,0.06543456472347392,0.93456543544221327,-1.6568724170440419e-10
434,68,0.0014858587569541867,0.0046679629551193346,0.031119753034128898,0.065434049282982187,0.93456595121575414,-4.9873627450125468e-10
435,32,0.0028472557002260086,0.0089449175907216905,0.059632783938144605,0.06543456472347392,0.93456543544221327,-1.6568724170440419e-10
435,68,0.0028467377376596406,0.0089432903633283548,0.059621935755522368,0.065434049282982187,0.93456595121575414,-4.9873627450125468e-10
436,32,0.00097251805249242167,0.0030552555691936447,0.020368370461290964,0.06543456472347392,0.93456543544221327,-1.6568724170440419e-10
436,68,0.00097232762492158132,0.0030546573233360516,0.020364382155573679,0.065434049282982187,0.93456595121575414,-4.9873627450125468e-10
437,32,0.00074320890339965411,0.0023348596310028796,0.015565730873352531,0.06543456472347392,0.93456543544221327,-1.6568724170440419e-10
437,68,0.00074307532993190628,0.0023344399975778886,0.015562933317185924,0.065434049282982187,0.93456595121575414,-4.9873627450125468e-10
438,32,0.00065338993391200479,0.0020526850163074747,0.013684566775383166,0.06543456472347392,0.93456543544221327,-1.6568724170440419e-10
438,68,0.00065328169917228324,0.0020523449868443022,0.013682299912295349,0.065434049282982187,0.93456595121575414,-4.9873627450125468e-10
439,32,0.00065338993391200479,0.0020526850163074747,0.013684566775383166,0.06543456472347392,0.93456543544221327,-1.6568724170440419e-10
439,68,0.00065328169917228324,0.0020523449868443022,0.013682299912295349,0.065434049282982187,0.93456595121575414,-4.9873627450125468e-10
440,32,0.00065338993391200479,0.0020526850163074747,0.013684566775383166,0.06543456472347392,0.93456543544221327,-1.6568724170440419e-10
440,68,0.00065328169917228324,0.0020523449868443022,0.013682299912295349,0.065434049282982187,0.93456595121575414,-4.9873627450125468e-10
441,32,0.012693433769764886,0.039877598279921961,0.13292532759973988,0.024981286523754358,0.9750187128279979,6.4824778878147526e-10
441,68,0.012690939536319383,0.039869762414453232,0.13289920804817745,0.024981211362894572,0.97501878891404314,-2.7693769499848031e-10
442,32,0.00202647587083409,0.0063663617084893558,0.02122120569496452,0.024981286523754358,0.9750187128279979,6.4824778878147526e-10
442,68,0.0020260653957397796,0.006365072162948588,0.021216907209828627,0.024981211362894572,0.97501878891404314,-2.7693769499848031e-10
443,32,0.001520039044595441,0.0047753434956706855,0.01591781165223562,0.024981286523754358,0.9750187128279979,6.4824778878147526e-10
443,68,0.0015197640386142234,0.004774479538900399,0.015914931796334665,0.024981211362894572,0.97501878891404314,-2.7693769499848031e-10
444,32,0.002120205394829414,0.0066608216924975332,0.022202738974991778,0.024981286523754358,0.9750187128279979,6.4824778878147526e-10
444,68,0.0021198778590490372,0.0066597927084961145,0.022199309028320381,0.024981211362894572,0.97501878891404314,-2.7693769499848031e-10
445,32,0.00093176276815234017,0.0029272190673158816,0.0097573968910529395,0.024981286523754358,0.9750187128279979,6.4824778878147526e-10
445,68,0.00093162740759274003,0.0029267938195762558,0.0097559793985875203,0.024981211362894572,0.97501878891404314,-2.7693769499848031e-10
446,32,0.00075507434401396337,0.0023721360120683996,0.0079071200402279999,0.024981286523754358,0.9750187128279979,6.4824778878147526e-10
446,68,0.00075497723680517756,0.0023718309407746675,0.0079061031359155595,0.024981211362894572,0.97501878891404314,-2.7693769499848031e-10
447,32,0.00061555813898004816,0.0019338329272771241,0.0064461097575904142,0.024981286523754358,0.9750187128279979,6.4824778878147526e-10
447,68,0.00061548470584997809,0.0019336022302951659,0.0064453407676505533,0.024981211362894572,0.97501878891404314,-2.7693769499848031e-10
448,32,0.00061555813898004816,0.0019338329272771241,0.0064461097575904142,0.024981286523754358,0.9750187128279979,6.4824778878147526e-10
448,68,0.00061548470584997809,0.0019336022302951659,0.0064453407676505533,0.024981211362894572,0.97501878891404314,-2.7693769499848031e-10
449,32,0.00061555813898004816,0.0019338329272771241,0.0064461097575904142,0.024981286523754358,0.9750187128279979,6.4824778878147526e-10
449,68,0.00061548470584997809,0.0019336022302951659,0.0064453407676505533,0.024981211362894572,0.97501878891404314,-2.7693769499848031e-10
450,32,0.0084519371921480731,0.02655254379145473,0.062828671156066232,0.014505258595136772,0.98549474106449475,3.4036851115359923e-10
450,68,0.0084504565973447764,0.02654789236569775,0.062817664945076138,0.01450524201948232,0.98549475790539953,7.5118133935347942e-11
451,32,0.0019604798693359871,0.0061590291550166149,0.014573504537282709,0.014505258595136772,0.98549474106449475,3.4036851115359923e-10
451,68,0.0019601489424853178,0.006157989517653676,0.014571044545708619,0.01450524201948232,0.98549475790539953,7.5118133935347942e-11
452,32,0.001515669959683342,0.0047616176106079254,0.01126694712858729,0.014505258595136772,0.98549474106449475,3.4036851115359923e-10
452,68,0.0015154458195473731,0.0047609134536033904,0.011265280951168372,0.01450524201948232,0.98549475790539953,7.5118133935347942e-11
453,32,0.0016826401084027635,0.0052861698031936551,0.012508143357129757,0.014505258595136772,0.98549474106449475,3.4036851115359923e-10
453,68,0.00168242989822809,0.0052855094084531913,0.012506580730049366,0.01450524201948232,0.98549475790539953,7.5118133935347942e-11
454,32,0.00088659121227260395,0.0027853084392128816,0.0065906012384335348,0.014505258595136772,0.98549474106449475,3.4036851115359923e-10
454,68,0.00088649185303270252,0.0027849962929547408,0.006589862637463347,0.01450524201948232,0.98549475790539953,7.5118133935347942e-11
455,32,0.00075039050115524738,0.0023574212857528885,0.005578133978505883,0.014505258595136772,0.98549474106449475,3.4036851115359923e-10
455,68,0.00075031744725417198,0.0023571917801539538,0.0055775909219943414,0.01450524201948232,0.98549475790539953,7.5118133935347942e-11
456,32,0.00058178205713028865,0.0018277222366708721,0.0043247592499736434,0.014505258595136772,0.98549474106449475,3.4036851115359923e-10
456,68,0.00058173081789734916,0.0018275612638730938,0.0043243783558846961,0.01450524201948232,0.98549475790539953,7.5118133935347942e-11
457,32,0.00058178205713028865,0.0018277222366708721,0.0043247592499736434,0.014505258595136772,0.98549474106449475,3.4036851115359923e-10
457,68,0.00058173081789734916,0.0018275612638730938,0.0043243783558846961,0.01450524201948232,0.98549475790539953,7.5118133935347942e-11
458,32,0.00058178205713028865,0.0018277222366708721,0.0043247592499736434,0.014505258595136772,0.98549474106449475,3.4036851115359923e-10
458,68,0.00058173081789734916,0.0018275612638730938,0.0043243783558846961,0.01450524201948232,0.98549475790539953,7.5118133935347942e-11
459,32,0.0043811805309609472,0.013763884570117541,0.02117520703095006,0.007107323999744731,0.9928926760997453,-9.9490082838826766e-11
459,68,0.0043805056668491842,0.013761764421981855,0.021171945264587468,0.007107339694471056,0.99289266142195398,-1.1164250635076201e-09
460,32,0.0018474385788456863,0.0058038994672599759,0.0089290761034768861,0.007107323999744731,0.9928926760997453,-9.9490082838826766e-11
460,68,0.0018471879019000177,0.0058031119424090394,0.0089278645267831368,0.007107339694471056,0.99289266142195398,-1.1164250635076201e-09
461,32,0.0015067186217826106,0.0047334961532191876,0.0072823017741833656,0.007107323999744731,0.9928926760997453,-9.9490082838826766e-11
461,68,0.0015065361424334116,0.0047329228774363116,0.007281419811440479,0.007107339694471056,0.99289266142195398,-1.1164250635076201e-09
462,32,0.0011721824469653665,0.0036825197640533028,0.0056654150216204659,0.007107323999744731,0.9928926760997453,-9.9490082838826766e-11
462,68,0.0011720741367945407,0.0036821794976163273,0.0056648915347943495,0.007107339694471056,0.99289266142195398,-1.1164250635076201e-09
463,32,0.00082031352462776737,0.0025770909426109439,0.0039647552963245286,0.007107323999744731,0.9928926760997453,-9.9490082838826766e-11
463,68,0.00082024834991470028,0.0025768861902111724,0.0039644402926325723,0.007107339694471056,0.99289266142195398,-1.1164250635076201e-09
464,32,0.00074252202477331742,0.0023327017381564725,0.0035887719048561116,0.007107323999744731,0.9928926760997453,-9.9490082838826766e-11
464,68,0.00074247063436031814,0.0023325402904125288,0.0035885235237115825,0.007107339694471056,0.99289266142195398,-1.1164250635076201e-09
465,32,0.00053872109828424081,0.0016924422447035959,0.0026037572995439937,0.007107323999744731,0.9928926760997453,-9.9490082838826766e-11
465,68,0.00053869003703094838,0.0016923446628984411,0.0026036071736899092,0.007107339694471056,0.99289266142195398,-1.1164250635076201e-09
466,32,0.00053872109828424081,0.0016924422447035959,0.0026037572995439937,0.007107323999744731,0.9928926760997453,-9.9490082838826766e-11
466,68,0.00053869003703094838,0.0016923446628984411,0.0026036071736899092,0.007107339694471056,0.99289266142195398,-1.1164250635076201e-09
467,32,0.00053872109828424081,0.0016924422447035959,0.0026037572995439937,0.007107323999744731,0.9928926760997453,-9.9490082838826766e-11
467,68,0.00053869003703094838,0.0016923446628984411,0.0026036071736899092,0.007107339694471056,0.99289266142195398,-1.1164250635076201e-09
468,32,0.0025660878095821365,0.0080616026110495644,0.009308736875178511,0.0044416091406243446,0.99555839022732107,6.3205463085580504e-10
468,68,0.0025657515020296616,0.0080605460697133618,0.0093075168863287778,0.0044416104664502833,0.99555839010589731,-5.7234761374758136e-10
469,32,0.0017615850469033336,0.0055341826420251443,0.0063903236762355422,0.0044416091406243446,0.99555839022732107,6.3205463085580504e-10
469,68,0.0017613763538033671,0.0055335270133154346,0.0063895666214114633,0.0044416104664502833,0.99555839010589731,-5.7234761374758136e-10
470,32,0.0015239910969895762,0.0047877592344387028,0.0055284281656366027,0.0044416091406243446,0.99555839022732107,6.3205463085580504e-10
470,68,0.0015238228656852151,0.0047872307202088179,0.005527817889970814,0.0044416104664502833,0.99555839010589731,-5.7234761374758136e-10
471,32,0.0008962987086807956,0.0028158054386136057,0.0032514120559383546,0.0044416091406243446,0.99555839022732107,6.3205463085580504e-10
471,68,0.00089623607276449811,0.0028156086620791144,0.0032511848379680373,0.0044416104664502833,0.99555839010589731,-5.7234761374758136e-10
472,32,0.00077850767433131855,0.0024457539904425454,0.0028241134495072097,0.0044416091406243446,0.99555839022732107,6.3205463085580504e-10
472,68,0.00077845908255869795,0.0024456013348866557,0.0028239371780546373,0.0044416104664502833,0.99555839010589731,-5.7234761374758136e-10
473,32,0.00073948783093441789,0.0023231695370826183,0.0026825651152155758,0.0044416091406243446,0.99555839022732107,6.3205463085580504e-10
473,68,0.00073944586015384358,0.0023230376819867006,0.0026824128620653313,0.0044416104664502833,0.99555839010589731,-5.7234761374758136e-10
474,32,0.00051797582474101544,0.0016272690457434884,0.0018790084432078968,0.0044416091406243446,0.99555839022732107,6.3205463085580504e-10
474,68,0.00051795415106743324,0.0016272009558897862,0.0018789298198171687,0.0044416104664502833,0.99555839010589731,-5.7234761374758136e-10
475,32,0.00051797582474101544,0.0016272690457434884,0.0018790084432078968,0.0044416091406243446,0.99555839022732107,6.3205463085580504e-10
475,68,0.00051795415106743324,0.0016272009558897862,0.0018789298198171687,0.0044416104664502833,0.99555839010589731,-5.7234761374758136e-10
476,32,0.00051797582474101544,0.0016272690457434884,0.0018790084432078968,0.0044416091406243446,0.99555839022732107,6.3205463085580504e-10
476,68,0.00051795415106743324,0.0016272009558897862,0.0018789298198171687,0.0044416104664502833,0.99555839010589731,-5.7234761374758136e-10
477,32,0.0019127515202128865,0.0060090861240435127,0.0061317205347382782,0.0036497254245399799,0.99635027474208149,-1.6662149437962626e-10
477,68,0.0019125387003913307,0.006008417530855575,0.0061310382967914032,0.0036497291212026161,0.99635027098636331,-1.0756595614225262e-10
478,32,0.0017234631286576728,0.0054144191037238248,0.0055249174527794136,0.0036497254245399799,0.99635027474208149,-1.6662149437962626e-10
478,68,0.0017232717083667133,0.0054138177391439991,0.0055243038154530605,0.0036497291212026161,0.99635027098636331,-1.0756595614225262e-10
479,32,0.0016050785837588067,0.0050425030871709764,0.0051454113134397723,0.0036497254245399799,0.99635027474208149,-1.6662149437962626e-10
479,68,0.0016049110229810258,0.0050419766794624708,0.0051448741627168068,0.0036497291212026161,0.99635027098636331,-1.0756595614225262e-10
480,32,0.00079015606886759324,0.0024823485011438214,0.0025330086746365526,0.0036497254245399799,0.99635027474208149,-1.6662149437962626e-10
480,68,0.00079011111687267541,0.0024822072802868234,0.0025328645717212486,0.0036497291212026161,0.99635027098636331,-1.0756595614225262e-10
481,32,0.0007629255800732529,0.0023968013975938628,0.0024457157118304724,0.0036497254245399799,0.99635027474208149,-1.6662149437962626e-10
481,68,0.00076288321628590608,0.0023966683078307559,0.0024455799059497508,0.0036497291212026161,0.99635027098636331,-1.0756595614225262e-10
482,32,0.00074607888255199411,0.002343875936423827,0.0023917101392079867,0.0036497254245399799,0.99635027474208149,-1.6662149437962626e-10
482,68,0.00074603965148070932,0.0023437526883784859,0.0023915843758964142,0.0036497291212026161,0.99635027098636331,-1.0756595614225262e-10
483,32,0.00051303367419263377,0.0016117428218877577,0.0016446355325385282,0.0036497254245399799,0.99635027474208149,-1.6662149437962626e-10
483,68,0.00051301548486158786,0.0016116856784189702,0.0016445772228765002,0.0036497291212026161,0.99635027098636331,-1.0756595614225262e-10
484,32,0.00051303367419263377,0.0016117428218877577,0.0016446355325385282,0.0036497254245399799,0.99635027474208149,-1.6662149437962626e-10
484,68,0.00051301548486158786,0.0016116856784189702,0.0016445772228765002,0.0036497291212026161,0.99635027098636331,-1.0756595614225262e-10
485,32,0.00051303367419263377,0.0016117428218877577,0.0016446355325385282,0.0036497254245399799,0.99635027474208149,-1.6662149437962626e-10
485,68,0.00051301548486158786,0.0016116856784189702,0.0016445772228765002,0.0036497291212026161,0.99635027098636331,-1.0756595614225262e-10
486,32,0.062984997899110884,0.1978732066862153,1.3191547112414355,0.18418115873885235,0.81581884138592486,-1.2477718858150411e-10
486,68,0.062985225178369519,0.19787392070506454,1.3191594713670971,0.18418132769861839,0.81581867192934576,3.7203584657419242e-10
487,32,0.0067002955727248296,0.02104959934815254,0.14033066232101693,0.18418115873885235,0.81581884138592486,-1.2477718858150411e-10
487,68,0.0067003653819356314,0.021049818660256348,0.140332124401709,0.18418132769861839,0.81581867192934576,3.7203584657419242e-10
488,32,0.0047825361739635159,0.015024780509651219,0.10016520339767479,0.18418115873885235,0.81581884138592486,-1.2477718858150411e-10
488,68,0.0047825858714753283,0.01502493663898923,0.10016624425992821,0.18418132769861839,0.81581867192934576,3.7203584657419242e-10
489,32,0.0089257635519234685,0.028041113202402306,0.18694075468268204,0.18418115873885235,0.81581884138592486,-1.2477718858150411e-10
489,68,0.0089258530023236041,0.028041394219122232,0.18694262812748155,0.18418132769861839,0.81581867192934576,3.7203584657419242e-10
490,32,0.0031474907547946978,0.0098881338325048154,0.065920892216698779,0.18418115873885235,0.81581884138592486,-1.2477718858150411e-10
490,68,0.0031475145448354477,0.0098882085711220636,0.065921390474147093,0.18418132769861839,0.81581867192934576,3.7203584657419242e-10
491,32,0.00239214714962182,0.0075151519115576734,0.050101012743717824,0.18418115873885235,0.81581884138592486,-1.2477718858150411e-10
491,68,0.0023921715241462136,0.0075152284863844428,0.050101523242562951,0.18418132769861839,0.81581867192934576,3.7203584657419242e-10
492,32,0.0020893746866104419,0.0065639641660518401,0.043759761107012268,0.18418115873885235,0.81581884138592486,-1.2477718858150411e-10
492,68,0.0020894033743641951,0.0065640542912882797,0.043760361941921865,0.18418132769861839,0.81581867192934576,3.7203584657419242e-10
493,32,0.0020893746866104419,0.0065639641660518401,0.043759761107012268,0.18418115873885235,0.81581884138592486,-1.2477718858150411e-10
493,68,0.0020894033743641951,0.0065640542912882797,0.043760361941921865,0.18418132769861839,0.81581867192934576,3.7203584657419242e-10
494,32,0.0020893746866104419,0.0065639641660518401,0.043759761107012268,0.18418115873885235,0.81581884138592486,-1.2477718858150411e-10
494,68,0.0020894033743641951,0.0065640542912882797,0.043760361941921865,0.18418132769861839,0.81581867192934576,3.7203584657419242e-10
495,32,0.042058743953008654,0.13213144102198612,0.44043813673995375,0.078965526110634524,0.92103447296950525,9.1986018802003855e-10
495,68,0.042058984553785581,0.13213219689161937,0.44044065630539792,0.078965439704068385,0.92103456068192036,-3.85988796480774e-10
496,32,0.0071521074535932094,0.02246900823389323,0.074896694112977433,0.078965526110634524,0.92103447296950525,9.1986018802003855e-10
496,68,0.0071521806946569944,0.022469238327481156,0.074897461091603862,0.078965439704068385,0.92103456068192036,-3.85988796480774e-10
497,32,0.0052882339759561994,0.016613477009327939,0.055378256697759802,0.078965526110634524,0.92103447296950525,9.1986018802003855e-10
497,68,0.005288280710564381,0.01661362383042967,0.055378746101432237,0.078965439704068385,0.92103456068192036,-3.85988796480774e-10
498,32,0.0073977085290577813,0.02324058676828648,0.077468622560954936,0.078965526110634524,0.92103447296950525,9.1986018802003855e-10
498,68,0.0073977820508186491,0.023240817743710302,0.077469392479034338,0.078965439704068385,0.92103456068192036,-3.85988796480774e-10
499,32,0.0032839379375041917,0.010316795299307987,0.034389317664359959,0.078965526110634524,0.92103447296950525,9.1986018802003855e-10
499,68,0.0032839630941784307,0.010316874331330963,0.034389581104436545,0.078965439704068385,0.92103456068192036,-3.85988796480774e-10
500,32,0.0026338460296632541,0.0082744713374767239,0.027581571124922415,0.078965526110634524,0.92103447296950525,9.1986018802003855e-10
500,68,0.0026338685760745511,0.0082745421691168188,0.027581807230389398,0.078965439704068385,0.92103456068192036,-3.85988796480774e-10
501,32,0.0021463828570155875,0.0067430606153912409,0.022476868717970805,0.078965526110634524,0.92103447296950525,9.1986018802003855e-10
501,68,0.0021464085801184765,0.0067431414269023045,0.022477138089674348,0.078965439704068385,0.92103456068192036,-3.85988796480774e-10
502,32,0.0021463828570155875,0.0067430606153912409,0.022476868717970805,0.078965526110634524,0.92103447296950525,9.1986018802003855e-10
502,68,0.0021464085801184765,0.0067431414269023045,0.022477138089674348,0.078965439704068385,0.92103456068192036,-3.85988796480774e-10
503,32,0.0021463828570155875,0.0067430606153912409,0.022476868717970805,0.078965526110634524,0.92103447296950525,9.1986018802003855e-10
503,68,0.0021464085801184765,0.0067431414269023045,0.022477138089674348,0.078965439704068385,0.92103456068192036,-3.85988796480774e-10
504,32,0.02910193184327307,0.091426415284097548,0.2163333285871894,0.047445332911363429,0.95255466688512713,2.0350943152891432e-10
504,68,0.029102249199332849,0.091427412287563514,0.21633568769836897,0.047445281422711087,0.95255471905516731,-4.7787840351531941e-10
505,32,0.006998783130667984,0.021987325667374713,0.052026444803431611,0.047445332911363429,0.95255466688512713,2.0350943152891432e-10
505,68,0.0069988561575071249,0.021987555087956072,0.052026987658774428,0.047445281422711087,0.95255471905516731,-4.7787840351531941e-10
506,32,0.0053326270463770822,0.016752941953232479,0.0396408377722006,0.047445332911363429,0.95255466688512713,2.0350943152891432e-10
506,68,0.0053326799580073522,0.016753108180021424,0.03964123109829177,0.047445281422711087,0.95255471905516731,-4.7787840351531941e-10
507,32,0.0060080068229947138,0.018874710097837546,0.044661368915047656,0.047445332911363429,0.95255466688512713,2.0350943152891432e-10
507,68,0.006008073434502278,0.018874919364060355,0.04466186408111536,0.047445281422711087,0.95255471905516731,-4.7787840351531941e-10
508,32,0.0031649750290211756,0.0099430622999680685,0.023527289755568368,0.047445332911363429,0.95255466688512713,2.0350943152891432e-10
508,68,0.0031650007665459008,0.009943143156786665,0.023527481079100538,0.047445281422711087,0.95255471905516731,-4.7787840351531941e-10
509,32,0.0026475743427938495,0.0083176001051539824,0.01968111853684474,0.047445332911363429,0.95255466688512713,2.0350943152891432e-10
509,68,0.0026475963908177262,0.0083176693710638201,0.019681282433950259,0.047445281422711087,0.95255471905516731,-4.7787840351531941e-10
510,32,0.0020549951699873198,0.0064559577291946717,0.015276097399586042,0.047445332911363429,0.95255466688512713,2.0350943152891432e-10
510,68,0.002055018005387748,0.0064560294687208992,0.015276267149766576,0.047445281422711087,0.95255471905516731,-4.7787840351531941e-10
511,32,0.0020549951699873198,0.0064559577291946717,0.015276097399586042,0.047445332911363429,0.95255466688512713,2.0350943152891432e-10
511,68,0.002055018005387748,0.0064560294687208992,0.015276267149766576,0.047445281422711087,0.95255471905516731,-4.7787840351531941e-10
512,32,0.0020549951699873198,0.0064559577291946717,0.015276097399586042,0.047445332911363429,0.95255466688512713,2.0350943152891432e-10
512,68,0.002055018005387748,0.0064560294687208992,0.015276267149766576,0.047445281422711087,0.95255471905516731,-4.7787840351531941e-10
513,32,0.015457479384096905,0.048561103676094515,0.074709390270914638,0.023749683205780216,0.97625031655790961,2.3631019363534733e-10
513,68,0.015457557251646882,0.048561348304217482,0.07470976662187305,0.023749678659929996,0.97625032162245429,-2.8238433813498887e-10
514,32,0.0065737849400294276,0.020652154473875667,0.0317725453444241,0.023749683205780216,0.97625031655790961,2.3631019363534733e-10
514,68,0.0065738335419811807,0.020652307161410245,0.031772780248323453,0.023749678659929996,0.97625032162245429,-2.8238433813498887e-10
515,32,0.0052972482234180758,0.016641796102931809,0.025602763235279706,0.023749683205780216,0.97625031655790961,2.3631019363534733e-10
515,68,0.0052972792568824825,0.016641893597435606,0.025602913226824009,0.023749678659929996,0.97625032162245429,-2.8238433813498887e-10
516,32,0.0042040361411182954,0.01320736905636322,0.020319029317481876,0.023749683205780216,0.97625031655790961,2.3631019363534733e-10
516,68,0.0042040609682866201,0.013207447053212838,0.020319149312635135,0.023749678659929996,0.97625032162245429,-2.8238433813498887e-10
517,32,0.0029204044841059469,0.0091747212727779325,0.014114955804273742,0.023749683205780216,0.97625031655790961,2.3631019363534733e-10
517,68,0.0029204194596292288,0.0091747683197718581,0.014115028184264397,0.023749678659929996,0.97625032162245429,-2.8238433813498887e-10
518,32,0.0026153183720794655,0.0082162649845232659,0.012640407668497331,0.023749683205780216,0.97625031655790961,2.3631019363534733e-10
518,68,0.0026153305317712125,0.0082163031853215284,0.012640466438956197,0.023749678659929996,0.97625032162245429,-2.8238433813498887e-10
519,32,0.001896774690407436,0.005958893432899055,0.0091675283583062383,0.023749683205780216,0.97625031655790961,2.3631019363534733e-10
519,68,0.0018967870417439391,0.0059589322357670753,0.0091675880550262691,0.023749678659929996,0.97625032162245429,-2.8238433813498887e-10
520,32,0.001896774690407436,0.005958893432899055,0.0091675283583062383,0.023749683205780216,0.97625031655790961,2.3631019363534733e-10
520,68,0.0018967870417439391,0.0059589322357670753,0.0091675880550262691,0.023749678659929996,0.97625032162245429,-2.8238433813498887e-10
521,32,0.001896774690407436,0.005958893432899055,0.0091675283583062383,0.023749683205780216,0.97625031655790961,2.3631019363534733e-10
521,68,0.0018967870417439391,0.0059589322357670753,0.0091675880550262691,0.023749678659929996,0.97625032162245429,-2.8238433813498887e-10
522,32,0.0090723171624359882,0.028501524948545499,0.032910726202715158,0.014897217977533971,0.98510278222445424,-2.0198820394057293e-10
522,68,0.0090723595147322832,0.028501658002208403,0.032910879839851345,0.014897209006121055,0.98510279047982141,5.1405757428568677e-10
523,32,0.0062195504733520866,0.019539294075713837,0.022562033388777287,0.014897217977533971,0.98510278222445424,-2.0198820394057293e-10
523,68,0.0062195903984297463,0.019539419504044506,0.022562178220938239,0.014897209006121055,0.98510279047982141,5.1405757428568677e-10
524,32,0.0053425979085993365,0.016784266340739869,0.019380801379953076,0.014897217977533971,0.98510278222445424,-2.0198820394057293e-10
524,68,0.0053426239765076823,0.016784348235489223,0.019380895943864246,0.014897209006121055,0.98510279047982141,5.1405757428568677e-10
525,32,0.0031850899042150794,0.010006255044105111,0.011554228086588271,0.014897217977533971,0.98510278222445424,-2.0198820394057293e-10
525,68,0.0031851033460198568,0.010006297272780251,0.01155427684806219,0.014897209006121055,0.98510279047982141,5.1405757428568677e-10
526,32,0.0027491211607750679,0.0086366188425191972,0.0099727084272333046,0.014897217977533971,0.98510278222445424,-2.0198820394057293e-10
526,68,0.0027491328369192683,0.0086366555242080398,0.0099727507835991602,0.014897209006121055,0.98510279047982141,5.1405757428568677e-10
527,32,0.0025932773302193893,0.0081470210093381856,0.0094073695456698761,0.014897217977533971,0.98510278222445424,-2.0198820394057293e-10
527,68,0.002593286820163028,0.0081470508228754044,0.0094074039713773535,0.014897209006121055,0.98510279047982141,5.1405757428568677e-10
528,32,0.0018079182025450371,0.0056797425434067525,0.0065584017727273163,0.014897217977533971,0.98510278222445424,-2.0198820394057293e-10
528,68,0.00180792696326585,0.0056797700660228979,0.0065584335531069966,0.014897209006121055,0.98510279047982141,5.1405757428568677e-10
529,32,0.0018079182025450371,0.0056797425434067525,0.0065584017727273163,0.014897217977533971,0.98510278222445424,-2.0198820394057293e-10
529,68,0.00180792696326585,0.0056797700660228979,0.0065584335531069966,0.014897209006121055,0.98510279047982141,5.1405757428568677e-10
530,32,0.0018079182025450371,0.0056797425434067525,0.0065584017727273163,0.014897217977533971,0.98510278222445424,-2.0198820394057293e-10
530,68,0.00180792696326585,0.0056797700660228979,0.0065584335531069966,0.014897209006121055,0.98510279047982141,5.1405757428568677e-10
531,32,0.0067382445950584851,0.021168819717926866,0.021600836446864148,0.012240554799068132,0.98775944517648251,2.4449331448295197e-11
531,68,0.0067383141156222666,0.021169038123219318,0.021601059309407467,0.012240553351435509,0.9877594468311548,-1.8259027623201973e-10
532,32,0.0060612726949755375,0.019042049769939555,0.019430663030550566,0.012240554799068132,0.98775944517648251,2.4449331448295197e-11
532,68,0.0060613160823847828,0.019042186075505698,0.019430802117862956,0.012240553351435509,0.9877594468311548,-1.8259027623201973e-10
533,32,0.0056312861793146474,0.01769120729119663,0.018052252337955745,0.012240554799068132,0.98775944517648251,2.4449331448295197e-11
533,68,0.0056313395192155551,0.017691374863437467,0.018052423330038231,0.012240553351435509,0.9877594468311548,-1.8259027623201973e-10
534,32,0.0027859221628270862,0.0087522326002105605,0.0089308495920515929,0.012240554799068132,0.98775944517648251,2.4449331448295197e-11
534,68,0.0027859386863017645,0.0087522845102372231,0.0089309025614665548,0.012240553351435509,0.9877594468311548,-1.8259027623201973e-10
535,32,0.0026828594534085318,0.0084284515494421706,0.0086004607647369082,0.012240554799068132,0.98775944517648251,2.4449331448295197e-11
535,68,0.0026828721310667852,0.0084284913774802048,0.008600501405592046,0.012240553351435509,0.9877594468311548,-1.8259027623201973e-10
536,32,0.0026165608855174853,0.0082201684556121347,0.0083879269955225867,0.012240554799068132,0.98775944517648251,2.4449331448295197e-11
536,68,0.002616574525156221,0.0082202113058009851,0.0083879707202050863,0.012240553351435509,0.9877594468311548,-1.8259027623201973e-10
537,32,0.001782732425678265,0.0056006190918271494,0.0057149174406399489,0.012240554799068132,0.98775944517648251,2.4449331448295197e-11
537,68,0.0017827414402636522,0.0056006474119823764,0.0057149463387575275,0.012240553351435509,0.9877594468311548,-1.8259027623201973e-10
538,32,0.001782732425678265,0.0056006190918271494,0.0057149174406399489,0.012240554799068132,0.98775944517648251,2.4449331448295197e-11
538,68,0.0017827414402636522,0.0056006474119823764,0.0057149463387575275,0.012240553351435509,0.9877594468311548,-1.8259027623201973e-10
539,32,0.001782732425678265,0.0056006190918271494,0.0057149174406399489,0.012240554799068132,0.98775944517648251,2.4449331448295197e-11
539,68,0.0017827414402636522,0.0056006474119823764,0.0057149463387575275,0.012240553351435509,0.9877594468311548,-1.8259027623201973e-10
540,32,0.12146650868386492,0.38159829133843087,2.5439886089228727,0.36963113068134817,0.6303688687886897,5.2996207422495445e-10
540,68,0.12146632168458713,0.38159770386287351,2.5439846924191567,0.36963166915459733,0.63036833054543018,2.999724912911006e-10
541,32,0.016136160086065564,0.050693241983532422,0.33795494655688285,0.36963113068134817,0.6303688687886897,5.2996207422495445e-10
541,68,0.016136151804241876,0.050693215965415962,0.33795477310277311,0.36963166915459733,0.63036833054543018,2.999724912911006e-10
542,32,0.011491193905017769,0.03610065035297963,0.24067100235319755,0.36963113068134817,0.6303688687886897,5.2996207422495445e-10
542,68,0.011491190225037024,0.036100638791979153,0.24067092527986103,0.36963166915459733,0.63036833054543018,2.999724912911006e-10
543,32,0.020144948771442624,0.063287223067306872,0.42191482044871248,0.36963113068134817,0.6303688687886897,5.2996207422495445e-10
543,68,0.020144975045989128,0.063287305611229153,0.42191537074152768,0.36963166915459733,0.63036833054543018,2.999724912911006e-10
544,32,0.0077608446483770441,0.024381412532992985,0.16254275021995324,0.36963113068134817,0.6303688687886897,5.2996207422495445e-10
544,68,0.0077608442204967088,0.024381411188767264,0.16254274125844845,0.36963166915459733,0.63036833054543018,2.999724912911006e-10
545,32,0.0059207861173236759,0.018600698169660496,0.12400465446440331,0.36963113068134817,0.6303688687886897,5.2996207422495445e-10
545,68,0.0059207901675291672,0.018600710893756311,0.12400473929170874,0.36963166915459733,0.63036833054543018,2.999724912911006e-10
546,32,0.0050713034893357855,0.015931969786221589,0.10621313190814392,0.36963113068134817,0.6303688687886897,5.2996207422495445e-10
546,68,0.0050713158843173501,0.015932008726204611,0.10621339150803075,0.36963166915459733,0.63036833054543018,2.999724912911006e-10
547,32,0.0050713034893357855,0.015931969786221589,0.10621313190814392,0.36963113068134817,0.6303688687886897,5.2996207422495445e-10
547,68,0.0050713158843173501,0.015932008726204611,0.10621339150803075,0.36963166915459733,0.63036833054543018,2.999724912911006e-10
548,32,0.0050713034893357855,0.015931969786221589,0.10621313190814392,0.36963113068134817,0.6303688687886897,5.2996207422495445e-10
548,68,0.0050713158843173501,0.015932008726204611,0.10621339150803075,0.36963166915459733,0.63036833054543018,2.999724912911006e-10
549,32,0.10500681389391214,0.32988863510598498,1.0996287836866168,0.20169208493820423,0.79830791477277385,2.8902191751001283e-10
549,68,0.10500673223356076,0.32988837856242503,1.0996279285414168,0.20169216268455448,0.79830783691259644,4.0284908742194148e-10
550,32,0.021044188183677384,0.066112266998601996,0.22037422332867332,0.20169208493820423,0.79830791477277385,2.8902191751001283e-10
550,68,0.021044190522724465,0.066112274346935132,0.22037424782311713,0.20169216268455448,0.79830783691259644,4.0284908742194148e-10
551,32,0.015421071095925071,0.048446723665444107,0.1614890788848137,0.20169208493820423,0.79830791477277385,2.8902191751001283e-10
551,68,0.015421070846437256,0.048446722881655017,0.1614890762721834,0.20169216268455448,0.79830783691259644,4.0284908742194148e-10
552,32,0.021588611935048272,0.067822624656348585,0.22607541552116195,0.20169208493820423,0.79830791477277385,2.8902191751001283e-10
552,68,0.021588638292094082,0.067822707459450071,0.22607569153150026,0.20169216268455448,0.79830783691259644,4.0284908742194148e-10
553,32,0.010091006738114264,0.031701832635784875,0.10567277545261626,0.20169208493820423,0.79830791477277385,2.8902191751001283e-10
553,68,0.010091010813328392,0.031701845438447639,0.1056728181281588,0.20169216268455448,0.79830783691259644,4.0284908742194148e-10
554,32,0.0080327621643071171,0.025235666603421286,0.084118888678070949,0.20169208493820423,0.79830791477277385,2.8902191751001283e-10
554,68,0.0080327683520995952,0.025235686042944676,0.084118953476482253,0.20169216268455448,0.79830783691259644,4.0284908742194148e-10
555,32,0.0065246394389648086,0.020497759328774071,0.068325864429246902,0.20169208493820423,0.79830791477277385,2.8902191751001283e-10
555,68,0.0065246551455370224,0.020497808672425951,0.068326028908086506,0.20169216268455448,0.79830783691259644,4.0284908742194148e-10
556,32,0.0065246394389648086,0.020497759328774071,0.068325864429246902,0.20169208493820423,0.79830791477277385,2.8902191751001283e-10
556,68,0.0065246551455370224,0.020497808672425951,0.068326028908086506,0.20169216268455448,0.79830783691259644,4.0284908742194148e-10
557,32,0.0065246394389648086,0.020497759328774071,0.068325864429246902,0.20169208493820423,0.79830791477277385,2.8902191751001283e-10
557,68,0.0065246551455370224,0.020497808672425951,0.068326028908086506,0.20169216268455448,0.79830783691259644,4.0284908742194148e-10
558,32,0.080204447243715282,0.25196970224608606,0.59621110836115243,0.13194653012282967,0.86805346948501261,3.9215775071710368e-10
558,68,0.080204526595089976,0.25196995153578183,0.59621169823082532,0.13194653556970412,0.86805346423734597,1.9294987829709953e-10
559,32,0.021686945086418108,0.068131547362296388,0.16121297523129516,0.13194653012282967,0.86805346948501261,3.9215775071710368e-10
559,68,0.021686959880337787,0.068131593838765769,0.16121308520399058,0.13194653556970412,0.86805346423734597,1.9294987829709953e-10
560,32,0.016335628794400193,0.051319891412257533,0.12143320830689809,0.13194653012282967,0.86805346948501261,3.9215775071710368e-10
560,68,0.016335641351422407,0.051319930861306269,0.12143330165129966,0.13194653556970412,0.86805346423734597,1.9294987829709953e-10
561,32,0.01903477783939183,0.059799518222947164,0.14149771469089426,0.13194653012282967,0.86805346948501261,3.9215775071710368e-10
561,68,0.019034808600299692,0.059799614861189322,0.14149794335645585,0.13194653556970412,0.86805346423734597,1.9294987829709953e-10
562,32,0.010314695563531796,0.032404571806406719,0.076675749109698391,0.13194653012282967,0.86805346948501261,3.9215775071710368e-10
562,68,0.010314705365741816,0.032404602600957712,0.076675821975813713,0.13194653556970412,0.86805346423734597,1.9294987829709953e-10
563,32,0.008518848917479992,0.026762753176196506,0.063326068935035729,0.13194653012282967,0.86805346948501261,3.9215775071710368e-10
563,68,0.0085188595436457831,0.026762786559280889,0.063326147926142842,0.13194653556970412,0.86805346423734597,1.9294987829709953e-10
564,32,0.0066335246240899134,0.020839832226447867,0.049311244006853397,0.13194653012282967,0.86805346948501261,3.9215775071710368e-10
564,68,0.0066335402239587468,0.020839881234881188,0.049311359970685913,0.13194653556970412,0.86805346423734597,1.9294987829709953e-10
565,32,0.0066335246240899134,0.020839832226447867,0.049311244006853397,0.13194653012282967,0.86805346948501261,3.9215775071710368e-10
565,68,0.0066335402239587468,0.020839881234881188,0.049311359970685913,0.13194653556970412,0.86805346423734597,1.9294987829709953e-10
566,32,0.0066335246240899134,0.020839832226447867,0.049311244006853397,0.13194653012282967,0.86805346948501261,3.9215775071710368e-10
566,68,0.0066335402239587468,0.020839881234881188,0.049311359970685913,0.13194653556970412,0.86805346423734597,1.9294987829709953e-10
567,32,0.04650857199236956,0.14611098810018022,0.2247861355387388,0.07045954054367301,0.92954045972667754,-2.7035051974877433e-10
567,68,0.046508541908336996,0.14611089358840451,0.22478599013600692,0.070459543719503817,0.92954045610212044,1.7837575860824018e-10
568,32,0.020831359545765819,0.065443646113265502,0.10068253248194692,0.07045954054367301,0.92954045972667754,-2.7035051974877433e-10
568,68,0.020831362812794581,0.065443656376939066,0.10068254827221394,0.070459543719503817,0.92954045610212044,1.7837575860824018e-10
569,32,0.016604263250705041,0.052163831446685932,0.080252048379516813,0.07045954054367301,0.92954045972667754,-2.7035051974877433e-10
569,68,0.016604261103350164,0.052163824700571626,0.080252038000879419,0.070459543719503817,0.92954045610212044,1.7837575860824018e-10
570,32,0.014053224873956771,0.04414950802326794,0.067922320035796832,0.07045954054367301,0.92954045972667754,-2.7035051974877433e-10
570,68,0.014053231378540197,0.044149528458019442,0.067922351473876069,0.070459543719503817,0.92954045610212044,1.7837575860824018e-10
571,32,0.0097825770921104345,0.030732872325749942,0.047281342039615294,0.07045954054367301,0.92954045972667754,-2.7035051974877433e-10
571,68,0.0097825806886425899,0.030732883624588939,0.047281359422444519,0.070459543719503817,0.92954045610212044,1.7837575860824018e-10
572,32,0.0086259737338419944,0.027099295712296526,0.041691224172763885,0.07045954054367301,0.92954045972667754,-2.7035051974877433e-10
572,68,0.0086259752936621546,0.027099300612616083,0.041691231711717049,0.070459543719503817,0.92954045610212044,1.7837575860824018e-10
573,32,0.0062898985233480458,0.01976029899277551,0.030400459988885398,0.07045954054367301,0.92954045972667754,-2.7035051974877433e-10
573,68,0.0062899064749252541,0.019760323973392051,0.030400498420603154,0.070459543719503817,0.92954045610212044,1.7837575860824018e-10
574,32,0.0062898985233480458,0.01976029899277551,0.030400459988885398,0.07045954054367301,0.92954045972667754,-2.7035051974877433e-10
574,68,0.0062899064749252541,0.019760323973392051,0.030400498420603154,0.070459543719503817,0.92954045610212044,1.7837575860824018e-10
575,32,0.0062898985233480458,0.01976029899277551,0.030400459988885398,0.07045954054367301,0.92954045972667754,-2.7035051974877433e-10
575,68,0.0062899064749252541,0.019760323973392051,0.030400498420603154,0.070459543719503817,0.92954045610212044,1.7837575860824018e-10
576,32,0.02821742451772815,0.088647653568119267,0.10236149330116469,0.04498898691115303,0.95501101348742057,-3.9857361855411e-10
576,68,0.028217405540082417,0.088647593948086856,0.10236142445788117,0.044988984921472443,0.95501101524107734,-1.6254975143681349e-10
577,32,0.019621914820055823,0.06164406344805206,0.071180433251350442,0.04498898691115303,0.95501101348742057,-3.9857361855411e-10
577,68,0.019621917926349642,0.0616440732067619,0.071180444519737956,0.044988984921472443,0.95501101524107734,-1.6254975143681349e-10
578,32,0.016761330626727633,0.052657273161317138,0.060803381668956206,0.04498898691115303,0.95501101348742057,-3.9857361855411e-10
578,68,0.01676132723749036,0.05265726251371422,0.060803369374163384,0.044988984921472443,0.95501101524107734,-1.6254975143681349e-10
579,32,0.010694314115858288,0.033597178661562019,0.038794680288529559,0.04498898691115303,0.95501101348742057,-3.9857361855411e-10
579,68,0.010694313540936563,0.033597176855392152,0.038794678202944244,0.044988984921472443,0.95501101524107734,-1.6254975143681349e-10
580,32,0.0091734998615190244,0.028819399772655151,0.033277776433251777,0.04498898691115303,0.95501101348742057,-3.9857361855411e-10
580,68,0.0091735033132798668,0.028819410616681657,0.033277788954855024,0.044988984921472443,0.95501101524107734,-1.6254975143681349e-10
581,32,0.0085579760018958291,0.026885674537153684,0.031044902862740691,0.04498898691115303,0.95501101348742057,-3.9857361855411e-10
581,68,0.0085579777630210366,0.026885680069891699,0.031044909251396254,0.044988984921472443,0.95501101524107734,-1.6254975143681349e-10
582,32,0.0059619132464957762,0.018729902856530804,0.021627428912227201,0.04498898691115303,0.95501101348742057,-3.9857361855411e-10
582,68,0.0059619190916718788,0.018729921219693108,0.021627450116180596,0.044988984921472443,0.95501101524107734,-1.6254975143681349e-10
583,32,0.0059619132464957762,0.018729902856530804,0.021627428912227201,0.04498898691115303,0.95501101348742057,-3.9857361855411e-10
583,68,0.0059619190916718788,0.018729921219693108,0.021627450116180596,0.044988984921472443,0.95501101524107734,-1.6254975143681349e-10
584,32,0.0059619132464957762,0.018729902856530804,0.021627428912227201,0.04498898691115303,0.95501101348742057,-3.9857361855411e-10
584,68,0.0059619190916718788,0.018729921219693108,0.021627450116180596,0.044988984921472443,0.95501101524107734,-1.6254975143681349e-10
585,32,0.02111971972741844,0.066349556341533195,0.067703628919931827,0.037069024472315672,0.96293097535926542,1.6841894545649438e-10
585,68,0.021119750235963325,0.066349652186953684,0.067703726721381308,0.037069022682582324,0.96293097654462323,7.7279449506306719e-10
586,32,0.019031257200897024,0.059788457810915942,0.061008630419301983,0.037069024472315672,0.96293097535926542,1.6841894545649438e-10
586,68,0.019031266515219414,0.059788487072722732,0.061008660278288503,0.037069022682582324,0.96293097654462323,7.7279449506306719e-10
587,32,0.017664409996935374,0.055494380676370268,0.05662691905752068,0.037069024472315672,0.96293097535926542,1.6841894545649438e-10
587,68,0.017664436516396584,0.055494463989714783,0.056627004071137535,0.037069022682582324,0.96293097654462323,7.7279449506306719e-10
588,32,0.0092815559954357672,0.029158868129143305,0.029753947070554392,0.037069024472315672,0.96293097535926542,1.6841894545649438e-10
588,68,0.0092815675027940105,0.029158904280575423,0.02975398395977084,0.037069022682582324,0.96293097654462323,7.7279449506306719e-10
589,32,0.008905684772264371,0.027978033855732238,0.028549014138502284,0.037069024472315672,0.96293097535926542,1.6841894545649438e-10
589,68,0.0089056902242346664,0.027978050983602065,0.028549031615920477,0.037069022682582324,0.96293097654462323,7.7279449506306719e-10
590,32,0.0086485716787600003,0.027170289250037161,0.027724784949017513,0.037069024472315672,0.96293097535926542,1.6841894545649438e-10
590,68,0.0086485801428117064,0.027170315840639822,0.027724812082285534,0.037069022682582324,0.96293097654462323,7.7279449506306719e-10
591,32,0.0058422376436732069,0.018353930861889491,0.018728500879479072,0.037069024472315672,0.96293097535926542,1.6841894545649438e-10
591,68,0.0058422439136023453,0.018353950559452811,0.018728520979033481,0.037069022682582324,0.96293097654462323,7.7279449506306719e-10
592,32,0.0058422376436732069,0.018353930861889491,0.018728500879479072,0.037069024472315672,0.96293097535926542,1.6841894545649438e-10
592,68,0.0058422439136023453,0.018353950559452811,0.018728520979033481,0.037069022682582324,0.96293097654462323,7.7279449506306719e-10
593,32,0.0058422376436732069,0.018353930861889491,0.018728500879479072,0.037069024472315672,0.96293097535926542,1.6841894545649438e-10
593,68,0.0058422439136023453,0.018353950559452811,0.018728520979033481,0.037069022682582324,0.96293097654462323,7.7279449506306719e-10
594,32,0.15215536859033707,0.47801018816765012,3.186734587784334,0.55199817929150652,0.44800182062487981,8.3613671542082102e-11
594,68,0.15215508554114363,0.47800929894238336,3.186728659615889,0.55199847328931817,0.4480015267093026,1.379230063491832e-12
595,32,0.027375821045600698,0.086003678282848009,0.57335785521898674,0.55199817929150652,0.44800182062487981,8.3613671542082102e-11
595,68,0.027375785713988656,0.086003567285315177,0.57335711523543453,0.55199847328931817,0.4480015267093026,1.379230063491832e-12
596,32,0.020280760978828642,0.063713889700298607,0.42475926466865738,0.55199817929150652,0.44800182062487981,8.3613671542082102e-11
596,68,0.020280737877942635,0.063713817126724831,0.42475878084483221,0.55199847328931817,0.4480015267093026,1.379230063491832e-12
597,32,0.031689108900716717,0.099554271721298562,0.6636951448086571,0.55199817929150652,0.44800182062487981,8.3613671542082102e-11
597,68,0.031689105079404659,0.09955425971629267,0.6636950647752845,0.55199847328931817,0.4480015267093026,1.379230063491832e-12
598,32,0.014814400592911888,0.046540812070028262,0.31027208046685512,0.55199817929150652,0.44800182062487981,8.3613671542082102e-11
598,68,0.014814387304121164,0.046540770322060949,0.31027180214707301,0.55199847328931817,0.4480015267093026,1.379230063491832e-12
599,32,0.01180017464493692,0.037071341975610371,0.24714227983740247,0.55199817929150652,0.44800182062487981,8.3613671542082102e-11
599,68,0.011800167560797405,0.037071319720129718,0.24714213146753147,0.55199847328931817,0.4480015267093026,1.379230063491832e-12
600,32,0.00970750559518729,0.030497028262522201,0.20331352175014802,0.55199817929150652,0.44800182062487981,8.3613671542082102e-11
600,68,0.0097075071420701653,0.030497033122198078,0.20331355414798719,0.55199847328931817,0.4480015267093026,1.379230063491832e-12
601,32,0.00970750559518729,0.030497028262522201,0.20331352175014802,0.55199817929150652,0.44800182062487981,8.3613671542082102e-11
601,68,0.0097075071420701653,0.030497033122198078,0.20331355414798719,0.55199847328931817,0.4480015267093026,1.379230063491832e-12
602,32,0.00970750559518729,0.030497028262522201,0.20331352175014802,0.55199817929150652,0.44800182062487981,8.3613671542082102e-11
602,68,0.0097075071420701653,0.030497033122198078,0.20331355414798719,0.55199847328931817,0.4480015267093026,1.379230063491832e-12
603,32,0.17352625223729276,0.54514879923364834,1.8171626641121612,0.41935615802463072,0.58064384213969433,-1.6432510907549158e-10
603,68,0.1735261065537296,0.54514834155523662,1.8171611385174555,0.4193562133731587,0.58064378613296974,4.9387149925195217e-10
604,32,0.047403121480987666,0.14892129820189537,0.49640432733965123,0.41935615802463072,0.58064384213969433,-1.6432510907549158e-10
604,68,0.047403098923628359,0.14892122733586108,0.49640409111953693,0.4193562133731587,0.58064378613296974,4.9387149925195217e-10
605,32,0.035965741339414041,0.11298970877281388,0.37663236257604626,0.41935615802463072,0.58064384213969433,-1.6432510907549158e-10
605,68,0.035965723906403679,0.11298965400539659,0.37663218001798865,0.4193562133731587,0.58064378613296974,4.9387149925195217e-10
606,32,0.049655754437199974,0.1559981533483662,0.51999384449455399,0.41935615802463072,0.58064384213969433,-1.6432510907549158e-10
606,68,0.049655758580039761,0.15599816636348124,0.51999388787827083,0.4193562133731587,0.58064378613296974,4.9387149925195217e-10
607,32,0.027252513312473008,0.08561629561432324,0.28538765204774413,0.41935615802463072,0.58064384213969433,-1.6432510907549158e-10
607,68,0.027252506974367752,0.085616275702578334,0.28538758567526112,0.4193562133731587,0.58064378613296974,4.9387149925195217e-10
608,32,0.022278887649887918,0.069991189771040255,0.23330396590346753,0.41935615802463072,0.58064384213969433,-1.6432510907549158e-10
608,68,0.02227888419606194,0.069991178920525934,0.23330392973508646,0.4193562133731587,0.58064378613296974,4.9387149925195217e-10
609,32,0.018005001258506716,0.056564379681599677,0.18854793227199892,0.41935615802463072,0.58064384213969433,-1.6432510907549158e-10
609,68,0.018005009430582232,0.056564405354932082,0.18854801784977362,0.4193562133731587,0.58064378613296974,4.9387149925195217e-10
610,32,0.018005001258506716,0.056564379681599677,0.18854793227199892,0.41935615802463072,0.58064384213969433,-1.6432510907549158e-10
610,68,0.018005009430582232,0.056564405354932082,0.18854801784977362,0.4193562133731587,0.58064378613296974,4.9387149925195217e-10
611,32,0.018005001258506716,0.056564379681599677,0.18854793227199892,0.41935615802463072,0.58064384213969433,-1.6432510907549158e-10
611,68,0.018005009430582232,0.056564405354932082,0.18854801784977362,0.4193562133731587,0.58064378613296974,4.9387149925195217e-10
612,32,0.15736327984470827,0.49437132390493027,1.1697822092890426,0.32864366853842614,0.67135633139221196,6.936184959727143e-11
612,68,0.15736327862522556,0.49437132007381235,1.1697822002238454,0.32864366001787199,0.67135633997897404,3.1540325906576072e-12
613,32,0.055820469859041877,0.17536517802909643,0.41494936188226772,0.32864366853842614,0.67135633139221196,6.936184959727143e-11
613,68,0.055820459574252614,0.17536514571847805,0.41494928542883136,0.32864366001787199,0.67135633997897404,3.1540325906576072e-12
614,32,0.043324641167557319,0.13610837441141199,0.32205985101259604,0.32864366853842614,0.67135633139221196,6.936184959727143e-11
614,68,0.043324633828163595,0.13610835135402657,0.32205979645417421,0.32864366001787199,0.67135633997897404,3.1540325906576072e-12
615,32,0.053671417328328599,0.16861373038642904,0.39897407578161692,0.32864366853842614,0.67135633139221196,6.936184959727143e-11
615,68,0.053671418678506055,0.16861373462813661,0.39897408581835209,0.32864366001787199,0.67135633997897404,3.1540325906576072e-12
616,32,0.032909389049674789,0.10338789487258671,0.24463660052631875,0.32864366853842614,0.67135633139221196,6.936184959727143e-11
616,68,0.032909388854032599,0.10338789425795863,0.24463659907198482,0.32864366001787199,0.67135633997897404,3.1540325906576072e-12
617,32,0.02757021470086693,0.086614383962136859,0.2049470924549866,0.32864366853842614,0.67135633139221196,6.936184959727143e-11
617,68,0.027570218399381834,0.08661439558136412,0.20494711994842055,0.32864366001787199,0.67135633997897404,3.1540325906576072e-12
618,32,0.021829763393677717,0.068580224307181303,0.16227463532860587,0.32864366853842614,0.67135633139221196,6.936184959727143e-11
618,68,0.02182977057049159,0.06858024685380705,0.16227468867846739,0.32864366001787199,0.67135633997897404,3.1540325906576072e-12
619,32,0.021829763393677717,0.068580224307181303,0.16227463532860587,0.32864366853842614,0.67135633139221196,6.936184959727143e-11
619,68,0.02182977057049159,0.06858024685380705,0.16227468867846739,0.32864366001787199,0.67135633997897404,3.1540325906576072e-12
620,32,0.021829763393677717,0.068580224307181303,0.16227463532860587,0.32864366853842614,0.67135633139221196,6.936184959727143e-11
620,68,0.02182977057049159,0.06858024685380705,0.16227468867846739,0.32864366001787199,0.67135633997897404,3.1540325906576072e-12
621,32,0.11335735236118938,0.35612262540830214,0.54788096216661863,0.21151773163286314,0.78848226799965893,3.674779369688963e-10
621,68,0.11335729347381165,0.35612244040814889,0.54788067755099823,0.21151773945573929,0.78848226045297298,9.1287755132896109e-11
622,32,0.060128305133729576,0.18889864168093029,0.29061329489373888,0.21151773163286314,0.78848226799965893,3.674779369688963e-10
622,68,0.060128288756547986,0.1888985902304969,0.29061321573922599,0.21151773945573929,0.78848226045297298,9.1287755132896109e-11
623,32,0.049018197372763465,0.15399520875848821,0.23691570578228954,0.21151773163286314,0.78848226799965893,3.674779369688963e-10
623,68,0.04901817982899153,0.15399515364310318,0.23691562098938951,0.21151773945573929,0.78848226045297298,9.1287755132896109e-11
624,32,0.049022254169350993,0.15400795356084468,0.23693531317053027,0.21151773163286314,0.78848226799965893,3.674779369688963e-10
624,68,0.049022250534282413,0.15400794214093994,0.23693529560144605,0.21151773945573929,0.78848226045297298,9.1287755132896109e-11
625,32,0.036190158660760793,0.11369473658089513,0.17491497935522327,0.21151773163286314,0.78848226799965893,3.674779369688963e-10
625,68,0.036190154985894264,0.11369472503596144,0.17491496159378683,0.21151773945573929,0.78848226045297298,9.1287755132896109e-11
626,32,0.031860441002631426,0.1000925273939979,0.15398850368307371,0.21151773163286314,0.78848226799965893,3.674779369688963e-10
626,68,0.031860430909191162,0.10009249568452012,0.15398845489926172,0.21151773945573929,0.78848226045297298,9.1287755132896109e-11
627,32,0.024154613238446664,0.075883955500206796,0.11674454692339506,0.21151773163286314,0.78848226799965893,3.674779369688963e-10
627,68,0.024154615994576793,0.075883964158844963,0.11674456024437686,0.21151773945573929,0.78848226045297298,9.1287755132896109e-11
628,32,0.024154613238446664,0.075883955500206796,0.11674454692339506,0.21151773163286314,0.78848226799965893,3.674779369688963e-10
628,68,0.024154615994576793,0.075883964158844963,0.11674456024437686,0.21151773945573929,0.78848226045297298,9.1287755132896109e-11
629,32,0.024154613238446664,0.075883955500206796,0.11674454692339506,0.21151773163286314,0.78848226799965893,3.674779369688963e-10
629,68,0.024154615994576793,0.075883964158844963,0.11674456024437686,0.21151773945573929,0.78848226045297298,9.1287755132896109e-11
630,32,0.078430783427130585,0.24639757302996554,0.28451541023304211,0.14605686587934974,0.85394313356550655,5.551437087802924e-10
630,68,0.078430739224625873,0.24639743416370147,0.28451524988409227,0.14605686708419763,0.85394313220241558,7.1338679408228245e-10
631,32,0.058557881665689197,0.18396501085070963,0.21242449707225924,0.14605686587934974,0.85394313356550655,5.551437087802924e-10
631,68,0.058557867886169152,0.18396496756107067,0.21242444708568983,0.14605686708419763,0.85394313220241558,7.1338679408228245e-10
632,32,0.05092051713986067,0.15997152256357944,0.18471920322951374,0.14605686587934974,0.85394313356550655,5.551437087802924e-10
632,68,0.050920499207089763,0.15997146622611808,0.18471913817661678,0.14605686708419763,0.85394313220241558,7.1338679408228245e-10
633,32,0.040829696434850453,0.12827027436802754,0.14811375487081571,0.14605686587934974,0.85394313356550655,5.551437087802924e-10
633,68,0.040829675178534273,0.1282702075893408,0.14811367776143017,0.14605686708419763,0.85394313220241558,7.1338679408228245e-10
634,32,0.035540926787246588,0.11165511449658656,0.12892822082200547,0.14605686587934974,0.85394313356550655,5.551437087802924e-10
634,68,0.03554092411964755,0.11165510611607703,0.12892821114502659,0.14605686708419763,0.85394313220241558,7.1338679408228245e-10
635,32,0.032967784780601542,0.10357135047186719,0.11959389415053118,0.14605686587934974,0.85394313356550655,5.551437087802924e-10
635,68,0.03296777911783827,0.1035713326817717,0.11959387360829835,0.14605686708419763,0.85394313220241558,7.1338679408228245e-10
636,32,0.023936447268593383,0.07519856689205244,0.086831825675601104,0.14605686587934974,0.85394313356550655,5.551437087802924e-10
636,68,0.023936448723384521,0.075198571462413599,0.086831830952999595,0.14605686708419763,0.85394313220241558,7.1338679408228245e-10
637,32,0.023936447268593383,0.07519856689205244,0.086831825675601104,0.14605686587934974,0.85394313356550655,5.551437087802924e-10
637,68,0.023936448723384521,0.075198571462413599,0.086831830952999595,0.14605686708419763,0.85394313220241558,7.1338679408228245e-10
638,32,0.023936447268593383,0.07519856689205244,0.086831825675601104,0.14605686587934974,0.85394313356550655,5.551437087802924e-10
638,68,0.023936448723384521,0.075198571462413599,0.086831830952999595,0.14605686708419763,0.85394313220241558,7.1338679408228245e-10
639,32,0.062169043967721285,0.19530981180969403,0.19929572633642248,0.12286401431725605,0.87713598547331073,2.0943324852140677e-10
639,68,0.062169046160896115,0.19530981869975597,0.19929573336709794,0.12286401119763253,0.8771359882396943,5.6267313031099775e-10
640,32,0.057045759844973475,0.17921454004741627,0.1828719796402207,0.12286401431725605,0.87713598547331073,2.0943324852140677e-10
640,68,0.05704575002415832,0.17921450919441553,0.18287194815756688,0.12286401119763253,0.8771359882396943,5.6267313031099775e-10
641,32,0.053504617279636943,0.16808971257884092,0.17152011487636828,0.12286401431725605,0.87713598547331073,2.0943324852140677e-10
641,68,0.053504630940335543,0.16808975549519128,0.17152015866856254,0.12286401119763253,0.8771359882396943,5.6267313031099775e-10
642,32,0.036179342563982288,0.11366075681071526,0.1159803640925666,0.12286401431725605,0.87713598547331073,2.0943324852140677e-10
642,68,0.036179354024505651,0.11366079281501126,0.11598040083164415,0.12286401119763253,0.8771359882396943,5.6267313031099775e-10
643,32,0.034743281356009188,0.1091492374696417,0.11137677292820582,0.12286401431725605,0.87713598547331073,2.0943324852140677e-10
643,68,0.034743278840705244,0.1091492295675813,0.11137676486487888,0.12286401119763253,0.8771359882396943,5.6267313031099775e-10
644,32,0.033673016325311139,0.10578690071180664,0.10794581705286392,0.12286401431725605,0.87713598547331073,2.0943324852140677e-10
644,68,0.033673022473601218,0.10578692002722959,0.10794583676247917,0.12286401119763253,0.8771359882396943,5.6267313031099775e-10
645,32,0.023558441846205667,0.07401102783406209,0.075521456973532741,0.12286401431725605,0.87713598547331073,2.0943324852140677e-10
645,68,0.02355844099770216,0.074011025168409697,0.075521454253479281,0.12286401119763253,0.8771359882396943,5.6267313031099775e-10
646,32,0.023558441846205667,0.07401102783406209,0.075521456973532741,0.12286401431725605,0.87713598547331073,2.0943324852140677e-10
646,68,0.02355844099770216,0.074011025168409697,0.075521454253479281,0.12286401119763253,0.8771359882396943,5.6267313031099775e-10
647,32,0.023558441846205667,0.07401102783406209,0.075521456973532741,0.12286401431725605,0.87713598547331073,2.0943324852140677e-10
647,68,0.02355844099770216,0.074011025168409697,0.075521454253479281,0.12286401119763253,0.8771359882396943,5.6267313031099775e-10
648,32,0.15962692731564823,0.50148278216995235,3.3432185477996823,0.69649438526039098,0.30350561455018105,1.8942797330723238e-10
648,68,0.15962664040020935,0.50148188079851741,3.343212538656783,0.69649459543789527,0.30350540464292508,-8.0820350412125208e-11
649,32,0.034006765925370053,0.10683540600349026,0.71223604002326846,0.69649438526039098,0.30350561455018105,1.8942797330723238e-10
649,68,0.034006726319326525,0.10683528157743487,0.71223521051623251,0.69649459543789527,0.30350540464292508,-8.0820350412125208e-11
650,32,0.026541010336553015,0.083381043092165708,0.55587362061443812,0.69649438526039098,0.30350561455018105,1.8942797330723238e-10
650,68,0.026540983017848546,0.083380957267924452,0.5558730484528297,0.69649459543789527,0.30350540464292508,-8.0820350412125208e-11
651,32,0.03967757088382641,0.12465076520091732,0.83100510133944883,0.69649438526039098,0.30350561455018105,1.8942797330723238e-10
651,68,0.039677562608939329,0.12465073920459287,0.83100492803061909,0.69649459543789527,0.30350540464292508,-8.0820350412125208e-11
652,32,0.022178495633688212,0.069675798950468187,0.46450532633645458,0.69649438526039098,0.30350561455018105,1.8942797330723238e-10
652,68,0.022178477825376814,0.069675743004007931,0.46450495336005287,0.69649459543789527,0.30350540464292508,-8.0820350412125208e-11
653,32,0.018822268712705269,0.059131901111727884,0.39421267407818589,0.69649438526039098,0.30350561455018105,1.8942797330723238e-10
653,68,0.018822257163383396,0.059131864828463131,0.39421243218975421,0.69649459543789527,0.30350540464292508,-8.0820350412125208e-11
654,32,0.015908115794430314,0.049976819712238031,0.3331787980815869,0.69649438526039098,0.30350561455018105,1.8942797330723238e-10
654,68,0.015908113377497261,0.049976812119218908,0.33317874746145942,0.69649459543789527,0.30350540464292508,-8.0820350412125208e-11
655,32,0.015908115794430314,0.049976819712238031,0.3331787980815869,0.69649438526039098,0.30350561455018105,1.8942797330723238e-10
655,68,0.015908113377497261,0.049976812119218908,0.33317874746145942,0.69649459543789527,0.30350540464292508,-8.0820350412125208e-11
656,32,0.015908115794430314,0.049976819712238031,0.3331787980815869,0.69649438526039098,0.30350561455018105,1.8942797330723238e-10
656,68,0.015908113377497261,0.049976812119218908,0.33317874746145942,0.69649459543789527,0.30350540464292508,-8.0820350412125208e-11
657,32,0.19482722423611415,0.61206777637946752,2.0402259212648919,0.61428311394961443,0.38571688610388405,-5.3498483421066112e-11
657,68,0.19482707770193294,0.6120673160287603,2.0402243867625343,0.6142831596820032,0.38571684033899195,-2.0995150062930179e-11
658,32,0.065206150955511785,0.2048511648107029,0.68283721603567638,0.61428311394961443,0.38571688610388405,-5.3498483421066112e-11
658,68,0.065206126373039283,0.20485108758258788,0.68283695860862625,0.6142831596820032,0.38571684033899195,-2.0995150062930179e-11
659,32,0.05252142714719827,0.16500092968168961,0.55000309893896537,0.61428311394961443,0.38571688610388405,-5.3498483421066112e-11
659,68,0.052521407553671282,0.16500086812680917,0.55000289375603062,0.6142831596820032,0.38571684033899195,-2.0995150062930179e-11
660,32,0.071898164711103524,0.22587474606299174,0.7529158202099725,0.61428311394961443,0.38571688610388405,-5.3498483421066112e-11
660,68,0.071898167593778525,0.22587475511918234,0.75291585039727449,0.6142831596820032,0.38571684033899195,-2.0995150062930179e-11
661,32,0.046976285102806187,0.14758035217191556,0.49193450723971854,0.61428311394961443,0.38571688610388405,-5.3498483421066112e-11
661,68,0.046976277206404231,0.14758032736463719,0.49193442454879066,0.6142831596820032,0.38571684033899195,-2.0995150062930179e-11
662,32,0.040825829147992258,0.12825812492804453,0.42752708309348181,0.61428311394961443,0.38571688610388405,-5.3498483421066112e-11
662,68,0.040825823930478192,0.12825810853674066,0.4275270284558022,0.6142831596820032,0.38571684033899195,-2.0995150062930179e-11
663,32,0.034621482929045752,0.10876659642627456,0.36255532142091523,0.61428311394961443,0.38571688610388405,-5.3498483421066112e-11
663,68,0.034621489622644296,0.10876661745483458,0.36255539151611527,0.6142831596820032,0.38571684033899195,-2.0995150062930179e-11
664,32,0.034621482929045752,0.10876659642627456,0.36255532142091523,0.61428311394961443,0.38571688610388405,-5.3498483421066112e-11
664,68,0.034621489622644296,0.10876661745483458,0.36255539151611527,0.6142831596820032,0.38571684033899195,-2.0995150062930179e-11
665,32,0.034621482929045752,0.10876659642627456,0.36255532142091523,0.61428311394961443,0.38571688610388405,-5.3498483421066112e-11
665,68,0.034621489622644296,0.10876661745483458,0.36255539151611527,0.6142831596820032,0.38571684033899195,-2.0995150062930179e-11
666,32,0.19206678832257762,0.60339561119279572,1.4277556504716626,0.55347650241709334,0.44652349727809021,3.0481644985869139e-10
666,68,0.19206678693003193,0.60339560681798443,1.4277556401199774,0.55347650142554472,0.44652349866094104,-8.6485762995636151e-11
667,32,0.084564819728205287,0.26566821641027494,0.62862455426329311,0.55347650241709334,0.44652349727809021,3.0481644985869139e-10
667,68,0.084564808594475807,0.26566818143263221,0.62862447149913958,0.55347650142554472,0.44652349866094104,-8.6485762995636151e-11
668,32,0.069927643365996869,0.21968417068146279,0.51981703246002098,0.55347650241709334,0.44652349727809021,3.0481644985869139e-10
668,68,0.069927634904323244,0.21968414409833109,0.51981696955897261,0.55347650142554472,0.44652349866094104,-8.6485762995636151e-11
669,32,0.090146576995238994,0.2832038240345095,0.67011733678529795,0.55347650241709334,0.44652349727809021,3.0481644985869139e-10
669,68,0.090146577499522956,0.28320382561876428,0.6701173405339641,0.55347650142554472,0.44652349866094104,-8.6485762995636151e-11
670,32,0.064919787146789046,0.20395152637296554,0.48259042459007961,0.55347650241709334,0.44652349727809021,3.0481644985869139e-10
670,68,0.064919787332167134,0.20395152695534799,0.48259042596811386,0.55347650142554472,0.44652349866094104,-8.6485762995636151e-11
671,32,0.057514520887295646,0.18068719629426472,0.42754232992687541,0.55347650241709334,0.44652349727809021,3.0481644985869139e-10
671,68,0.057514525108355044,0.18068720955511391,0.42754236130471779,0.55347650142554472,0.44652349866094104,-8.6485762995636151e-11
672,32,0.048928064356096777,0.15371204753548226,0.36371369022807021,0.55347650241709334,0.44652349727809021,3.0481644985869139e-10
672,68,0.04892807138246006,0.15371206960945352,0.36371374245953597,0.55347650142554472,0.44652349866094104,-8.6485762995636151e-11
673,32,0.048928064356096777,0.15371204753548226,0.36371369022807021,0.55347650241709334,0.44652349727809021,3.0481644985869139e-10
673,68,0.04892807138246006,0.15371206960945352,0.36371374245953597,0.55347650142554472,0.44652349866094104,-8.6485762995636151e-11
674,32,0.048928064356096777,0.15371204753548226,0.36371369022807021,0.55347650241709334,0.44652349727809021,3.0481644985869139e-10
674,68,0.04892807138246006,0.15371206960945352,0.36371374245953597,0.55347650142554472,0.44652349866094104,-8.6485762995636151e-11
675,32,0.16681869128248111,0.52407637501450632,0.80627134617616358,0.44982795502058592,0.55017204483363769,1.4577639095847417e-10
675,68,0.16681863072391689,0.52407618476416584,0.80627105348333206,0.44982796471139663,0.55017203535922865,-7.0625283399294858e-11
676,32,0.10651030816249844,0.33461200165489008,0.51478769485367704,0.44982795502058592,0.55017204483363769,1.4577639095847417e-10
676,68,0.10651028885532415,0.33461194099961317,0.5147876015378664,0.44982796471139663,0.55017203535922865,-7.0625283399294858e-11
677,32,0.092325209080121345,0.29004819858725089,0.44622799782653982,0.44982795502058592,0.55017204483363769,1.4577639095847417e-10
677,68,0.09232518824404562,0.29004813312878847,0.44622789712121302,0.44982796471139663,0.55017203535922865,-7.0625283399294858e-11
678,32,0.10734940210453389,0.33724809301886033,0.51884322002901584,0.44982795502058592,0.55017204483363769,1.4577639095847417e-10
678,68,0.10734939802420568,0.3372480802001312,0.5188432003078941,0.44982796471139663,0.55017203535922865,-7.0625283399294858e-11
679,32,0.08869994431577316,0.27865909343625667,0.428706297594241,0.44982795502058592,0.55017204483363769,1.4577639095847417e-10
679,68,0.088699939919347243,0.27865907962447733,0.42870627634534975,0.44982796471139663,0.55017203535922865,-7.0625283399294858e-11
680,32,0.08133104696492964,0.25550901965378942,0.3930907994673683,0.44982795502058592,0.55017204483363769,1.4577639095847417e-10
680,68,0.081331033833464642,0.25550897840007541,0.39309073600011601,0.44982796471139663,0.55017203535922865,-7.0625283399294858e-11
681,32,0.069173901046875721,0.21731621934901207,0.33433264515232625,0.44982795502058592,0.55017204483363769,1.4577639095847417e-10
681,68,0.069173902638761636,0.21731622435006917,0.33433265284626024,0.44982796471139663,0.55017203535922865,-7.0625283399294858e-11
682,32,0.069173901046875721,0.21731621934901207,0.33433264515232625,0.44982795502058592,0.55017204483363769,1.4577639095847417e-10
682,68,0.069173902638761636,0.21731622435006917,0.33433265284626024,0.44982796471139663,0.55017203535922865,-7.0625283399294858e-11
683,32,0.069173901046875721,0.21731621934901207,0.33433264515232625,0.44982795502058592,0.55017204483363769,1.4577639095847417e-10
683,68,0.069173902638761636,0.21731622435006917,0.33433265284626024,0.44982796471139663,0.55017203535922865,-7.0625283399294858e-11
684,32,0.13900852268065261,0.43670815363990839,0.50426714012261109,0.3646145627914173,0.63538543736986308,-1.6128032243045709e-10
684,68,0.13900847456617149,0.43670800248380798,0.50426696558258055,0.36461456604347242,0.63538543416118332,-2.0465573680183979e-10
685,32,0.1148710501473422,0.36087804725303496,0.4167060754523324,0.3646145627914173,0.63538543736986308,-1.6128032243045709e-10
685,68,0.11487103310050217,0.36087799369880758,0.41670601361323723,0.36461456604347242,0.63538543416118332,-2.0465573680183979e-10
686,32,0.1047126732464802,0.32896456500889065,0.37985556032346229,0.3646145627914173,0.63538543736986308,-1.6128032243045709e-10
686,68,0.1047126517602664,0.32896449750795925,0.37985548238010047,0.36461456604347242,0.63538543416118332,-2.0465573680183979e-10
687,32,0.10930951079877105,0.3434059560929133,0.39653104238312858,0.3646145627914173,0.63538543736986308,-1.6128032243045709e-10
687,68,0.10930948160999375,0.34340586439366494,0.39653093649795712,0.36461456604347242,0.63538543416118332,-2.0465573680183979e-10
688,32,0.10023639717603414,0.31490192899053754,0.36361742694203852,0.3646145627914173,0.63538543736986308,-1.6128032243045709e-10
688,68,0.10023639385791515,0.3149019185663593,0.36361741490523425,0.36461456604347242,0.63538543416118332,-2.0465573680183979e-10
689,32,0.09518323511315073,0.29902695217638436,0.34528658266797768,0.3646145627914173,0.63538543736986308,-1.6128032243045709e-10
689,68,0.095183227408783183,0.29902692797239988,0.34528655471962377,0.36461456604347242,0.63538543416118332,-2.0465573680183979e-10
690,32,0.080034385855207224,0.25143543863728984,0.29033263636210183,0.3646145627914173,0.63538543736986308,-1.6128032243045709e-10
690,68,0.08003438582239307,0.25143543853420114,0.29033263624306527,0.36461456604347242,0.63538543416118332,-2.0465573680183979e-10
691,32,0.080034385855207224,0.25143543863728984,0.29033263636210183,0.3646145627914173,0.63538543736986308,-1.6128032243045709e-10
691,68,0.08003438582239307,0.25143543853420114,0.29033263624306527,0.36461456604347242,0.63538543416118332,-2.0465573680183979e-10
692,32,0.080034385855207224,0.25143543863728984,0.29033263636210183,0.3646145627914173,0.63538543736986308,-1.6128032243045709e-10
692,68,0.08003438582239307,0.25143543853420114,0.29033263624306527,0.36461456604347242,0.63538543416118332,-2.0465573680183979e-10
693,32,0.12264661555968706,0.38530570642996448,0.39316908819384133,0.32597302242355419,0.67402697733191286,2.4453294944493109e-10
693,68,0.12264661290591705,0.38530569809290011,0.39316907968663278,0.32597302034933584,0.67402697953871205,1.1195211424563922e-10
694,32,0.11612384597433316,0.3648138214195577,0.3722590014485283,0.32597302242355419,0.67402697733191286,2.4453294944493109e-10
694,68,0.11612383206123944,0.36481377771028473,0.37225895684722932,0.32597302034933584,0.67402697953871205,1.1195211424563922e-10
695,32,0.11144321247226679,0.35010917759531979,0.35725426285236711,0.32597302242355419,0.67402697733191286,2.4453294944493109e-10
695,68,0.11144322323408504,0.35010921140456891,0.35725429735160091,0.32597302034933584,0.67402697953871205,1.1195211424563922e-10
696,32,0.10579731844922374,0.33237207840958122,0.33915518205059308,0.32597302242355419,0.67402697733191286,2.4453294944493109e-10
696,68,0.10579733346676655,0.33237212558858337,0.33915523019243199,0.32597302034933584,0.67402697953871205,1.1195211424563922e-10
697,32,0.10306320112868658,0.32378259552132904,0.33039040359319288,0.32597302242355419,0.67402697733191286,2.4453294944493109e-10
697,68,0.10306319691048213,0.32378258226944895,0.33039039007086629,0.32597302034933584,0.67402697953871205,1.1195211424563922e-10
698,32,0.10089599588827133,0.31697411945921922,0.32344297904001962,0.32597302242355419,0.67402697733191286,2.4453294944493109e-10
698,68,0.1008960036724159,0.31697414391383055,0.32344300399370463,0.32597302034933584,0.67402697953871205,1.1195211424563922e-10
699,32,0.083119855326338699,0.26112872686067207,0.26645788455170621,0.32597302242355419,0.67402697733191286,2.4453294944493109e-10
699,68,0.083119850169638188,0.26112871066041965,0.26645786802083637,0.32597302034933584,0.67402697953871205,1.1195211424563922e-10
700,32,0.083119855326338699,0.26112872686067207,0.26645788455170621,0.32597302242355419,0.67402697733191286,2.4453294944493109e-10
700,68,0.083119850169638188,0.26112871066041965,0.26645786802083637,0.32597302034933584,0.67402697953871205,1.1195211424563922e-10
701,32,0.083119855326338699,0.26112872686067207,0.26645788455170621,0.32597302242355419,0.67402697733191286,2.4453294944493109e-10
701,68,0.083119850169638188,0.26112871066041965,0.26645786802083637,0.32597302034933584,0.67402697953871205,1.1195211424563922e-10
702,32,0.16506555226908257,0.51856872636929174,3.457124842461945,0.84693905715265161,0.15306094279664842,5.0699971998469096e-11
702,68,0.16506526113695985,0.51856781175075384,3.4571187450050256,0.84693916420907278,0.15306083580011567,-9.1884555519783362e-12
703,32,0.039436992689122194,0.12389496651182066,0.82596644341213776,0.84693905715265161,0.15306094279664842,5.0699971998469096e-11
703,68,0.039436948870261279,0.12389482885080913,0.82596552567206094,0.84693916420907278,0.15306083580011567,-9.1884555519783362e-12
704,32,0.031963924112433893,0.10041762917152397,0.66945086114349317,0.84693905715265161,0.15306094279664842,5.0699971998469096e-11
704,68,0.031963892584447422,0.10041753012343328,0.66945020082288853,0.84693916420907278,0.15306083580011567,-9.1884555519783362e-12
705,32,0.047218972363512669,0.14834277668727086,0.98895184458180574,0.84693905715265161,0.15306094279664842,5.0699971998469096e-11
705,68,0.047218958844647295,0.14834273421650274,0.98895156144335161,0.84693916420907278,0.15306083580011567,-9.1884555519783362e-12
706,32,0.029702438758722353,0.093312963398102883,0.62208642265401926,0.84693905715265161,0.15306094279664842,5.0699971998469096e-11
706,68,0.029702415714159536,0.093312891001473622,0.6220859400098242,0.84693916420907278,0.15306083580011567,-9.1884555519783362e-12
707,32,0.026331364161325341,0.082722420208217254,0.55148280138811501,0.84693905715265161,0.15306094279664842,5.0699971998469096e-11
707,68,0.026331347382540986,0.082722367496111587,0.55148244997407725,0.84693916420907278,0.15306083580011567,-9.1884555519783362e-12
708,32,0.024579095771130401,0.077217506706463226,0.51478337804308816,0.84693905715265161,0.15306094279664842,5.0699971998469096e-11
708,68,0.0245790874138083,0.077217480451161502,0.51478320300774338,0.84693916420907278,0.15306083580011567,-9.1884555519783362e-12
709,32,0.024579095771130401,0.077217506706463226,0.51478337804308816,0.84693905715265161,0.15306094279664842,5.0699971998469096e-11
709,68,0.0245790874138083,0.077217480451161502,0.51478320300774338,0.84693916420907278,0.15306083580011567,-9.1884555519783362e-12
710,32,0.024579095771130401,0.077217506706463226,0.51478337804308816,0.84693905715265161,0.15306094279664842,5.0699971998469096e-11
710,68,0.0245790874138083,0.077217480451161502,0.51478320300774338,0.84693916420907278,0.15306083580011567,-9.1884555519783362e-12
711,32,0.20868181610993963,0.65559326042876254,2.185310868095875,0.80580669283491191,0.19419330718182118,-1.673308713812105e-11
711,68,0.20868166676874886,0.6555927912595747,2.1853093041985825,0.80580671713757801,0.19419328283067638,3.1745606143829264e-11
712,32,0.079033000860153871,0.2482894948934152,0.82763164964471736,0.80580669283491191,0.19419330718182118,-1.673308713812105e-11
712,68,0.079032973470916285,0.2482894088475876,0.82763136282529204,0.80580671713757801,0.19419328283067638,3.1745606143829264e-11
713,32,0.066324817681011436,0.20836555997734796,0.69455186659115986,0.80580669283491191,0.19419330718182118,-1.673308713812105e-11
713,68,0.066324795281153912,0.20836548960612011,0.69455163202040038,0.80580671713757801,0.19419328283067638,3.1745606143829264e-11
714,32,0.091112793488480059,0.28623928267145288,0.95413094223817629,0.80580669283491191,0.19419330718182118,-1.673308713812105e-11
714,68,0.091112794022167376,0.28623928434808105,0.95413094782693686,0.80580671713757801,0.19419328283067638,3.1745606143829264e-11
715,32,0.066133177139158436,0.2077635034589326,0.69254501152977532,0.80580669283491191,0.19419330718182118,-1.673308713812105e-11
715,68,0.066133166893348805,0.20776347127077233,0.69254490423590775,0.80580671713757801,0.19419328283067638,3.1745606143829264e-11
716,32,0.05993525910177764,0.18829216968514542,0.62764056561715142,0.80580669283491191,0.19419330718182118,-1.673308713812105e-11
716,68,0.059935251534348005,0.18829214591136406,0.62764048637121361,0.80580671713757801,0.19419328283067638,3.1745606143829264e-11
717,32,0.056694367570395095,0.17811060865907263,0.59370202886357548,0.80580669283491191,0.19419330718182118,-1.673308713812105e-11
717,68,0.05669437178706855,0.17811062190614299,0.59370207302047662,0.80580671713757801,0.19419328283067638,3.1745606143829264e-11
718,32,0.056694367570395095,0.17811060865907263,0.59370202886357548,0.80580669283491191,0.19419330718182118,-1.673308713812105e-11
718,68,0.05669437178706855,0.17811062190614299,0.59370207302047662,0.80580671713757801,0.19419328283067638,3.1745606143829264e-11
719,32,0.056694367570395095,0.17811060865907263,0.59370202886357548,0.80580669283491191,0.19419330718182118,-1.673308713812105e-11
719,68,0.05669437178706855,0.17811062190614299,0.59370207302047662,0.80580671713757801,0.19419328283067638,3.1745606143829264e-11
720,32,0.21470978041028779,0.67453066879083778,1.5960755363777939,0.77553662416282387,0.22446337575371228,8.3463846944908937e-11
720,68,0.21470977712682038,0.67453065847552074,1.5960755119696743,0.77553662499127229,0.22446337490821044,1.0051726118120996e-10
721,32,0.10714975451907005,0.33662088163106019,0.79651286303760438,0.77553662416282387,0.22446337575371228,8.3463846944908937e-11
721,68,0.10714974149155457,0.33662084070391329,0.79651276619572464,0.77553662499127229,0.22446337490821044,1.0051726118120996e-10
722,32,0.092465087520199357,0.29048763966699553,0.6873523128662774,0.77553662416282387,0.22446337575371228,8.3463846944908937e-11
722,68,0.092465077162564357,0.29048760712752553,0.68735223587133187,0.77553662499127229,0.22446337490821044,1.0051726118120996e-10
723,32,0.12155672940281398,0.38188172808628279,0.90360914957477434,0.77553662416282387,0.22446337575371228,8.3463846944908937e-11
723,68,0.12155672982763724,0.38188172942090443,0.9036091527327581,0.77553662499127229,0.22446337490821044,1.0051726118120996e-10
724,32,0.096208888902682685,0.30224913858670449,0.71518239023033914,0.77553662416282387,0.22446337575371228,8.3463846944908937e-11
724,68,0.096208889001909034,0.30224913889843324,0.71518239096795211,0.77553662499127229,0.22446337490821044,1.0051726118120996e-10
725,32,0.088707894565090872,0.27868406988110744,0.659422687352058,0.77553662416282387,0.22446337575371228,8.3463846944908937e-11
725,68,0.088707898693378792,0.27868408285050644,0.65942271804027042,0.77553662499127229,0.22446337490821044,1.0051726118120996e-10
726,32,0.084974199406579132,0.26695432060038315,0.63166773603402626,0.77553662416282387,0.22446337575371228,8.3463846944908937e-11
726,68,0.084974206706743841,0.26695434353452696,0.63166779030083364,0.77553662499127229,0.22446337490821044,1.0051726118120996e-10
727,32,0.084974199406579132,0.26695432060038315,0.63166773603402626,0.77553662416282387,0.22446337575371228,8.3463846944908937e-11
727,68,0.084974206706743841,0.26695434353452696,0.63166779030083364,0.77553662499127229,0.22446337490821044,1.0051726118120996e-10
728,32,0.084974199406579132,0.26695432060038315,0.63166773603402626,0.77553662416282387,0.22446337575371228,8.3463846944908937e-11
728,68,0.084974206706743841,0.26695434353452696,0.63166779030083364,0.77553662499127229,0.22446337490821044,1.0051726118120996e-10
729,32,0.20968358407710691,0.65874040731501682,1.0134467804846412,0.72298754767680096,0.27701245236387662,-4.0677572421543573e-11
729,68,0.20968351919818726,0.65874020349187945,1.0134464669105838,0.72298755425618078,0.27701244570693068,3.6888547771951608e-11
730,32,0.14923191259593407,0.46882588029254058,0.72127058506544706,0.72298754767680096,0.27701245236387662,-4.0677572421543573e-11
730,68,0.14923188896182193,0.46882580604378754,0.72127047083659623,0.72298755425618078,0.27701244570693068,3.6888547771951608e-11
731,32,0.13493172096743167,0.42390050332751117,0.6521546205038633,0.72298754767680096,0.27701245236387662,-4.0677572421543573e-11
731,68,0.13493169580082082,0.42390042426427144,0.65215449886810983,0.72298755425618078,0.27701244570693068,3.6888547771951608e-11
732,32,0.16683798546224232,0.52413698946790122,0.80636459918138648,0.72298754767680096,0.27701245236387662,-4.0677572421543573e-11
732,68,0.16683798007161388,0.5241369725327425,0.80636457312729615,0.72298755425618078,0.27701244570693068,3.6888547771951608e-11
733,32,0.14788774073913191,0.46460303986204876,0.71477390748007497,0.72298754767680096,0.27701245236387662,-4.0677572421543573e-11
733,68,0.1478877350154566,0.46460302188059249,0.71477387981629614,0.72298755425618078,0.27701244570693068,3.6888547771951608e-11
734,32,0.14028658176910835,0.4407232946830546,0.67803583797393008,0.72298754767680096,0.27701245236387662,-4.0677572421543573e-11
734,68,0.14028656728008745,0.44072324916445299,0.67803576794531228,0.72298755425618078,0.27701244570693068,3.6888547771951608e-11
735,32,0.13739036882240124,0.43162457336644788,0.66403780517915056,0.72298754767680096,0.27701245236387662,-4.0677572421543573e-11
735,68,0.13739036963112794,0.43162457590713776,0.66403780908790422,0.72298755425618078,0.27701244570693068,3.6888547771951608e-11
736,32,0.13739036882240124,0.43162457336644788,0.66403780517915056,0.72298754767680096,0.27701245236387662,-4.0677572421543573e-11
736,68,0.13739036963112794,0.43162457590713776,0.66403780908790422,0.72298755425618078,0.27701244570693068,3.6888547771951608e-11
737,32,0.13739036882240124,0.43162457336644788,0.66403780517915056,0.72298754767680096,0.27701245236387662,-4.0677572421543573e-11
737,68,0.13739036963112794,0.43162457590713776,0.66403780908790422,0.72298755425618078,0.27701244570693068,3.6888547771951608e-11
738,32,0.20384253109793732,0.64039019818642884,0.73945890661866487,0.67518607712876511,0.32481392283199834,3.9236558446731351e-11
738,68,0.20384247707403808,0.64039002846534387,0.73945871064163671,0.67518608061370522,0.32481391950676319,-1.2046841302293387e-10
739,32,0.17953964348977272,0.56404042501560048,0.65129778243317571,0.67518607712876511,0.32481392283199834,3.9236558446731351e-11
739,68,0.17953962052828559,0.56404035287996124,0.65129769913811419,0.67518608061370522,0.32481391950676319,-1.2046841302293387e-10
740,32,0.16923967109089899,0.53168210739512112,0.61393361565576132,0.67518607712876511,0.32481392283199834,3.9236558446731351e-11
740,68,0.1692396436864218,0.53168202130141695,0.61393351624331483,0.67518608061370522,0.32481391950676319,-1.2046841302293387e-10
741,32,0.19928533575429697,0.62607334677387472,0.72292723058469288,0.67518607712876511,0.32481392283199834,3.9236558446731351e-11
741,68,0.19928530561581131,0.6260732520910296,0.72292712125436065,0.67518608061370522,0.32481391950676319,-1.2046841302293387e-10
742,32,0.18986364299557193,0.59647422601868394,0.68874910991312166,0.67518607712876511,0.32481392283199834,3.9236558446731351e-11
742,68,0.18986363883822649,0.59647421295799807,0.68874909483194069,0.67518608061370522,0.32481391950676319,-1.2046841302293387e-10
743,32,0.18452096239257004,0.57968969988581653,0.66936800855105905,0.67518607712876511,0.32481392283199834,3.9236558446731351e-11
743,68,0.1845209537992297,0.57968967288904161,0.66936797737786846,0.67518608061370522,0.32481391950676319,-1.2046841302293387e-10
744,32,0.18354066445040773,0.57661000307239019,0.66581188098255073,0.67518607712876511,0.32481392283199834,3.9236558446731351e-11
744,68,0.18354066441761219,0.57661000296935994,0.66581188086358167,0.67518608061370522,0.32481391950676319,-1.2046841302293387e-10
745,32,0.18354066445040773,0.57661000307239019,0.66581188098255073,0.67518607712876511,0.32481392283199834,3.9236558446731351e-11
745,68,0.18354066441761219,0.57661000296935994,0.66581188086358167,0.67518608061370522,0.32481391950676319,-1.2046841302293387e-10
746,32,0.18354066445040773,0.57661000307239019,0.66581188098255073,0.67518607712876511,0.32481392283199834,3.9236558446731351e-11
746,68,0.18354066441761219,0.57661000296935994,0.66581188086358167,0.67518608061370522,0.32481391950676319,-1.2046841302293387e-10
747,32,0.19913254068641575,0.62559332691111436,0.63836053766440237,0.6504346478338946,0.34956535215156725,1.45381484628615e-11
747,68,0.19913253149818519,0.62559329804543662,0.6383605082096292,0.65043464823217645,0.34956535154227336,2.2555018963643647e-10
748,32,0.19253365749602896,0.60486232395829798,0.61720645301867139,0.6504346478338946,0.34956535215156725,1.45381484628615e-11
748,68,0.19253363705166363,0.60486225973043006,0.61720638748003065,0.65043464823217645,0.34956535154227336,2.2555018963643647e-10
749,32,0.18778153954972743,0.58993310512920483,0.60197255625429069,0.6504346478338946,0.34956535215156725,1.45381484628615e-11
749,68,0.18778154377854719,0.58993311841443397,0.60197256981064695,0.65043464823217645,0.34956535154227336,2.2555018963643647e-10
750,32,0.21188927955365755,0.66566980402020448,0.67925490206143313,0.6504346478338946,0.34956535215156725,1.45381484628615e-11
750,68,0.21188929435286669,0.66566985051329119,0.67925494950335841,0.65043464823217645,0.34956535154227336,2.2555018963643647e-10
751,32,0.20899539584440305,0.65657840021886738,0.66997795940700755,0.6504346478338946,0.34956535215156725,1.45381484628615e-11
751,68,0.2089953912800388,0.65657838587949424,0.66997794477499417,0.65043464823217645,0.34956535154227336,2.2555018963643647e-10
752,32,0.20668002260993149,0.64930444067513304,0.66255555170931946,0.6504346478338946,0.34956535215156725,1.45381484628615e-11
752,68,0.206680030119514,0.64930446426718236,0.66255557578283919,0.65043464823217645,0.34956535154227336,2.2555018963643647e-10
753,32,0.20564935508099608,0.64606650313793612,0.65925153381422053,0.6504346478338946,0.34956535215156725,1.45381484628615e-11
753,68,0.20564935074592491,0.64606648951890833,0.65925151991725339,0.65043464823217645,0.34956535154227336,2.2555018963643647e-10
754,32,0.20564935508099608,0.64606650313793612,0.65925153381422053,0.6504346478338946,0.34956535215156725,1.45381484628615e-11
754,68,0.20564935074592491,0.64606648951890833,0.65925151991725339,0.65043464823217645,0.34956535154227336,2.2555018963643647e-10
755,32,0.20564935508099608,0.64606650313793612,0.65925153381422053,0.6504346478338946,0.34956535215156725,1.45381484628615e-11
755,68,0.20564935074592491,0.64606648951890833,0.65925151991725339,0.65043464823217645,0.34956535154227336,2.2555018963643647e-10
756,32,0.16822586985676163,0.52849715688575494,3.5233143792383665,0.93630409518619084,0.063695904793328706,2.0480450668713956e-11
756,68,0.16822557622751005,0.52849623442225535,3.5233082294817026,0.9363041399502875,0.063695860040106106,9.6063990095984764e-12
757,32,0.042597309951607869,0.13382339600665866,0.89215597337772445,0.93630409518619084,0.063695904793328706,2.0480450668713956e-11
757,68,0.042597263635618277,0.13382325050068603,0.89215500333790687,0.9363041399502875,0.063695860040106106,9.6063990095984764e-12
758,32,0.035124241050540024,0.11034605764729358,0.73564038431529055,0.93630409518619084,0.063695904793328706,2.0480450668713956e-11
758,68,0.035124207025425,0.11034595075424218,0.73563967169494793,0.9363041399502875,0.063695860040106106,9.6063990095984764e-12
759,32,0.051623756908248129,0.16218081545365765,1.0812054363577177,0.93630409518619084,0.063695904793328706,2.0480450668713956e-11
759,68,0.051623740270312864,0.16218076318404245,1.0812050878936164,0.9363041399502875,0.063695860040106106,9.6063990095984764e-12
760,32,0.034107222475609739,0.10715099956372823,0.71433999709152152,0.93630409518619084,0.063695904793328706,2.0480450668713956e-11
760,68,0.034107196311977409,0.10715091736825311,0.71433944912168745,0.9363041399502875,0.063695860040106106,9.6063990095984764e-12
761,32,0.030736147053688469,0.096560453783523265,0.64373635855682176,0.93630409518619084,0.063695904793328706,2.0480450668713956e-11
761,68,0.03073612715583502,0.096560391272573043,0.64373594181715366,0.9363041399502875,0.063695860040106106,9.6063990095984764e-12
762,32,0.029986944150616413,0.094206763447183942,0.62804508964789296,0.93630409518619084,0.063695904793328706,2.0480450668713956e-11
762,68,0.029986932037780779,0.0942067253935885,0.62804483595725669,0.9363041399502875,0.063695860040106106,9.6063990095984764e-12
763,32,0.029986944150616413,0.094206763447183942,0.62804508964789296,0.93630409518619084,0.063695904793328706,2.0480450668713956e-11
763,68,0.029986932037780779,0.0942067253935885,0.62804483595725669,0.9363041399502875,0.063695860040106106,9.6063990095984764e-12
764,32,0.029986944150616413,0.094206763447183942,0.62804508964789296,0.93630409518619084,0.063695904793328706,2.0480450668713956e-11
764,68,0.029986932037780779,0.0942067253935885,0.62804483595725669,0.9363041399502875,0.063695860040106106,9.6063990095984764e-12
765,32,0.21670103550120967,0.68078638115590129,2.2692879371863377,0.91918735931290818,0.080812640681584016,5.5078025473775938e-12
765,68,0.21670088443570004,0.68078590656960603,2.2692863552320204,0.91918736972098869,0.080812630290302875,-1.1291564905313578e-11
766,32,0.087052219237833697,0.27348261243626643,0.91160870812088812,0.91918735931290818,0.080812640681584016,5.5078025473775938e-12
766,68,0.087052190124277562,0.27348252097333231,0.91160840324444103,0.91918736972098869,0.080812630290302875,-1.1291564905313578e-11
767,32,0.074344035048058171,0.23355867434520167,0.77852891448400563,0.91918735931290818,0.080812640681584016,5.5078025473775938e-12
767,68,0.074344010923882542,0.23355859855686872,0.77852866185622915,0.91918736972098869,0.080812630290302875,-1.1291564905313578e-11
768,32,0.10228981396031266,0.32135292807478488,1.0711764269159496,0.91918735931290818,0.080812640681584016,5.5078025473775938e-12
768,68,0.10228981299544504,0.32135292504356389,1.0711764168118796,0.91918736972098869,0.080812630290302875,-1.1291564905313578e-11
769,32,0.077310195030359394,0.24287714075497122,0.8095904691832374,0.91918735931290818,0.080812640681584016,5.5078025473775938e-12
769,68,0.077310183285994941,0.24287710385896211,0.80959034619654036,0.91918736972098869,0.080812630290302875,-1.1291564905313578e-11
770,32,0.071112274424425234,0.22340579891183565,0.74468599637278554,0.91918735931290818,0.080812640681584016,5.5078025473775938e-12
770,68,0.071112265358441035,0.22340577043020629,0.74468590143402102,0.91918736972098869,0.080812630290302875,-1.1291564905313578e-11
771,32,0.070416634421661295,0.22122038138960928,0.73740127129869759,0.91918735931290818,0.080812640681584016,5.5078025473775938e-12
771,68,0.07041663699383488,0.2212203894703309,0.73740129823443634,0.91918736972098869,0.080812630290302875,-1.1291564905313578e-11
772,32,0.070416634421661295,0.22122038138960928,0.73740127129869759,0.91918735931290818,0.080812640681584016,5.5078025473775938e-12
772,68,0.07041663699383488,0.2212203894703309,0.73740129823443634,0.91918736972098869,0.080812630290302875,-1.1291564905313578e-11
773,32,0.070416634421661295,0.22122038138960928,0.73740127129869759,0.91918735931290818,0.080812640681584016,5.5078025473775938e-12
773,68,0.07041663699383488,0.2212203894703309,0.73740129823443634,0.91918736972098869,0.080812630290302875,-1.1291564905313578e-11
774,32,0.22776763005455675,0.71555311330495319,1.6931429095318793,0.90659100902431911,0.093408990927597413,4.8083481640759373e-11
774,68,0.22776762553920965,0.71555309911957199,1.693142875966408,0.90659100972208773,0.093408990306581341,-2.8669067120290492e-11
775,32,0.12020760215183561,0.37764331982585136,0.8935802212388948,0.90659100902431911,0.093408990927597413,4.8083481640759373e-11
775,68,0.12020758789244042,0.3776432750286402,0.89358011523966285,0.90659100972208773,0.093408990306581341,-2.8669067120290492e-11
776,32,0.10552293314826655,0.33151007156384105,0.7844196561653588,0.90659100902431911,0.093408990927597413,4.8083481640759373e-11
776,68,0.10552292155875176,0.33151003515430655,0.78441957001306062,0.90659100972208773,0.093408990306581341,-2.8669067120290492e-11
777,32,0.13975648787371814,0.43905795559558392,1.03889962962597,0.90659100902431911,0.093408990927597413,4.8083481640759373e-11
777,68,0.1397564880677836,0.4390579562052585,1.038899631068583,0.90659100972208773,0.093408990306581341,-2.8669067120290492e-11
778,32,0.11440864225151179,0.35942535000453224,0.85047283220586511,0.90659100902431911,0.093408990927597413,4.8083481640759373e-11
778,68,0.11440864211998013,0.35942534959131334,0.8504728312281058,0.90659100972208773,0.093408990306581341,-2.8669067120290492e-11
779,32,0.10690764281963827,0.33586026529477719,0.79471309145851998,0.90659100902431911,0.093408990927597413,4.8083481640759373e-11
779,68,0.10690764671716781,0.33586027753922737,0.79471312043135733,0.90659100972208773,0.093408990306581341,-2.8669067120290492e-11
780,32,0.10731843044921445,0.3371507926940393,0.79776673943375565,0.90659100902431911,0.093408990927597413,4.8083481640759373e-11
780,68,0.10731843780159486,0.33715081579222356,0.79776679408871576,0.90659100972208773,0.093408990306581341,-2.8669067120290492e-11
781,32,0.10731843044921445,0.3371507926940393,0.79776673943375565,0.90659100902431911,0.093408990927597413,4.8083481640759373e-11
781,68,0.10731843780159486,0.33715081579222356,0.79776679408871576,0.90659100972208773,0.093408990306581341,-2.8669067120290492e-11
782,32,0.10731843044921445,0.3371507926940393,0.79776673943375565,0.90659100902431911,0.093408990927597413,4.8083481640759373e-11
782,68,0.10731843780159486,0.33715081579222356,0.79776679408871576,0.90659100972208773,0.093408990306581341,-2.8669067120290492e-11
783,32,0.23446873040726984,0.7366052409440047,1.1332388322215456,0.8847233806774788,0.11527661930074283,2.1778370773439804e-11
783,68,0.23446866267973626,0.73660502817168272,1.1332385048795119,0.88472338378897419,0.11527661613129099,7.9734815972010153e-11
784,32,0.17401705323194305,0.54669069603281628,0.84106260928125576,0.8847233806774788,0.11527661930074283,2.1778370773439804e-11
784,68,0.17401702674921701,0.54669061283487863,0.84106248128442862,0.88472338378897419,0.11527661613129099,7.9734815972010153e-11
785,32,0.15971685593571855,0.50176530126211272,0.77194661732632719,0.8847233806774788,0.11527661930074283,2.1778370773439804e-11
785,68,0.15971682792049371,0.50176521324968826,0.77194648192259729,0.88472338378897419,0.11527661613129099,7.9734815972010153e-11
786,32,0.20138300761455752,0.63266337727971123,0.97332827273801725,0.8847233806774788,0.11527661930074283,2.1778370773439804e-11
786,68,0.20138300108758006,0.63266335677460683,0.9733282411917028,0.88472338378897419,0.11527661613129099,7.9734815972010153e-11
787,32,0.18243274838632398,0.57312938210467057,0.88173751093026242,0.8847233806774788,0.11527661930074283,2.1778370773439804e-11
787,68,0.18243274152629887,0.57312936055326613,0.8817374777742556,0.88472338378897419,0.11527661613129099,7.9734815972010153e-11
788,32,0.17483157501913216,0.54924959169563836,0.84499937183944362,0.8847233806774788,0.11527661930074283,2.1778370773439804e-11
788,68,0.17483155939376058,0.54924954260708581,0.8449992963185935,0.88472338378897419,0.11527661613129099,7.9734815972010153e-11
789,32,0.179802022109737,0.56486471176053932,0.86902263347775277,0.8847233806774788,0.11527661930074283,2.1778370773439804e-11
789,68,0.17980202214579502,0.56486471187381893,0.86902263365202914,0.88472338378897419,0.11527661613129099,7.9734815972010153e-11
790,32,0.179802022109737,0.56486471176053932,0.86902263347775277,0.8847233806774788,0.11527661930074283,2.1778370773439804e-11
790,68,0.17980202214579502,0.56486471187381893,0.86902263365202914,0.88472338378897419,0.11527661613129099,7.9734815972010153e-11
791,32,0.179802022109737,0.56486471176053932,0.86902263347775277,0.8847233806774788,0.11527661930074283,2.1778370773439804e-11
791,68,0.17980202214579502,0.56486471187381893,0.86902263365202914,0.88472338378897419,0.11527661613129099,7.9734815972010153e-11
792,32,0.24256201957904239,0.76203105874942312,0.8799176737996699,0.86482482469301314,0.13517517524561429,6.1372573689766341e-11
792,68,0.24256196163424015,0.7620308767104581,0.879917463599179,0.86482482657971649,0.13517517339756732,2.2716190040128481e-11
793,32,0.21825912067539296,0.68568125009278269,0.79175650863869429,0.86482482469301314,0.13517517524561429,6.1372573689766341e-11
793,68,0.2182590937930026,0.68568116563926251,0.79175641112016915,0.86482482657971649,0.13517517339756732,2.2716190040128481e-11
794,32,0.20795913704065905,0.65332289717380754,0.75439230110208788,0.86482482469301314,0.13517517524561429,6.1372573689766341e-11
794,68,0.2079591057152784,0.65332279876222177,0.75439218746617687,0.86482482657971649,0.13517517339756732,2.2716190040128481e-11
795,32,0.25325175729942917,0.795613860240592,0.91869575276180615,0.86482482469301314,0.13517517524561429,6.1372573689766341e-11
795,68,0.25325172606676138,0.79561376212027224,0.91869563946221999,0.86482482657971649,0.13517517339756732,2.2716190040128481e-11
796,32,0.24383003576115381,0.7660146490717773,0.88451752768957459,0.86482482469301314,0.13517517524561429,6.1372573689766341e-11
796,68,0.24383003050962462,0.7660146325736118,0.88451750863913403,0.86482482657971649,0.13517517339756732,2.2716190040128481e-11
797,32,0.23848732662214372,0.74923003329039617,0.86513632281032493,0.86482482469301314,0.13517517524561429,6.1372573689766341e-11
797,68,0.23848731693461783,0.74923000285613606,0.86513628766786843,0.86482482657971649,0.13517517339756732,2.2716190040128481e-11
798,32,0.24979637774738894,0.78475846522453796,0.9061610222924491,0.86482482469301314,0.13517517524561429,6.1372573689766341e-11
798,68,0.24979637736707305,0.78475846402974037,0.90616102091281558,0.86482482657971649,0.13517517339756732,2.2716190040128481e-11
799,32,0.24979637774738894,0.78475846522453796,0.9061610222924491,0.86482482469301314,0.13517517524561429,6.1372573689766341e-11
799,68,0.24979637736707305,0.78475846402974037,0.90616102091281558,0.86482482657971649,0.13517517339756732,2.2716190040128481e-11
800,32,0.24979637774738894,0.78475846522453796,0.9061610222924491,0.86482482469301314,0.13517517524561429,6.1372573689766341e-11
800,68,0.24979637736707305,0.78475846402974037,0.90616102091281558,0.86482482657971649,0.13517517339756732,2.2716190040128481e-11
801,32,0.24628306842165987,0.77372107845703897,0.789511304547999,0.85450910504089339,0.14549089495623957,2.8670399387920042e-12
801,68,0.24628305491715194,0.7737210360313761,0.78951126125650628,0.85450910573734462,0.14549089426188669,7.6869066667484276e-13
802,32,0.2396841774365901,0.75299005101650385,0.76835719491479981,0.85450910504089339,0.14549089495623957,2.8670399387920042e-12
802,68,0.23968415267594717,0.75298997322865002,0.76835711553943886,0.85450910573734462,0.14549089426188669,7.6869066667484276e-13
803,32,0.23493205171634235,0.73806080776483851,0.75312327322942707,0.85450910504089339,0.14549089495623957,2.8670399387920042e-12
803,68,0.23493205162888439,0.73806080749008118,0.75312327294906245,0.85450910573734462,0.14549089426188669,7.6869066667484276e-13
804,32,0.27760670208087251,0.87212717584455945,0.88992568963730556,0.85450910504089339,0.14549089495623957,2.8670399387920042e-12
804,68,0.27760671621488842,0.87212722024787992,0.88992573494681626,0.85450910573734462,0.14549089426188669,7.6869066667484276e-13
805,32,0.27471279852739744,0.86303570970076471,0.88064868336812729,0.85450910504089339,0.14549089495623957,2.8670399387920042e-12
805,68,0.27471279329783871,0.86303569327162144,0.88064866660369534,0.85450910573734462,0.14549089426188669,7.6869066667484276e-13
806,32,0.27239740553341385,0.85576168808069264,0.87322621232723741,0.85450910504089339,0.14549089495623957,2.8670399387920042e-12
806,68,0.27239741237780046,0.85576170958296727,0.87322623426833401,0.85450910573734462,0.14549089426188669,7.6869066667484276e-13
807,32,0.28633205234671999,0.89953867213974359,0.91789660422422814,0.85450910504089339,0.14549089495623957,2.8670399387920042e-12
807,68,0.28633204837561699,0.89953865966415558,0.91789659149403635,0.85450910573734462,0.14549089426188669,7.6869066667484276e-13
808,32,0.28633205234671999,0.89953867213974359,0.91789660422422814,0.85450910504089339,0.14549089495623957,2.8670399387920042e-12
808,68,0.28633204837561699,0.89953865966415558,0.91789659149403635,0.85450910573734462,0.14549089426188669,7.6869066667484276e-13
809,32,0.28633205234671999,0.89953867213974359,0.91789660422422814,0.85450910504089339,0.14549089495623957,2.8670399387920042e-12
809,68,0.28633204837561699,0.89953865966415558,0.91789659149403635,0.85450910573734462,0.14549089426188669,7.6869066667484276e-13
810,32,0.16973820192596234,0.53324828820414416,3.5549885880276277,0.97907108906689788,0.020928910930611767,2.4903516748775445e-12
810,68,0.16973790709373665,0.53324736196138989,3.5549824130759329,0.97907110380029905,0.02092889618262465,1.7076302177843061e-11
811,32,0.044109642020808561,0.1385745273250478,0.92383018216698531,0.97907108906689788,0.020928910930611767,2.4903516748775445e-12
811,68,0.044109594501844915,0.13857437803982073,0.92382918693213822,0.97907110380029905,0.02092889618262465,1.7076302177843061e-11
812,32,0.036636573119740716,0.11509718896568272,0.76731459310455152,0.97907108906689788,0.020928910930611767,2.4903516748775445e-12
812,68,0.036636537891651638,0.11509707829337687,0.76731385528917917,0.97907110380029905,0.02092889618262465,1.7076302177843061e-11
813,32,0.05373160445877171,0.16880281383326978,1.1253520922217986,0.97907108906689788,0.020928910930611767,2.4903516748775445e-12
813,68,0.053731586316607391,0.16880275683797963,1.1253517122531975,0.97907110380029905,0.02092889618262465,1.7076302177843061e-11
814,32,0.03621507002613332,0.11377299794334035,0.75848665295560236,0.97907108906689788,0.020928910930611767,2.4903516748775445e-12
814,68,0.036215042358271936,0.1137729110221903,0.75848607348126862,0.97907110380029905,0.02092889618262465,1.7076302177843061e-11
815,32,0.032843994604212064,0.10318245216313543,0.68788301442090294,0.97907108906689788,0.020928910930611767,2.4903516748775445e-12
815,68,0.032843973202129555,0.10318238492651025,0.68788256617673504,0.97907110380029905,0.02092889618262465,1.7076302177843061e-11
816,32,0.032575581388325288,0.10233920717597912,0.68226138117319413,0.97907108906689788,0.020928910930611767,2.4903516748775445e-12
816,68,0.032575567465779366,0.10233916343701113,0.68226108958007425,0.97907110380029905,0.02092889618262465,1.7076302177843061e-11
817,32,0.032575581388325288,0.10233920717597912,0.68226138117319413,0.97907108906689788,0.020928910930611767,2.4903516748775445e-12
817,68,0.032575567465779366,0.10233916343701113,0.68226108958007425,0.97907110380029905,0.02092889618262465,1.7076302177843061e-11
818,32,0.032575581388325288,0.10233920717597912,0.68226138117319413,0.97907108906689788,0.020928910930611767,2.4903516748775445e-12
818,68,0.032575567465779366,0.10233916343701113,0.68226108958007425,0.97907110380029905,0.02092889618262465,1.7076302177843061e-11
819,32,0.22053850506867287,0.692842147357418,2.3094738245247268,0.97344694977300794,0.026553050214808152,1.2183906661356048e-11
819,68,0.22053835315171796,0.69284167009622855,2.3094722336540952,0.97344695323653407,0.026553046757362989,6.1029375997279089e-12
820,32,0.090889688805296909,0.28553837863778325,0.95179459545927758,0.97344694977300794,0.026553050214808152,1.2183906661356048e-11
820,68,0.090889658840295456,0.28553828449995478,0.95179428166651592,0.97344695323653407,0.026553046757362989,6.1029375997279089e-12
821,32,0.078181504615521383,0.24561444054671847,0.81871480182239487,0.97344694977300794,0.026553050214808152,1.2183906661356048e-11
821,68,0.078181479639900436,0.24561436208349119,0.81871454027830404,0.97344695323653407,0.026553046757362989,6.1029375997279089e-12
822,32,0.10763837528891147,0.33815592905198538,1.1271864301732846,0.97344694977300794,0.026553050214808152,1.2183906661356048e-11
822,68,0.10763837358190467,0.33815592368926539,1.1271864122975515,0.97344695323653407,0.026553046757362989,6.1029375997279089e-12
823,32,0.08265875635895821,0.25968014173217169,0.86560047244057237,0.97344694977300794,0.026553050214808152,1.2183906661356048e-11
823,68,0.082658743872454588,0.25968010250466367,0.86560034168221223,0.97344695323653407,0.026553046757362989,6.1029375997279089e-12
824,32,0.076460835753024051,0.24020879988903615,0.8006959996301205,0.97344694977300794,0.026553050214808152,1.2183906661356048e-11
824,68,0.076460825944900682,0.24020876907590782,0.80069589691969278,0.97344695323653407,0.026553046757362989,6.1029375997279089e-12
825,32,0.076985176357751678,0.2418560644808273,0.80618688160275775,0.97344694977300794,0.026553050214808152,1.2183906661356048e-11
825,68,0.076985178107977545,0.24185606997932402,0.80618689993108006,0.97344695323653407,0.026553046757362989,6.1029375997279089e-12
826,32,0.076985176357751678,0.2418560644808273,0.80618688160275775,0.97344694977300794,0.026553050214808152,1.2183906661356048e-11
826,68,0.076985178107977545,0.24185606997932402,0.80618689993108006,0.97344695323653407,0.026553046757362989,6.1029375997279089e-12
827,32,0.076985176357751678,0.2418560644808273,0.80618688160275775,0.97344694977300794,0.026553050214808152,1.2183906661356048e-11
827,68,0.076985178107977545,0.24185606997932402,0.80618689993108006,0.97344695323653407,0.026553046757362989,6.1029375997279089e-12
828,32,0.23401621001353073,0.73518360619943435,1.7395926128968646,0.96930809824852904,0.030691901747804673,3.6662894942196544e-12
828,68,0.23401620487684349,0.73518359006205547,1.7395925747125731,0.96930809852469091,0.030691901486436138,-1.112704720029889e-11
829,32,0.12645618211080961,0.39727381272033252,0.94002992460388002,0.96930809824852904,0.030691901747804673,3.6662894942196544e-12
829,68,0.1264561672300743,0.39727376597112374,0.94002981398582819,0.96930809852469091,0.030691901486436138,-1.112704720029889e-11
830,32,0.11177151310724057,0.35114056445832226,0.83086935953034402,0.96930809824852904,0.030691901747804673,3.6662894942196544e-12
830,68,0.1117715008963856,0.35114052609678997,0.83086926875922562,0.96930809852469091,0.030691901486436138,-1.112704720029889e-11
831,32,0.14846558967616846,0.46641840583752747,1.1036399703042221,0.96930809824852904,0.030691901747804673,3.6662894942196544e-12
831,68,0.1484655897206329,0.46641840597721662,1.1036399706347548,0.96930809852469091,0.030691901486436138,-1.112704720029889e-11
832,32,0.1231177440539621,0.38678580024647574,0.91521317288411697,0.96930809824852904,0.030691901747804673,3.6662894942196544e-12
832,68,0.12311774377282943,0.38678579936327145,0.91521317079427755,0.96930809852469091,0.030691901486436138,-1.112704720029889e-11
833,32,0.11561674462208858,0.3632207155367207,0.85945343213677183,0.96930809824852904,0.030691901747804673,3.6662894942196544e-12
833,68,0.11561674837001711,0.36322072731118543,0.85945345999752887,0.96930809852469091,0.030691901486436138,-1.112704720029889e-11
834,32,0.11801403565754572,0.37075202744222951,0.87727403429080208,0.96930809824852904,0.030691901747804673,3.6662894942196544e-12
834,68,0.11801404297012923,0.37075205041538817,0.8772740886499264,0.96930809852469091,0.030691901486436138,-1.112704720029889e-11
835,32,0.11801403565754572,0.37075202744222951,0.87727403429080208,0.96930809824852904,0.030691901747804673,3.6662894942196544e-12
835,68,0.11801404297012923,0.37075205041538817,0.8772740886499264,0.96930809852469091,0.030691901486436138,-1.112704720029889e-11
836,32,0.11801403565754572,0.37075202744222951,0.87727403429080208,0.96930809824852904,0.030691901747804673,3.6662894942196544e-12
836,68,0.11801404297012923,0.37075205041538817,0.8772740886499264,0.96930809852469091,0.030691901486436138,-1.112704720029889e-11
837,32,0.24632912066779114,0.77386575585516637,1.1905627013156406,0.96212293230346002,0.037877067695722993,8.1698536824603707e-13
837,68,0.24632905152478657,0.77386553863601115,1.1905623671323249,0.96212293338746635,0.037877066599315411,1.3218239003354171e-11
838,32,0.18587744349246435,0.58395121094397795,0.89838647837535068,0.96212293230346002,0.037877067695722993,8.1698536824603707e-13
838,68,0.18587741559426729,0.58395112329920695,0.89838634353724145,0.96212293338746635,0.037877066599315411,1.3218239003354171e-11
839,32,0.17157724619623985,0.53902581617327439,0.82927048642042211,0.96212293230346002,0.037877067695722993,8.1698536824603707e-13
839,68,0.17157721676554397,0.53902572371401636,0.82927034417540979,0.96212293338746635,0.037877066599315411,1.3218239003354171e-11
840,32,0.21791369888906129,0.68459607554645319,1.0532247316099279,0.96212293230346002,0.037877067695722993,8.1698536824603707e-13
840,68,0.21791369174968908,0.68459605311745397,1.0532246971037753,0.96212293338746635,0.037877066599315411,1.3218239003354171e-11
841,32,0.19896343966082775,0.62506208037141253,0.96163396980217308,0.96212293230346002,0.037877067695722993,8.1698536824603707e-13
841,68,0.1989634321884079,0.62506205689611327,0.9616339336863281,0.96212293338746635,0.037877066599315411,1.3218239003354171e-11
842,32,0.19136226629363592,0.60118228996238032,0.92489583071135428,0.96212293230346002,0.037877067695722993,8.1698536824603707e-13
842,68,0.1913622500558696,0.60118223894993295,0.924895752230666,0.96212293338746635,0.037877066599315411,1.3218239003354171e-11
843,32,0.20010328298578783,0.6286430037873505,0.96714308274977001,0.96212293230346002,0.037877067695722993,8.1698536824603707e-13
843,68,0.20010328256169407,0.62864300245502069,0.96714308070003185,0.96212293338746635,0.037877066599315411,1.3218239003354171e-11
844,32,0.20010328298578783,0.6286430037873505,0.96714308274977001,0.96212293230346002,0.037877067695722993,8.1698536824603707e-13
844,68,0.20010328256169407,0.62864300245502069,0.96714308070003185,0.96212293338746635,0.037877066599315411,1.3218239003354171e-11
845,32,0.20010328298578783,0.6286430037873505,0.96714308274977001,0.96212293230346002,0.037877067695722993,8.1698536824603707e-13
845,68,0.20010328256169407,0.62864300245502069,0.96714308070003185,0.96212293338746635,0.037877066599315411,1.3218239003354171e-11
846,32,0.26109187217241187,0.82024430752885447,0.94713654350608456,0.95558475520804576,0.044415244785884066,6.0701790816075629e-12
846,68,0.26109181225489331,0.82024411929241836,0.94713632614937038,0.955584755896698,0.044415244093961762,9.3402369172324029e-12
847,32,0.23678897326876247,0.74389449887221404,0.85897537834510906,0.95558475520804576,0.044415244785884066,6.0701790816075629e-12
847,68,0.23678894441365581,0.74389440822122299,0.85897527367036086,0.955584755896698,0.044415244093961762,9.3402369172324029e-12
848,32,0.22648898963402855,0.71153614595323889,0.82161117080850254,0.95558475520804576,0.044415244785884066,6.0701790816075629e-12
848,68,0.22648895633593161,0.71153604134418214,0.82161105001636847,0.955584755896698,0.044415244093961762,9.3402369172324029e-12
849,32,0.27907816485992509,0.87674991250126177,1.0123835959891685,0.95558475520804576,0.044415244785884066,6.0701790816075629e-12
849,68,0.27907813299699119,0.87674981240090277,1.0123834804032301,0.955584755896698,0.044415244093961762,9.3402369172324029e-12
850,32,0.26965644332164973,0.84715070133244719,0.97820537091693727,0.95558475520804576,0.044415244785884066,6.0701790816075629e-12
850,68,0.2696564374398544,0.84715068285424222,0.97820534958014405,0.955584755896698,0.044415244093961762,9.3402369172324029e-12
851,32,0.26431373418263954,0.83036608555106572,0.95882416603768716,0.95558475520804576,0.044415244785884066,6.0701790816075629e-12
851,68,0.2643137238648478,0.83036605313676703,0.958824128608879,0.955584755896698,0.044415244093961762,9.3402369172324029e-12
852,32,0.28151366220143492,0.88440125305718653,1.0212186030484178,0.95558475520804576,0.044415244785884066,6.0701790816075629e-12
852,68,0.28151366149189794,0.88440125082811039,1.0212186004745025,0.955584755896698,0.044415244093961762,9.3402369172324029e-12
853,32,0.28151366220143492,0.88440125305718653,1.0212186030484178,0.95558475520804576,0.044415244785884066,6.0701790816075629e-12
853,68,0.28151366149189794,0.88440125082811039,1.0212186004745025,0.955584755896698,0.044415244093961762,9.3402369172324029e-12
854,32,0.28151366220143492,0.88440125305718653,1.0212186030484178,0.95558475520804576,0.044415244785884066,6.0701790816075629e-12
854,68,0.28151366149189794,0.88440125082811039,1.0212186004745025,0.955584755896698,0.044415244093961762,9.3402369172324029e-12
855,32,0.26885175485130197,0.84462269794557432,0.86185989586283096,0.95219526291786627,0.047804737080121659,2.012071065315979e-12
855,68,0.26885173913814969,0.84462264858125058,0.86185984549107209,0.95219526321419012,0.047804736761111417,2.4698458556127179e-11
856,32,0.26225286386623203,0.82389167050503864,0.84070578622963132,0.95219526291786627,0.047804737080121659,2.012071065315979e-12
856,68,0.26225283689694501,0.82389158577852473,0.84070569977400489,0.95219526321419012,0.047804736761111417,2.4698458556127179e-11
857,32,0.2575007381459844,0.80896242725337364,0.8254718645442588,0.95219526291786627,0.047804737080121659,2.012071065315979e-12
857,68,0.25750073584988259,0.808962420039957,0.82547185718362959,0.95219526321419012,0.047804736761111417,2.4698458556127179e-11
858,32,0.30906232703175707,0.97094793610433416,0.99076320010646346,0.95219526291786627,0.047804737080121659,2.012071065315979e-12
858,68,0.30906234070146077,0.9709479790489749,0.99076324392752546,0.95219526321419012,0.047804736761111417,2.4698458556127179e-11
859,32,0.30616842347828199,0.96185646996053942,0.98148619383728519,0.95219526291786627,0.047804737080121659,2.012071065315979e-12
859,68,0.30616841778441106,0.96185645207271631,0.98148617558440443,0.95219526321419012,0.047804736761111417,2.4698458556127179e-11
860,32,0.3038530304842984,0.95458244834046735,0.9740637227963953,0.95219526291786627,0.047804737080121659,2.012071065315979e-12
860,68,0.30385303686437282,0.95458246838406224,0.9740637432490431,0.95219526321419012,0.047804736761111417,2.4698458556127179e-11
861,32,0.32496255106744104,1.0208999631252706,1.0417346562502763,0.95219526291786627,0.047804737080121659,2.012071065315979e-12
861,68,0.32496254705019312,1.0208999505047143,1.0417346433721575,0.95219526321419012,0.047804736761111417,2.4698458556127179e-11
862,32,0.32496255106744104,1.0208999631252706,1.0417346562502763,0.95219526291786627,0.047804737080121659,2.012071065315979e-12
862,68,0.32496254705019312,1.0208999505047143,1.0417346433721575,0.95219526321419012,0.047804736761111417,2.4698458556127179e-11
863,32,0.32496255106744104,1.0208999631252706,1.0417346562502763,0.95219526291786627,0.047804737080121659,2.012071065315979e-12
863,68,0.32496254705019312,1.0208999505047143,1.0417346433721575,0.95219526321419012,0.047804736761111417,2.4698458556127179e-11
