0 0.029999999999999999 1 1 0.84999999999999998 -0.14999999999999999 0.90000000000000002 0 0.14999999999999999 0.34999999999999998 0 0 32
0 0.029999999999999999 1 1 0.84999999999999998 -0.14999999999999999 0.90000000000000002 0 0.14999999999999999 0.34999999999999998 0 0 68
1 0.029999999999999999 1 1 0.84999999999999998 -0.14999999999999999 0.90000000000000002 0 0.14999999999999999 0.34999999999999998 90 0 32
1 0.029999999999999999 1 1 0.84999999999999998 -0.14999999999999999 0.90000000000000002 0 0.14999999999999999 0.34999999999999998 90 0 68
2 0.029999999999999999 1 1 0.84999999999999998 -0.14999999999999999 0.90000000000000002 0 0.14999999999999999 0.34999999999999998 180 0 32
2 0.029999999999999999 1 1 0.84999999999999998 -0.14999999999999999 0.90000000000000002 0 0.14999999999999999 0.34999999999999998 180 0 68
3 0.029999999999999999 1 1 0.84999999999999998 -0.14999999999999999 0.90000000000000002 0 0.14999999999999999 0.69999999999999996 0 0 32
3 0.029999999999999999 1 1 0.84999999999999998 -0.14999999999999999 0.90000000000000002 0 0.14999999999999999 0.69999999999999996 0 0 68
4 0.029999999999999999 1 1 0.84999999999999998 -0.14999999999999999 0.90000000000000002 0 0.14999999999999999 0.69999999999999996 90 0 32
4 0.029999999999999999 1 1 0.84999999999999998 -0.14999999999999999 0.90000000000000002 0 0.14999999999999999 0.69999999999999996 90 0 68
5 0.029999999999999999 1 1 0.84999999999999998 -0.14999999999999999 0.90000000000000002 0 0.14999999999999999 0.69999999999999996 180 0 32
5 0.029999999999999999 1 1 0.84999999999999998 -0.14999999999999999 0.90000000000000002 0 0.14999999999999999 0.69999999999999996 180 0 68
6 0.029999999999999999 1 1 0.84999999999999998 -0.14999999999999999 0.90000000000000002 0 0.14999999999999999 1 0 0 32
6 0.029999999999999999 1 1 0.84999999999999998 -0.14999999999999999 0.90000000000000002 0 0.14999999999999999 1 0 0 68
7 0.029999999999999999 1 1 0.84999999999999998 -0.14999999999999999 0.90000000000000002 0 0.14999999999999999 1 90 0 32
7 0.029999999999999999 1 1 0.84999999999999998 -0.14999999999999999 0.90000000000000002 0 0.14999999999999999 1 90 0 68
8 0.029999999999999999 1 1 0.84999999999999998 -0.14999999999999999 0.90000000000000002 0 0.14999999999999999 1 180 0 32
8 0.029999999999999999 1 1 0.84999999999999998 -0.14999999999999999 0.90000000000000002 0 0.14999999999999999 1 180 0 68
9 0.029999999999999999 1 1 0.84999999999999998 -0.14999999999999999 0.90000000000000002 0 0.29999999999999999 0.34999999999999998 0 0 32
9 0.029999999999999999 1 1 0.84999999999999998 -0.14999999999999999 0.90000000000000002 0 0.29999999999999999 0.34999999999999998 0 0 68
10 0.029999999999999999 1 1 0.84999999999999998 -0.14999999999999999 0.90000000000000002 0 0.29999999999999999 0.34999999999999998 90 0 32
10 0.029999999999999999 1 1 0.84999999999999998 -0.14999999999999999 0.90000000000000002 0 0.29999999999999999 0.34999999999999998 90 0 68
11 0.029999999999999999 1 1 0.84999999999999998 -0.14999999999999999 0.90000000000000002 0 0.29999999999999999 0.34999999999999998 180 0 32
11 0.029999999999999999 1 1 0.84999999999999998 -0.14999999999999999 0.90000000000000002 0 0.29999999999999999 0.34999999999999998 180 0 68
12 0.029999999999999999 1 1 0.84999999999999998 -0.14999999999999999 0.90000000000000002 0 0.29999999999999999 0.69999999999999996 0 0 32
12 0.029999999999999999 1 1 0.84999999999999998 -0.14999999999999999 0.90000000000000002 0 0.29999999999999999 0.69999999999999996 0 0 68
13 0.029999999999999999 1 1 0.84999999999999998 -0.14999999999999999 0.90000000000000002 0 0.29999999999999999 0.69999999999999996 90 0 32
13 0.029999999999999999 1 1 0.84999999999999998 -0.14999999999999999 0.90000000000000002 0 0.29999999999999999 0.69999999999999996 90 0 68
14 0.029999999999999999 1 1 0.84999999999999998 -0.14999999999999999 0.90000000000000002 0 0.29999999999999999 0.69999999999999996 180 0 32
14 0.029999999999999999 1 1 0.84999999999999998 -0.14999999999999999 0.90000000000000002 0 0.29999999999999999 0.69999999999999996 180 0 68
15 0.029999999999999999 1 1 0.84999999999999998 -0.14999999999999999 0.90000000000000002 0 0.29999999999999999 1 0 0 32
15 0.029999999999999999 1 1 0.84999999999999998 -0.14999999999999999 0.90000000000000002 0 0.29999999999999999 1 0 0 68
16 0.029999999999999999 1 1 0.84999999999999998 -0.14999999999999999 0.90000000000000002 0 0.29999999999999999 1 90 0 32
16 0.029999999999999999 1 1 0.84999999999999998 -0.14999999999999999 0.90000000000000002 0 0.29999999999999999 1 90 0 68
17 0.029999999999999999 1 1 0.84999999999999998 -0.14999999999999999 0.90000000000000002 0 0.29999999999999999 1 180 0 32
17 0.029999999999999999 1 1 0.84999999999999998 -0.14999999999999999 0.90000000000000002 0 0.29999999999999999 1 180 0 68
18 0.029999999999999999 1 1 0.84999999999999998 -0.14999999999999999 0.90000000000000002 0 0.42261826174069944 0.34999999999999998 0 0 32
18 0.029999999999999999 1 1 0.84999999999999998 -0.14999999999999999 0.90000000000000002 0 0.42261826174069944 0.34999999999999998 0 0 68
19 0.029999999999999999 1 1 0.84999999999999998 -0.14999999999999999 0.90000000000000002 0 0.42261826174069944 0.34999999999999998 90 0 32
19 0.029999999999999999 1 1 0.84999999999999998 -0.14999999999999999 0.90000000000000002 0 0.42261826174069944 0.34999999999999998 90 0 68
20 0.029999999999999999 1 1 0.84999999999999998 -0.14999999999999999 0.90000000000000002 0 0.42261826174069944 0.34999999999999998 180 0 32
20 0.029999999999999999 1 1 0.84999999999999998 -0.14999999999999999 0.90000000000000002 0 0.42261826174069944 0.34999999999999998 180 0 68
21 0.029999999999999999 1 1 0.84999999999999998 -0.14999999999999999 0.90000000000000002 0 0.42261826174069944 0.69999999999999996 0 0 32
21 0.029999999999999999 1 1 0.84999999999999998 -0.14999999999999999 0.90000000000000002 0 0.42261826174069944 0.69999999999999996 0 0 68
22 0.029999999999999999 1 1 0.84999999999999998 -0.14999999999999999 0.90000000000000002 0 0.42261826174069944 0.69999999999999996 90 0 32
22 0.029999999999999999 1 1 0.84999999999999998 -0.14999999999999999 0.90000000000000002 0 0.42261826174069944 0.69999999999999996 90 0 68
23 0.029999999999999999 1 1 0.84999999999999998 -0.14999999999999999 0.90000000000000002 0 0.42261826174069944 0.69999999999999996 180 0 32
23 0.029999999999999999 1 1 0.84999999999999998 -0.14999999999999999 0.90000000000000002 0 0.42261826174069944 0.69999999999999996 180 0 68
24 0.029999999999999999 1 1 0.84999999999999998 -0.14999999999999999 0.90000000000000002 0 0.42261826174069944 1 0 0 32
24 0.029999999999999999 1 1 0.84999999999999998 -0.14999999999999999 0.90000000000000002 0 0.42261826174069944 1 0 0 68
25 0.029999999999999999 1 1 0.84999999999999998 -0.14999999999999999 0.90000000000000002 0 0.42261826174069944 1 90 0 32
25 0.029999999999999999 1 1 0.84999999999999998 -0.14999999999999999 0.90000000000000002 0 0.42261826174069944 1 90 0 68
26 0.029999999999999999 1 1 0.84999999999999998 -0.14999999999999999 0.90000000000000002 0 0.42261826174069944 1 180 0 32
26 0.029999999999999999 1 1 0.84999999999999998 -0.14999999999999999 0.90000000000000002 0 0.42261826174069944 1 180 0 68
27 0.029999999999999999 1 1 0.84999999999999998 -0.14999999999999999 0.90000000000000002 0 0.65000000000000002 0.34999999999999998 0 0 32
27 0.029999999999999999 1 1 0.84999999999999998 -0.14999999999999999 0.90000000000000002 0 0.65000000000000002 0.34999999999999998 0 0 68
28 0.029999999999999999 1 1 0.84999999999999998 -0.14999999999999999 0.90000000000000002 0 0.65000000000000002 0.34999999999999998 90 0 32
28 0.029999999999999999 1 1 0.84999999999999998 -0.14999999999999999 0.90000000000000002 0 0.65000000000000002 0.34999999999999998 90 0 68
29 0.029999999999999999 1 1 0.84999999999999998 -0.14999999999999999 0.90000000000000002 0 0.65000000000000002 0.34999999999999998 180 0 32
29 0.029999999999999999 1 1 0.84999999999999998 -0.14999999999999999 0.90000000000000002 0 0.65000000000000002 0.34999999999999998 180 0 68
30 0.029999999999999999 1 1 0.84999999999999998 -0.14999999999999999 0.90000000000000002 0 0.65000000000000002 0.69999999999999996 0 0 32
30 0.029999999999999999 1 1 0.84999999999999998 -0.14999999999999999 0.90000000000000002 0 0.65000000000000002 0.69999999999999996 0 0 68
31 0.029999999999999999 1 1 0.84999999999999998 -0.14999999999999999 0.90000000000000002 0 0.65000000000000002 0.69999999999999996 90 0 32
31 0.029999999999999999 1 1 0.84999999999999998 -0.14999999999999999 0.90000000000000002 0 0.65000000000000002 0.69999999999999996 90 0 68
32 0.029999999999999999 1 1 0.84999999999999998 -0.14999999999999999 0.90000000000000002 0 0.65000000000000002 0.69999999999999996 180 0 32
32 0.029999999999999999 1 1 0.84999999999999998 -0.14999999999999999 0.90000000000000002 0 0.65000000000000002 0.69999999999999996 180 0 68
33 0.029999999999999999 1 1 0.84999999999999998 -0.14999999999999999 0.90000000000000002 0 0.65000000000000002 1 0 0 32
33 0.029999999999999999 1 1 0.84999999999999998 -0.14999999999999999 0.90000000000000002 0 0.65000000000000002 1 0 0 68
34 0.029999999999999999 1 1 0.84999999999999998 -0.14999999999999999 0.90000000000000002 0 0.65000000000000002 1 90 0 32
34 0.029999999999999999 1 1 0.84999999999999998 -0.14999999999999999 0.90000000000000002 0 0.65000000000000002 1 90 0 68
35 0.029999999999999999 1 1 0.84999999999999998 -0.14999999999999999 0.90000000000000002 0 0.65000000000000002 1 180 0 32
35 0.029999999999999999 1 1 0.84999999999999998 -0.14999999999999999 0.90000000000000002 0 0.65000000000000002 1 180 0 68
36 0.029999999999999999 1 1 0.84999999999999998 -0.14999999999999999 0.90000000000000002 0 0.86602540378443871 0.34999999999999998 0 0 32
36 0.029999999999999999 1 1 0.84999999999999998 -0.14999999999999999 0.90000000000000002 0 0.86602540378443871 0.34999999999999998 0 0 68
37 0.029999999999999999 1 1 0.84999999999999998 -0.14999999999999999 0.90000000000000002 0 0.86602540378443871 0.34999999999999998 90 0 32
37 0.029999999999999999 1 1 0.84999999999999998 -0.14999999999999999 0.90000000000000002 0 0.86602540378443871 0.34999999999999998 90 0 68
38 0.029999999999999999 1 1 0.84999999999999998 -0.14999999999999999 0.90000000000000002 0 0.86602540378443871 0.34999999999999998 180 0 32
38 0.029999999999999999 1 1 0.84999999999999998 -0.14999999999999999 0.90000000000000002 0 0.86602540378443871 0.34999999999999998 180 0 68
39 0.029999999999999999 1 1 0.84999999999999998 -0.14999999999999999 0.90000000000000002 0 0.86602540378443871 0.69999999999999996 0 0 32
39 0.029999999999999999 1 1 0.84999999999999998 -0.14999999999999999 0.90000000000000002 0 0.86602540378443871 0.69999999999999996 0 0 68
40 0.029999999999999999 1 1 0.84999999999999998 -0.14999999999999999 0.90000000000000002 0 0.86602540378443871 0.69999999999999996 90 0 32
40 0.029999999999999999 1 1 0.84999999999999998 -0.14999999999999999 0.90000000000000002 0 0.86602540378443871 0.69999999999999996 90 0 68
41 0.029999999999999999 1 1 0.84999999999999998 -0.14999999999999999 0.90000000000000002 0 0.86602540378443871 0.69999999999999996 180 0 32
41 0.029999999999999999 1 1 0.84999999999999998 -0.14999999999999999 0.90000000000000002 0 0.86602540378443871 0.69999999999999996 180 0 68
42 0.029999999999999999 1 1 0.84999999999999998 -0.14999999999999999 0.90000000000000002 0 0.86602540378443871 1 0 0 32
42 0.029999999999999999 1 1 0.84999999999999998 -0.14999999999999999 0.90000000000000002 0 0.86602540378443871 1 0 0 68
43 0.029999999999999999 1 1 0.84999999999999998 -0.14999999999999999 0.90000000000000002 0 0.86602540378443871 1 90 0 32
43 0.029999999999999999 1 1 0.84999999999999998 -0.14999999999999999 0.90000000000000002 0 0.86602540378443871 1 90 0 68
44 0.029999999999999999 1 1 0.84999999999999998 -0.14999999999999999 0.90000000000000002 0 0.86602540378443871 1 180 0 32
44 0.029999999999999999 1 1 0.84999999999999998 -0.14999999999999999 0.90000000000000002 0 0.86602540378443871 1 180 0 68
45 0.029999999999999999 1 1 0.84999999999999998 -0.14999999999999999 0.90000000000000002 0 0.97999999999999998 0.34999999999999998 0 0 32
45 0.029999999999999999 1 1 0.84999999999999998 -0.14999999999999999 0.90000000000000002 0 0.97999999999999998 0.34999999999999998 0 0 68
46 0.029999999999999999 1 1 0.84999999999999998 -0.14999999999999999 0.90000000000000002 0 0.97999999999999998 0.34999999999999998 90 0 32
46 0.029999999999999999 1 1 0.84999999999999998 -0.14999999999999999 0.90000000000000002 0 0.97999999999999998 0.34999999999999998 90 0 68
47 0.029999999999999999 1 1 0.84999999999999998 -0.14999999999999999 0.90000000000000002 0 0.97999999999999998 0.34999999999999998 180 0 32
47 0.029999999999999999 1 1 0.84999999999999998 -0.14999999999999999 0.90000000000000002 0 0.97999999999999998 0.34999999999999998 180 0 68
48 0.029999999999999999 1 1 0.84999999999999998 -0.14999999999999999 0.90000000000000002 0 0.97999999999999998 0.69999999999999996 0 0 32
48 0.029999999999999999 1 1 0.84999999999999998 -0.14999999999999999 0.90000000000000002 0 0.97999999999999998 0.69999999999999996 0 0 68
49 0.029999999999999999 1 1 0.84999999999999998 -0.14999999999999999 0.90000000000000002 0 0.97999999999999998 0.69999999999999996 90 0 32
49 0.029999999999999999 1 1 0.84999999999999998 -0.14999999999999999 0.90000000000000002 0 0.97999999999999998 0.69999999999999996 90 0 68
50 0.029999999999999999 1 1 0.84999999999999998 -0.14999999999999999 0.90000000000000002 0 0.97999999999999998 0.69999999999999996 180 0 32
50 0.029999999999999999 1 1 0.84999999999999998 -0.14999999999999999 0.90000000000000002 0 0.97999999999999998 0.69999999999999996 180 0 68
51 0.029999999999999999 1 1 0.84999999999999998 -0.14999999999999999 0.90000000000000002 0 0.97999999999999998 1 0 0 32
51 0.029999999999999999 1 1 0.84999999999999998 -0.14999999999999999 0.90000000000000002 0 0.97999999999999998 1 0 0 68
52 0.029999999999999999 1 1 0.84999999999999998 -0.14999999999999999 0.90000000000000002 0 0.97999999999999998 1 90 0 32
52 0.029999999999999999 1 1 0.84999999999999998 -0.14999999999999999 0.90000000000000002 0 0.97999999999999998 1 90 0 68
53 0.029999999999999999 1 1 0.84999999999999998 -0.14999999999999999 0.90000000000000002 0 0.97999999999999998 1 180 0 32
53 0.029999999999999999 1 1 0.84999999999999998 -0.14999999999999999 0.90000000000000002 0 0.97999999999999998 1 180 0 68
54 0.10000000000000001 1 1 0.84999999999999998 -0.14999999999999999 0.90000000000000002 0 0.14999999999999999 0.34999999999999998 0 0 32
54 0.10000000000000001 1 1 0.84999999999999998 -0.14999999999999999 0.90000000000000002 0 0.14999999999999999 0.34999999999999998 0 0 68
55 0.10000000000000001 1 1 0.84999999999999998 -0.14999999999999999 0.90000000000000002 0 0.14999999999999999 0.34999999999999998 90 0 32
55 0.10000000000000001 1 1 0.84999999999999998 -0.14999999999999999 0.90000000000000002 0 0.14999999999999999 0.34999999999999998 90 0 68
56 0.10000000000000001 1 1 0.84999999999999998 -0.14999999999999999 0.90000000000000002 0 0.14999999999999999 0.34999999999999998 180 0 32
56 0.10000000000000001 1 1 0.84999999999999998 -0.14999999999999999 0.90000000000000002 0 0.14999999999999999 0.34999999999999998 180 0 68
57 0.10000000000000001 1 1 0.84999999999999998 -0.14999999999999999 0.90000000000000002 0 0.14999999999999999 0.69999999999999996 0 0 32
57 0.10000000000000001 1 1 0.84999999999999998 -0.14999999999999999 0.90000000000000002 0 0.14999999999999999 0.69999999999999996 0 0 68
58 0.10000000000000001 1 1 0.84999999999999998 -0.14999999999999999 0.90000000000000002 0 0.14999999999999999 0.69999999999999996 90 0 32
58 0.10000000000000001 1 1 0.84999999999999998 -0.14999999999999999 0.90000000000000002 0 0.14999999999999999 0.69999999999999996 90 0 68
59 0.10000000000000001 1 1 0.84999999999999998 -0.14999999999999999 0.90000000000000002 0 0.14999999999999999 0.69999999999999996 180 0 32
59 0.10000000000000001 1 1 0.84999999999999998 -0.14999999999999999 0.90000000000000002 0 0.14999999999999999 0.69999999999999996 180 0 68
60 0.10000000000000001 1 1 0.84999999999999998 -0.14999999999999999 0.90000000000000002 0 0.14999999999999999 1 0 0 32
60 0.10000000000000001 1 1 0.84999999999999998 -0.14999999999999999 0.90000000000000002 0 0.14999999999999999 1 0 0 68
61 0.10000000000000001 1 1 0.84999999999999998 -0.14999999999999999 0.90000000000000002 0 0.14999999999999999 1 90 0 32
61 0.10000000000000001 1 1 0.84999999999999998 -0.14999999999999999 0.90000000000000002 0 0.14999999999999999 1 90 0 68
62 0.10000000000000001 1 1 0.84999999999999998 -0.14999999999999999 0.90000000000000002 0 0.14999999999999999 1 180 0 32
62 0.10000000000000001 1 1 0.84999999999999998 -0.14999999999999999 0.90000000000000002 0 0.14999999999999999 1 180 0 68
63 0.10000000000000001 1 1 0.84999999999999998 -0.14999999999999999 0.90000000000000002 0 0.29999999999999999 0.34999999999999998 0 0 32
63 0.10000000000000001 1 1 0.84999999999999998 -0.14999999999999999 0.90000000000000002 0 0.29999999999999999 0.34999999999999998 0 0 68
64 0.10000000000000001 1 1 0.84999999999999998 -0.14999999999999999 0.90000000000000002 0 0.29999999999999999 0.34999999999999998 90 0 32
64 0.10000000000000001 1 1 0.84999999999999998 -0.14999999999999999 0.90000000000000002 0 0.29999999999999999 0.34999999999999998 90 0 68
65 0.10000000000000001 1 1 0.84999999999999998 -0.14999999999999999 0.90000000000000002 0 0.29999999999999999 0.34999999999999998 180 0 32
65 0.10000000000000001 1 1 0.84999999999999998 -0.14999999999999999 0.90000000000000002 0 0.29999999999999999 0.34999999999999998 180 0 68
66 0.10000000000000001 1 1 0.84999999999999998 -0.14999999999999999 0.90000000000000002 0 0.29999999999999999 0.69999999999999996 0 0 32
66 0.10000000000000001 1 1 0.84999999999999998 -0.14999999999999999 0.90000000000000002 0 0.29999999999999999 0.69999999999999996 0 0 68
67 0.10000000000000001 1 1 0.84999999999999998 -0.14999999999999999 0.90000000000000002 0 0.29999999999999999 0.69999999999999996 90 0 32
67 0.10000000000000001 1 1 0.84999999999999998 -0.14999999999999999 0.90000000000000002 0 0.29999999999999999 0.69999999999999996 90 0 68
68 0.10000000000000001 1 1 0.84999999999999998 -0.14999999999999999 0.90000000000000002 0 0.29999999999999999 0.69999999999999996 180 0 32
68 0.10000000000000001 1 1 0.84999999999999998 -0.14999999999999999 0.90000000000000002 0 0.29999999999999999 0.69999999999999996 180 0 68
69 0.10000000000000001 1 1 0.84999999999999998 -0.14999999999999999 0.90000000000000002 0 0.29999999999999999 1 0 0 32
69 0.10000000000000001 1 1 0.84999999999999998 -0.14999999999999999 0.90000000000000002 0 0.29999999999999999 1 0 0 68
70 0.10000000000000001 1 1 0.84999999999999998 -0.14999999999999999 0.90000000000000002 0 0.29999999999999999 1 90 0 32
70 0.10000000000000001 1 1 0.84999999999999998 -0.14999999999999999 0.90000000000000002 0 0.29999999999999999 1 90 0 68
71 0.10000000000000001 1 1 0.84999999999999998 -0.14999999999999999 0.90000000000000002 0 0.29999999999999999 1 180 0 32
71 0.10000000000000001 1 1 0.84999999999999998 -0.14999999999999999 0.90000000000000002 0 0.29999999999999999 1 180 0 68
72 0.10000000000000001 1 1 0.84999999999999998 -0.14999999999999999 0.90000000000000002 0 0.42261826174069944 0.34999999999999998 0 0 32
72 0.10000000000000001 1 1 0.84999999999999998 -0.14999999999999999 0.90000000000000002 0 0.42261826174069944 0.34999999999999998 0 0 68
73 0.10000000000000001 1 1 0.84999999999999998 -0.14999999999999999 0.90000000000000002 0 0.42261826174069944 0.34999999999999998 90 0 32
73 0.10000000000000001 1 1 0.84999999999999998 -0.14999999999999999 0.90000000000000002 0 0.42261826174069944 0.34999999999999998 90 0 68
74 0.10000000000000001 1 1 0.84999999999999998 -0.14999999999999999 0.90000000000000002 0 0.42261826174069944 0.34999999999999998 180 0 32
74 0.10000000000000001 1 1 0.84999999999999998 -0.14999999999999999 0.90000000000000002 0 0.42261826174069944 0.34999999999999998 180 0 68
75 0.10000000000000001 1 1 0.84999999999999998 -0.14999999999999999 0.90000000000000002 0 0.42261826174069944 0.69999999999999996 0 0 32
75 0.10000000000000001 1 1 0.84999999999999998 -0.14999999999999999 0.90000000000000002 0 0.42261826174069944 0.69999999999999996 0 0 68
76 0.10000000000000001 1 1 0.84999999999999998 -0.14999999999999999 0.90000000000000002 0 0.42261826174069944 0.69999999999999996 90 0 32
76 0.10000000000000001 1 1 0.84999999999999998 -0.14999999999999999 0.90000000000000002 0 0.42261826174069944 0.69999999999999996 90 0 68
77 0.10000000000000001 1 1 0.84999999999999998 -0.14999999999999999 0.90000000000000002 0 0.42261826174069944 0.69999999999999996 180 0 32
77 0.10000000000000001 1 1 0.84999999999999998 -0.14999999999999999 0.90000000000000002 0 0.42261826174069944 0.69999999999999996 180 0 68
78 0.10000000000000001 1 1 0.84999999999999998 -0.14999999999999999 0.90000000000000002 0 0.42261826174069944 1 0 0 32
78 0.10000000000000001 1 1 0.84999999999999998 -0.14999999999999999 0.90000000000000002 0 0.42261826174069944 1 0 0 68
79 0.10000000000000001 1 1 0.84999999999999998 -0.14999999999999999 0.90000000000000002 0 0.42261826174069944 1 90 0 32
79 0.10000000000000001 1 1 0.84999999999999998 -0.14999999999999999 0.90000000000000002 0 0.42261826174069944 1 90 0 68
80 0.10000000000000001 1 1 0.84999999999999998 -0.14999999999999999 0.90000000000000002 0 0.42261826174069944 1 180 0 32
80 0.10000000000000001 1 1 0.84999999999999998 -0.14999999999999999 0.90000000000000002 0 0.42261826174069944 1 180 0 68
81 0.10000000000000001 1 1 0.84999999999999998 -0.14999999999999999 0.90000000000000002 0 0.65000000000000002 0.34999999999999998 0 0 32
81 0.10000000000000001 1 1 0.84999999999999998 -0.14999999999999999 0.90000000000000002 0 0.65000000000000002 0.34999999999999998 0 0 68
82 0.10000000000000001 1 1 0.84999999999999998 -0.14999999999999999 0.90000000000000002 0 0.65000000000000002 0.34999999999999998 90 0 32
82 0.10000000000000001 1 1 0.84999999999999998 -0.14999999999999999 0.90000000000000002 0 0.65000000000000002 0.34999999999999998 90 0 68
83 0.10000000000000001 1 1 0.84999999999999998 -0.14999999999999999 0.90000000000000002 0 0.65000000000000002 0.34999999999999998 180 0 32
83 0.10000000000000001 1 1 0.84999999999999998 -0.14999999999999999 0.90000000000000002 0 0.65000000000000002 0.34999999999999998 180 0 68
84 0.10000000000000001 1 1 0.84999999999999998 -0.14999999999999999 0.90000000000000002 0 0.65000000000000002 0.69999999999999996 0 0 32
84 0.10000000000000001 1 1 0.84999999999999998 -0.14999999999999999 0.90000000000000002 0 0.65000000000000002 0.69999999999999996 0 0 68
85 0.10000000000000001 1 1 0.84999999999999998 -0.14999999999999999 0.90000000000000002 0 0.65000000000000002 0.69999999999999996 90 0 32
85 0.10000000000000001 1 1 0.84999999999999998 -0.14999999999999999 0.90000000000000002 0 0.65000000000000002 0.69999999999999996 90 0 68
86 0.10000000000000001 1 1 0.84999999999999998 -0.14999999999999999 0.90000000000000002 0 0.65000000000000002 0.69999999999999996 180 0 32
86 0.10000000000000001 1 1 0.84999999999999998 -0.14999999999999999 0.90000000000000002 0 0.65000000000000002 0.69999999999999996 180 0 68
87 0.10000000000000001 1 1 0.84999999999999998 -0.14999999999999999 0.90000000000000002 0 0.65000000000000002 1 0 0 32
87 0.10000000000000001 1 1 0.84999999999999998 -0.14999999999999999 0.90000000000000002 0 0.65000000000000002 1 0 0 68
88 0.10000000000000001 1 1 0.84999999999999998 -0.14999999999999999 0.90000000000000002 0 0.65000000000000002 1 90 0 32
88 0.10000000000000001 1 1 0.84999999999999998 -0.14999999999999999 0.90000000000000002 0 0.65000000000000002 1 90 0 68
89 0.10000000000000001 1 1 0.84999999999999998 -0.14999999999999999 0.90000000000000002 0 0.65000000000000002 1 180 0 32
89 0.10000000000000001 1 1 0.84999999999999998 -0.14999999999999999 0.90000000000000002 0 0.65000000000000002 1 180 0 68
90 0.10000000000000001 1 1 0.84999999999999998 -0.14999999999999999 0.90000000000000002 0 0.86602540378443871 0.34999999999999998 0 0 32
90 0.10000000000000001 1 1 0.84999999999999998 -0.14999999999999999 0.90000000000000002 0 0.86602540378443871 0.34999999999999998 0 0 68
91 0.10000000000000001 1 1 0.84999999999999998 -0.14999999999999999 0.90000000000000002 0 0.86602540378443871 0.34999999999999998 90 0 32
91 0.10000000000000001 1 1 0.84999999999999998 -0.14999999999999999 0.90000000000000002 0 0.86602540378443871 0.34999999999999998 90 0 68
92 0.10000000000000001 1 1 0.84999999999999998 -0.14999999999999999 0.90000000000000002 0 0.86602540378443871 0.34999999999999998 180 0 32
92 0.10000000000000001 1 1 0.84999999999999998 -0.14999999999999999 0.90000000000000002 0 0.86602540378443871 0.34999999999999998 180 0 68
93 0.10000000000000001 1 1 0.84999999999999998 -0.14999999999999999 0.90000000000000002 0 0.86602540378443871 0.69999999999999996 0 0 32
93 0.10000000000000001 1 1 0.84999999999999998 -0.14999999999999999 0.90000000000000002 0 0.86602540378443871 0.69999999999999996 0 0 68
94 0.10000000000000001 1 1 0.84999999999999998 -0.14999999999999999 0.90000000000000002 0 0.86602540378443871 0.69999999999999996 90 0 32
94 0.10000000000000001 1 1 0.84999999999999998 -0.14999999999999999 0.90000000000000002 0 0.86602540378443871 0.69999999999999996 90 0 68
95 0.10000000000000001 1 1 0.84999999999999998 -0.14999999999999999 0.90000000000000002 0 0.86602540378443871 0.69999999999999996 180 0 32
95 0.10000000000000001 1 1 0.84999999999999998 -0.14999999999999999 0.90000000000000002 0 0.86602540378443871 0.69999999999999996 180 0 68
96 0.10000000000000001 1 1 0.84999999999999998 -0.14999999999999999 0.90000000000000002 0 0.86602540378443871 1 0 0 32
96 0.10000000000000001 1 1 0.84999999999999998 -0.14999999999999999 0.90000000000000002 0 0.86602540378443871 1 0 0 68
97 0.10000000000000001 1 1 0.84999999999999998 -0.14999999999999999 0.90000000000000002 0 0.86602540378443871 1 90 0 32
97 0.10000000000000001 1 1 0.84999999999999998 -0.14999999999999999 0.90000000000000002 0 0.86602540378443871 1 90 0 68
98 0.10000000000000001 1 1 0.84999999999999998 -0.14999999999999999 0.90000000000000002 0 0.86602540378443871 1 180 0 32
98 0.10000000000000001 1 1 0.84999999999999998 -0.14999999999999999 0.90000000000000002 0 0.86602540378443871 1 180 0 68
99 0.10000000000000001 1 1 0.84999999999999998 -0.14999999999999999 0.90000000000000002 0 0.97999999999999998 0.34999999999999998 0 0 32
99 0.10000000000000001 1 1 0.84999999999999998 -0.14999999999999999 0.90000000000000002 0 0.97999999999999998 0.34999999999999998 0 0 68
100 0.10000000000000001 1 1 0.84999999999999998 -0.14999999999999999 0.90000000000000002 0 0.97999999999999998 0.34999999999999998 90 0 32
100 0.10000000000000001 1 1 0.84999999999999998 -0.14999999999999999 0.90000000000000002 0 0.97999999999999998 0.34999999999999998 90 0 68
101 0.10000000000000001 1 1 0.84999999999999998 -0.14999999999999999 0.90000000000000002 0 0.97999999999999998 0.34999999999999998 180 0 32
101 0.10000000000000001 1 1 0.84999999999999998 -0.14999999999999999 0.90000000000000002 0 0.97999999999999998 0.34999999999999998 180 0 68
102 0.10000000000000001 1 1 0.84999999999999998 -0.14999999999999999 0.90000000000000002 0 0.97999999999999998 0.69999999999999996 0 0 32
102 0.10000000000000001 1 1 0.84999999999999998 -0.14999999999999999 0.90000000000000002 0 0.97999999999999998 0.69999999999999996 0 0 68
103 0.10000000000000001 1 1 0.84999999999999998 -0.14999999999999999 0.90000000000000002 0 0.97999999999999998 0.69999999999999996 90 0 32
103 0.10000000000000001 1 1 0.84999999999999998 -0.14999999999999999 0.90000000000000002 0 0.97999999999999998 0.69999999999999996 90 0 68
104 0.10000000000000001 1 1 0.84999999999999998 -0.14999999999999999 0.90000000000000002 0 0.97999999999999998 0.69999999999999996 180 0 32
104 0.10000000000000001 1 1 0.84999999999999998 -0.14999999999999999 0.90000000000000002 0 0.97999999999999998 0.69999999999999996 180 0 68
105 0.10000000000000001 1 1 0.84999999999999998 -0.14999999999999999 0.90000000000000002 0 0.97999999999999998 1 0 0 32
105 0.10000000000000001 1 1 0.84999999999999998 -0.14999999999999999 0.90000000000000002 0 0.97999999999999998 1 0 0 68
106 0.10000000000000001 1 1 0.84999999999999998 -0.14999999999999999 0.90000000000000002 0 0.97999999999999998 1 90 0 32
106 0.10000000000000001 1 1 0.84999999999999998 -0.14999999999999999 0.90000000000000002 0 0.97999999999999998 1 90 0 68
107 0.10000000000000001 1 1 0.84999999999999998 -0.14999999999999999 0.90000000000000002 0 0.97999999999999998 1 180 0 32
107 0.10000000000000001 1 1 0.84999999999999998 -0.14999999999999999 0.90000000000000002 0 0.97999999999999998 1 180 0 68
108 0.29999999999999999 1 1 0.84999999999999998 -0.14999999999999999 0.90000000000000002 0 0.14999999999999999 0.34999999999999998 0 0 32
108 0.29999999999999999 1 1 0.84999999999999998 -0.14999999999999999 0.90000000000000002 0 0.14999999999999999 0.34999999999999998 0 0 68
109 0.29999999999999999 1 1 0.84999999999999998 -0.14999999999999999 0.90000000000000002 0 0.14999999999999999 0.34999999999999998 90 0 32
109 0.29999999999999999 1 1 0.84999999999999998 -0.14999999999999999 0.90000000000000002 0 0.14999999999999999 0.34999999999999998 90 0 68
110 0.29999999999999999 1 1 0.84999999999999998 -0.14999999999999999 0.90000000000000002 0 0.14999999999999999 0.34999999999999998 180 0 32
110 0.29999999999999999 1 1 0.84999999999999998 -0.14999999999999999 0.90000000000000002 0 0.14999999999999999 0.34999999999999998 180 0 68
111 0.29999999999999999 1 1 0.84999999999999998 -0.14999999999999999 0.90000000000000002 0 0.14999999999999999 0.69999999999999996 0 0 32
111 0.29999999999999999 1 1 0.84999999999999998 -0.14999999999999999 0.90000000000000002 0 0.14999999999999999 0.69999999999999996 0 0 68
112 0.29999999999999999 1 1 0.84999999999999998 -0.14999999999999999 0.90000000000000002 0 0.14999999999999999 0.69999999999999996 90 0 32
112 0.29999999999999999 1 1 0.84999999999999998 -0.14999999999999999 0.90000000000000002 0 0.14999999999999999 0.69999999999999996 90 0 68
113 0.29999999999999999 1 1 0.84999999999999998 -0.14999999999999999 0.90000000000000002 0 0.14999999999999999 0.69999999999999996 180 0 32
113 0.29999999999999999 1 1 0.84999999999999998 -0.14999999999999999 0.90000000000000002 0 0.14999999999999999 0.69999999999999996 180 0 68
114 0.29999999999999999 1 1 0.84999999999999998 -0.14999999999999999 0.90000000000000002 0 0.14999999999999999 1 0 0 32
114 0.29999999999999999 1 1 0.84999999999999998 -0.14999999999999999 0.90000000000000002 0 0.14999999999999999 1 0 0 68
115 0.29999999999999999 1 1 0.84999999999999998 -0.14999999999999999 0.90000000000000002 0 0.14999999999999999 1 90 0 32
115 0.29999999999999999 1 1 0.84999999999999998 -0.14999999999999999 0.90000000000000002 0 0.14999999999999999 1 90 0 68
116 0.29999999999999999 1 1 0.84999999999999998 -0.14999999999999999 0.90000000000000002 0 0.14999999999999999 1 180 0 32
116 0.29999999999999999 1 1 0.84999999999999998 -0.14999999999999999 0.90000000000000002 0 0.14999999999999999 1 180 0 68
117 0.29999999999999999 1 1 0.84999999999999998 -0.14999999999999999 0.90000000000000002 0 0.29999999999999999 0.34999999999999998 0 0 32
117 0.29999999999999999 1 1 0.84999999999999998 -0.14999999999999999 0.90000000000000002 0 0.29999999999999999 0.34999999999999998 0 0 68
118 0.29999999999999999 1 1 0.84999999999999998 -0.14999999999999999 0.90000000000000002 0 0.29999999999999999 0.34999999999999998 90 0 32
118 0.29999999999999999 1 1 0.84999999999999998 -0.14999999999999999 0.90000000000000002 0 0.29999999999999999 0.34999999999999998 90 0 68
119 0.29999999999999999 1 1 0.84999999999999998 -0.14999999999999999 0.90000000000000002 0 0.29999999999999999 0.34999999999999998 180 0 32
119 0.29999999999999999 1 1 0.84999999999999998 -0.14999999999999999 0.90000000000000002 0 0.29999999999999999 0.34999999999999998 180 0 68
120 0.29999999999999999 1 1 0.84999999999999998 -0.14999999999999999 0.90000000000000002 0 0.29999999999999999 0.69999999999999996 0 0 32
120 0.29999999999999999 1 1 0.84999999999999998 -0.14999999999999999 0.90000000000000002 0 0.29999999999999999 0.69999999999999996 0 0 68
121 0.29999999999999999 1 1 0.84999999999999998 -0.14999999999999999 0.90000000000000002 0 0.29999999999999999 0.69999999999999996 90 0 32
121 0.29999999999999999 1 1 0.84999999999999998 -0.14999999999999999 0.90000000000000002 0 0.29999999999999999 0.69999999999999996 90 0 68
122 0.29999999999999999 1 1 0.84999999999999998 -0.14999999999999999 0.90000000000000002 0 0.29999999999999999 0.69999999999999996 180 0 32
122 0.29999999999999999 1 1 0.84999999999999998 -0.14999999999999999 0.90000000000000002 0 0.29999999999999999 0.69999999999999996 180 0 68
123 0.29999999999999999 1 1 0.84999999999999998 -0.14999999999999999 0.90000000000000002 0 0.29999999999999999 1 0 0 32
123 0.29999999999999999 1 1 0.84999999999999998 -0.14999999999999999 0.90000000000000002 0 0.29999999999999999 1 0 0 68
124 0.29999999999999999 1 1 0.84999999999999998 -0.14999999999999999 0.90000000000000002 0 0.29999999999999999 1 90 0 32
124 0.29999999999999999 1 1 0.84999999999999998 -0.14999999999999999 0.90000000000000002 0 0.29999999999999999 1 90 0 68
125 0.29999999999999999 1 1 0.84999999999999998 -0.14999999999999999 0.90000000000000002 0 0.29999999999999999 1 180 0 32
125 0.29999999999999999 1 1 0.84999999999999998 -0.14999999999999999 0.90000000000000002 0 0.29999999999999999 1 180 0 68
126 0.29999999999999999 1 1 0.84999999999999998 -0.14999999999999999 0.90000000000000002 0 0.42261826174069944 0.34999999999999998 0 0 32
126 0.29999999999999999 1 1 0.84999999999999998 -0.14999999999999999 0.90000000000000002 0 0.42261826174069944 0.34999999999999998 0 0 68
127 0.29999999999999999 1 1 0.84999999999999998 -0.14999999999999999 0.90000000000000002 0 0.42261826174069944 0.34999999999999998 90 0 32
127 0.29999999999999999 1 1 0.84999999999999998 -0.14999999999999999 0.90000000000000002 0 0.42261826174069944 0.34999999999999998 90 0 68
128 0.29999999999999999 1 1 0.84999999999999998 -0.14999999999999999 0.90000000000000002 0 0.42261826174069944 0.34999999999999998 180 0 32
128 0.29999999999999999 1 1 0.84999999999999998 -0.14999999999999999 0.90000000000000002 0 0.42261826174069944 0.34999999999999998 180 0 68
129 0.29999999999999999 1 1 0.84999999999999998 -0.14999999999999999 0.90000000000000002 0 0.42261826174069944 0.69999999999999996 0 0 32
129 0.29999999999999999 1 1 0.84999999999999998 -0.14999999999999999 0.90000000000000002 0 0.42261826174069944 0.69999999999999996 0 0 68
130 0.29999999999999999 1 1 0.84999999999999998 -0.14999999999999999 0.90000000000000002 0 0.42261826174069944 0.69999999999999996 90 0 32
130 0.29999999999999999 1 1 0.84999999999999998 -0.14999999999999999 0.90000000000000002 0 0.42261826174069944 0.69999999999999996 90 0 68
131 0.29999999999999999 1 1 0.84999999999999998 -0.14999999999999999 0.90000000000000002 0 0.42261826174069944 0.69999999999999996 180 0 32
131 0.29999999999999999 1 1 0.84999999999999998 -0.14999999999999999 0.90000000000000002 0 0.42261826174069944 0.69999999999999996 180 0 68
132 0.29999999999999999 1 1 0.84999999999999998 -0.14999999999999999 0.90000000000000002 0 0.42261826174069944 1 0 0 32
132 0.29999999999999999 1 1 0.84999999999999998 -0.14999999999999999 0.90000000000000002 0 0.42261826174069944 1 0 0 68
133 0.29999999999999999 1 1 0.84999999999999998 -0.14999999999999999 0.90000000000000002 0 0.42261826174069944 1 90 0 32
133 0.29999999999999999 1 1 0.84999999999999998 -0.14999999999999999 0.90000000000000002 0 0.42261826174069944 1 90 0 68
134 0.29999999999999999 1 1 0.84999999999999998 -0.14999999999999999 0.90000000000000002 0 0.42261826174069944 1 180 0 32
134 0.29999999999999999 1 1 0.84999999999999998 -0.14999999999999999 0.90000000000000002 0 0.42261826174069944 1 180 0 68
135 0.29999999999999999 1 1 0.84999999999999998 -0.14999999999999999 0.90000000000000002 0 0.65000000000000002 0.34999999999999998 0 0 32
135 0.29999999999999999 1 1 0.84999999999999998 -0.14999999999999999 0.90000000000000002 0 0.65000000000000002 0.34999999999999998 0 0 68
136 0.29999999999999999 1 1 0.84999999999999998 -0.14999999999999999 0.90000000000000002 0 0.65000000000000002 0.34999999999999998 90 0 32
136 0.29999999999999999 1 1 0.84999999999999998 -0.14999999999999999 0.90000000000000002 0 0.65000000000000002 0.34999999999999998 90 0 68
137 0.29999999999999999 1 1 0.84999999999999998 -0.14999999999999999 0.90000000000000002 0 0.65000000000000002 0.34999999999999998 180 0 32
137 0.29999999999999999 1 1 0.84999999999999998 -0.14999999999999999 0.90000000000000002 0 0.65000000000000002 0.34999999999999998 180 0 68
138 0.29999999999999999 1 1 0.84999999999999998 -0.14999999999999999 0.90000000000000002 0 0.65000000000000002 0.69999999999999996 0 0 32
138 0.29999999999999999 1 1 0.84999999999999998 -0.14999999999999999 0.90000000000000002 0 0.65000000000000002 0.69999999999999996 0 0 68
139 0.29999999999999999 1 1 0.84999999999999998 -0.14999999999999999 0.90000000000000002 0 0.65000000000000002 0.69999999999999996 90 0 32
139 0.29999999999999999 1 1 0.84999999999999998 -0.14999999999999999 0.90000000000000002 0 0.65000000000000002 0.69999999999999996 90 0 68
140 0.29999999999999999 1 1 0.84999999999999998 -0.14999999999999999 0.90000000000000002 0 0.65000000000000002 0.69999999999999996 180 0 32
140 0.29999999999999999 1 1 0.84999999999999998 -0.14999999999999999 0.90000000000000002 0 0.65000000000000002 0.69999999999999996 180 0 68
141 0.29999999999999999 1 1 0.84999999999999998 -0.14999999999999999 0.90000000000000002 0 0.65000000000000002 1 0 0 32
141 0.29999999999999999 1 1 0.84999999999999998 -0.14999999999999999 0.90000000000000002 0 0.65000000000000002 1 0 0 68
142 0.29999999999999999 1 1 0.84999999999999998 -0.14999999999999999 0.90000000000000002 0 0.65000000000000002 1 90 0 32
142 0.29999999999999999 1 1 0.84999999999999998 -0.14999999999999999 0.90000000000000002 0 0.65000000000000002 1 90 0 68
143 0.29999999999999999 1 1 0.84999999999999998 -0.14999999999999999 0.90000000000000002 0 0.65000000000000002 1 180 0 32
143 0.29999999999999999 1 1 0.84999999999999998 -0.14999999999999999 0.90000000000000002 0 0.65000000000000002 1 180 0 68
144 0.29999999999999999 1 1 0.84999999999999998 -0.14999999999999999 0.90000000000000002 0 0.86602540378443871 0.34999999999999998 0 0 32
144 0.29999999999999999 1 1 0.84999999999999998 -0.14999999999999999 0.90000000000000002 0 0.86602540378443871 0.34999999999999998 0 0 68
145 0.29999999999999999 1 1 0.84999999999999998 -0.14999999999999999 0.90000000000000002 0 0.86602540378443871 0.34999999999999998 90 0 32
145 0.29999999999999999 1 1 0.84999999999999998 -0.14999999999999999 0.90000000000000002 0 0.86602540378443871 0.34999999999999998 90 0 68
146 0.29999999999999999 1 1 0.84999999999999998 -0.14999999999999999 0.90000000000000002 0 0.86602540378443871 0.34999999999999998 180 0 32
146 0.29999999999999999 1 1 0.84999999999999998 -0.14999999999999999 0.90000000000000002 0 0.86602540378443871 0.34999999999999998 180 0 68
147 0.29999999999999999 1 1 0.84999999999999998 -0.14999999999999999 0.90000000000000002 0 0.86602540378443871 0.69999999999999996 0 0 32
147 0.29999999999999999 1 1 0.84999999999999998 -0.14999999999999999 0.90000000000000002 0 0.86602540378443871 0.69999999999999996 0 0 68
148 0.29999999999999999 1 1 0.84999999999999998 -0.14999999999999999 0.90000000000000002 0 0.86602540378443871 0.69999999999999996 90 0 32
148 0.29999999999999999 1 1 0.84999999999999998 -0.14999999999999999 0.90000000000000002 0 0.86602540378443871 0.69999999999999996 90 0 68
149 0.29999999999999999 1 1 0.84999999999999998 -0.14999999999999999 0.90000000000000002 0 0.86602540378443871 0.69999999999999996 180 0 32
149 0.29999999999999999 1 1 0.84999999999999998 -0.14999999999999999 0.90000000000000002 0 0.86602540378443871 0.69999999999999996 180 0 68
150 0.29999999999999999 1 1 0.84999999999999998 -0.14999999999999999 0.90000000000000002 0 0.86602540378443871 1 0 0 32
150 0.29999999999999999 1 1 0.84999999999999998 -0.14999999999999999 0.90000000000000002 0 0.86602540378443871 1 0 0 68
151 0.29999999999999999 1 1 0.84999999999999998 -0.14999999999999999 0.90000000000000002 0 0.86602540378443871 1 90 0 32
151 0.29999999999999999 1 1 0.84999999999999998 -0.14999999999999999 0.90000000000000002 0 0.86602540378443871 1 90 0 68
152 0.29999999999999999 1 1 0.84999999999999998 -0.14999999999999999 0.90000000000000002 0 0.86602540378443871 1 180 0 32
152 0.29999999999999999 1 1 0.84999999999999998 -0.14999999999999999 0.90000000000000002 0 0.86602540378443871 1 180 0 68
153 0.29999999999999999 1 1 0.84999999999999998 -0.14999999999999999 0.90000000000000002 0 0.97999999999999998 0.34999999999999998 0 0 32
153 0.29999999999999999 1 1 0.84999999999999998 -0.14999999999999999 0.90000000000000002 0 0.97999999999999998 0.34999999999999998 0 0 68
154 0.29999999999999999 1 1 0.84999999999999998 -0.14999999999999999 0.90000000000000002 0 0.97999999999999998 0.34999999999999998 90 0 32
154 0.29999999999999999 1 1 0.84999999999999998 -0.14999999999999999 0.90000000000000002 0 0.97999999999999998 0.34999999999999998 90 0 68
155 0.29999999999999999 1 1 0.84999999999999998 -0.14999999999999999 0.90000000000000002 0 0.97999999999999998 0.34999999999999998 180 0 32
155 0.29999999999999999 1 1 0.84999999999999998 -0.14999999999999999 0.90000000000000002 0 0.97999999999999998 0.34999999999999998 180 0 68
156 0.29999999999999999 1 1 0.84999999999999998 -0.14999999999999999 0.90000000000000002 0 0.97999999999999998 0.69999999999999996 0 0 32
156 0.29999999999999999 1 1 0.84999999999999998 -0.14999999999999999 0.90000000000000002 0 0.97999999999999998 0.69999999999999996 0 0 68
157 0.29999999999999999 1 1 0.84999999999999998 -0.14999999999999999 0.90000000000000002 0 0.97999999999999998 0.69999999999999996 90 0 32
157 0.29999999999999999 1 1 0.84999999999999998 -0.14999999999999999 0.90000000000000002 0 0.97999999999999998 0.69999999999999996 90 0 68
158 0.29999999999999999 1 1 0.84999999999999998 -0.14999999999999999 0.90000000000000002 0 0.97999999999999998 0.69999999999999996 180 0 32
158 0.29999999999999999 1 1 0.84999999999999998 -0.14999999999999999 0.90000000000000002 0 0.97999999999999998 0.69999999999999996 180 0 68
159 0.29999999999999999 1 1 0.84999999999999998 -0.14999999999999999 0.90000000000000002 0 0.97999999999999998 1 0 0 32
159 0.29999999999999999 1 1 0.84999999999999998 -0.14999999999999999 0.90000000000000002 0 0.97999999999999998 1 0 0 68
160 0.29999999999999999 1 1 0.84999999999999998 -0.14999999999999999 0.90000000000000002 0 0.97999999999999998 1 90 0 32
160 0.29999999999999999 1 1 0.84999999999999998 -0.14999999999999999 0.90000000000000002 0 0.97999999999999998 1 90 0 68
161 0.29999999999999999 1 1 0.84999999999999998 -0.14999999999999999 0.90000000000000002 0 0.97999999999999998 1 180 0 32
161 0.29999999999999999 1 1 0.84999999999999998 -0.14999999999999999 0.90000000000000002 0 0.97999999999999998 1 180 0 68
162 1 1 1 0.84999999999999998 -0.14999999999999999 0.90000000000000002 0 0.14999999999999999 0.34999999999999998 0 0 32
162 1 1 1 0.84999999999999998 -0.14999999999999999 0.90000000000000002 0 0.14999999999999999 0.34999999999999998 0 0 68
163 1 1 1 0.84999999999999998 -0.14999999999999999 0.90000000000000002 0 0.14999999999999999 0.34999999999999998 90 0 32
163 1 1 1 0.84999999999999998 -0.14999999999999999 0.90000000000000002 0 0.14999999999999999 0.34999999999999998 90 0 68
164 1 1 1 0.84999999999999998 -0.14999999999999999 0.90000000000000002 0 0.14999999999999999 0.34999999999999998 180 0 32
164 1 1 1 0.84999999999999998 -0.14999999999999999 0.90000000000000002 0 0.14999999999999999 0.34999999999999998 180 0 68
165 1 1 1 0.84999999999999998 -0.14999999999999999 0.90000000000000002 0 0.14999999999999999 0.69999999999999996 0 0 32
165 1 1 1 0.84999999999999998 -0.14999999999999999 0.90000000000000002 0 0.14999999999999999 0.69999999999999996 0 0 68
166 1 1 1 0.84999999999999998 -0.14999999999999999 0.90000000000000002 0 0.14999999999999999 0.69999999999999996 90 0 32
166 1 1 1 0.84999999999999998 -0.14999999999999999 0.90000000000000002 0 0.14999999999999999 0.69999999999999996 90 0 68
167 1 1 1 0.84999999999999998 -0.14999999999999999 0.90000000000000002 0 0.14999999999999999 0.69999999999999996 180 0 32
167 1 1 1 0.84999999999999998 -0.14999999999999999 0.90000000000000002 0 0.14999999999999999 0.69999999999999996 180 0 68
168 1 1 1 0.84999999999999998 -0.14999999999999999 0.90000000000000002 0 0.14999999999999999 1 0 0 32
168 1 1 1 0.84999999999999998 -0.14999999999999999 0.90000000000000002 0 0.14999999999999999 1 0 0 68
169 1 1 1 0.84999999999999998 -0.14999999999999999 0.90000000000000002 0 0.14999999999999999 1 90 0 32
169 1 1 1 0.84999999999999998 -0.14999999999999999 0.90000000000000002 0 0.14999999999999999 1 90 0 68
170 1 1 1 0.84999999999999998 -0.14999999999999999 0.90000000000000002 0 0.14999999999999999 1 180 0 32
170 1 1 1 0.84999999999999998 -0.14999999999999999 0.90000000000000002 0 0.14999999999999999 1 180 0 68
171 1 1 1 0.84999999999999998 -0.14999999999999999 0.90000000000000002 0 0.29999999999999999 0.34999999999999998 0 0 32
171 1 1 1 0.84999999999999998 -0.14999999999999999 0.90000000000000002 0 0.29999999999999999 0.34999999999999998 0 0 68
172 1 1 1 0.84999999999999998 -0.14999999999999999 0.90000000000000002 0 0.29999999999999999 0.34999999999999998 90 0 32
172 1 1 1 0.84999999999999998 -0.14999999999999999 0.90000000000000002 0 0.29999999999999999 0.34999999999999998 90 0 68
173 1 1 1 0.84999999999999998 -0.14999999999999999 0.90000000000000002 0 0.29999999999999999 0.34999999999999998 180 0 32
173 1 1 1 0.84999999999999998 -0.14999999999999999 0.90000000000000002 0 0.29999999999999999 0.34999999999999998 180 0 68
174 1 1 1 0.84999999999999998 -0.14999999999999999 0.90000000000000002 0 0.29999999999999999 0.69999999999999996 0 0 32
174 1 1 1 0.84999999999999998 -0.14999999999999999 0.90000000000000002 0 0.29999999999999999 0.69999999999999996 0 0 68
175 1 1 1 0.84999999999999998 -0.14999999999999999 0.90000000000000002 0 0.29999999999999999 0.69999999999999996 90 0 32
175 1 1 1 0.84999999999999998 -0.14999999999999999 0.90000000000000002 0 0.29999999999999999 0.69999999999999996 90 0 68
176 1 1 1 0.84999999999999998 -0.14999999999999999 0.90000000000000002 0 0.29999999999999999 0.69999999999999996 180 0 32
176 1 1 1 0.84999999999999998 -0.14999999999999999 0.90000000000000002 0 0.29999999999999999 0.69999999999999996 180 0 68
177 1 1 1 0.84999999999999998 -0.14999999999999999 0.90000000000000002 0 0.29999999999999999 1 0 0 32
177 1 1 1 0.84999999999999998 -0.14999999999999999 0.90000000000000002 0 0.29999999999999999 1 0 0 68
178 1 1 1 0.84999999999999998 -0.14999999999999999 0.90000000000000002 0 0.29999999999999999 1 90 0 32
178 1 1 1 0.84999999999999998 -0.14999999999999999 0.90000000000000002 0 0.29999999999999999 1 90 0 68
179 1 1 1 0.84999999999999998 -0.14999999999999999 0.90000000000000002 0 0.29999999999999999 1 180 0 32
179 1 1 1 0.84999999999999998 -0.14999999999999999 0.90000000000000002 0 0.29999999999999999 1 180 0 68
180 1 1 1 0.84999999999999998 -0.14999999999999999 0.90000000000000002 0 0.42261826174069944 0.34999999999999998 0 0 32
180 1 1 1 0.84999999999999998 -0.14999999999999999 0.90000000000000002 0 0.42261826174069944 0.34999999999999998 0 0 68
181 1 1 1 0.84999999999999998 -0.14999999999999999 0.90000000000000002 0 0.42261826174069944 0.34999999999999998 90 0 32
181 1 1 1 0.84999999999999998 -0.14999999999999999 0.90000000000000002 0 0.42261826174069944 0.34999999999999998 90 0 68
182 1 1 1 0.84999999999999998 -0.14999999999999999 0.90000000000000002 0 0.42261826174069944 0.34999999999999998 180 0 32
182 1 1 1 0.84999999999999998 -0.14999999999999999 0.90000000000000002 0 0.42261826174069944 0.34999999999999998 180 0 68
183 1 1 1 0.84999999999999998 -0.14999999999999999 0.90000000000000002 0 0.42261826174069944 0.69999999999999996 0 0 32
183 1 1 1 0.84999999999999998 -0.14999999999999999 0.90000000000000002 0 0.42261826174069944 0.69999999999999996 0 0 68
184 1 1 1 0.84999999999999998 -0.14999999999999999 0.90000000000000002 0 0.42261826174069944 0.69999999999999996 90 0 32
184 1 1 1 0.84999999999999998 -0.14999999999999999 0.90000000000000002 0 0.42261826174069944 0.69999999999999996 90 0 68
185 1 1 1 0.84999999999999998 -0.14999999999999999 0.90000000000000002 0 0.42261826174069944 0.69999999999999996 180 0 32
185 1 1 1 0.84999999999999998 -0.14999999999999999 0.90000000000000002 0 0.42261826174069944 0.69999999999999996 180 0 68
186 1 1 1 0.84999999999999998 -0.14999999999999999 0.90000000000000002 0 0.42261826174069944 1 0 0 32
186 1 1 1 0.84999999999999998 -0.14999999999999999 0.90000000000000002 0 0.42261826174069944 1 0 0 68
187 1 1 1 0.84999999999999998 -0.14999999999999999 0.90000000000000002 0 0.42261826174069944 1 90 0 32
187 1 1 1 0.84999999999999998 -0.14999999999999999 0.90000000000000002 0 0.42261826174069944 1 90 0 68
188 1 1 1 0.84999999999999998 -0.14999999999999999 0.90000000000000002 0 0.42261826174069944 1 180 0 32
188 1 1 1 0.84999999999999998 -0.14999999999999999 0.90000000000000002 0 0.42261826174069944 1 180 0 68
189 1 1 1 0.84999999999999998 -0.14999999999999999 0.90000000000000002 0 0.65000000000000002 0.34999999999999998 0 0 32
189 1 1 1 0.84999999999999998 -0.14999999999999999 0.90000000000000002 0 0.65000000000000002 0.34999999999999998 0 0 68
190 1 1 1 0.84999999999999998 -0.14999999999999999 0.90000000000000002 0 0.65000000000000002 0.34999999999999998 90 0 32
190 1 1 1 0.84999999999999998 -0.14999999999999999 0.90000000000000002 0 0.65000000000000002 0.34999999999999998 90 0 68
191 1 1 1 0.84999999999999998 -0.14999999999999999 0.90000000000000002 0 0.65000000000000002 0.34999999999999998 180 0 32
191 1 1 1 0.84999999999999998 -0.14999999999999999 0.90000000000000002 0 0.65000000000000002 0.34999999999999998 180 0 68
192 1 1 1 0.84999999999999998 -0.14999999999999999 0.90000000000000002 0 0.65000000000000002 0.69999999999999996 0 0 32
192 1 1 1 0.84999999999999998 -0.14999999999999999 0.90000000000000002 0 0.65000000000000002 0.69999999999999996 0 0 68
193 1 1 1 0.84999999999999998 -0.14999999999999999 0.90000000000000002 0 0.65000000000000002 0.69999999999999996 90 0 32
193 1 1 1 0.84999999999999998 -0.14999999999999999 0.90000000000000002 0 0.65000000000000002 0.69999999999999996 90 0 68
194 1 1 1 0.84999999999999998 -0.14999999999999999 0.90000000000000002 0 0.65000000000000002 0.69999999999999996 180 0 32
194 1 1 1 0.84999999999999998 -0.14999999999999999 0.90000000000000002 0 0.65000000000000002 0.69999999999999996 180 0 68
195 1 1 1 0.84999999999999998 -0.14999999999999999 0.90000000000000002 0 0.65000000000000002 1 0 0 32
195 1 1 1 0.84999999999999998 -0.14999999999999999 0.90000000000000002 0 0.65000000000000002 1 0 0 68
196 1 1 1 0.84999999999999998 -0.14999999999999999 0.90000000000000002 0 0.65000000000000002 1 90 0 32
196 1 1 1 0.84999999999999998 -0.14999999999999999 0.90000000000000002 0 0.65000000000000002 1 90 0 68
197 1 1 1 0.84999999999999998 -0.14999999999999999 0.90000000000000002 0 0.65000000000000002 1 180 0 32
197 1 1 1 0.84999999999999998 -0.14999999999999999 0.90000000000000002 0 0.65000000000000002 1 180 0 68
198 1 1 1 0.84999999999999998 -0.14999999999999999 0.90000000000000002 0 0.86602540378443871 0.34999999999999998 0 0 32
198 1 1 1 0.84999999999999998 -0.14999999999999999 0.90000000000000002 0 0.86602540378443871 0.34999999999999998 0 0 68
199 1 1 1 0.84999999999999998 -0.14999999999999999 0.90000000000000002 0 0.86602540378443871 0.34999999999999998 90 0 32
199 1 1 1 0.84999999999999998 -0.14999999999999999 0.90000000000000002 0 0.86602540378443871 0.34999999999999998 90 0 68
200 1 1 1 0.84999999999999998 -0.14999999999999999 0.90000000000000002 0 0.86602540378443871 0.34999999999999998 180 0 32
200 1 1 1 0.84999999999999998 -0.14999999999999999 0.90000000000000002 0 0.86602540378443871 0.34999999999999998 180 0 68
201 1 1 1 0.84999999999999998 -0.14999999999999999 0.90000000000000002 0 0.86602540378443871 0.69999999999999996 0 0 32
201 1 1 1 0.84999999999999998 -0.14999999999999999 0.90000000000000002 0 0.86602540378443871 0.69999999999999996 0 0 68
202 1 1 1 0.84999999999999998 -0.14999999999999999 0.90000000000000002 0 0.86602540378443871 0.69999999999999996 90 0 32
202 1 1 1 0.84999999999999998 -0.14999999999999999 0.90000000000000002 0 0.86602540378443871 0.69999999999999996 90 0 68
203 1 1 1 0.84999999999999998 -0.14999999999999999 0.90000000000000002 0 0.86602540378443871 0.69999999999999996 180 0 32
203 1 1 1 0.84999999999999998 -0.14999999999999999 0.90000000000000002 0 0.86602540378443871 0.69999999999999996 180 0 68
204 1 1 1 0.84999999999999998 -0.14999999999999999 0.90000000000000002 0 0.86602540378443871 1 0 0 32
204 1 1 1 0.84999999999999998 -0.14999999999999999 0.90000000000000002 0 0.86602540378443871 1 0 0 68
205 1 1 1 0.84999999999999998 -0.14999999999999999 0.90000000000000002 0 0.86602540378443871 1 90 0 32
205 1 1 1 0.84999999999999998 -0.14999999999999999 0.90000000000000002 0 0.86602540378443871 1 90 0 68
206 1 1 1 0.84999999999999998 -0.14999999999999999 0.90000000000000002 0 0.86602540378443871 1 180 0 32
206 1 1 1 0.84999999999999998 -0.14999999999999999 0.90000000000000002 0 0.86602540378443871 1 180 0 68
207 1 1 1 0.84999999999999998 -0.14999999999999999 0.90000000000000002 0 0.97999999999999998 0.34999999999999998 0 0 32
207 1 1 1 0.84999999999999998 -0.14999999999999999 0.90000000000000002 0 0.97999999999999998 0.34999999999999998 0 0 68
208 1 1 1 0.84999999999999998 -0.14999999999999999 0.90000000000000002 0 0.97999999999999998 0.34999999999999998 90 0 32
208 1 1 1 0.84999999999999998 -0.14999999999999999 0.90000000000000002 0 0.97999999999999998 0.34999999999999998 90 0 68
209 1 1 1 0.84999999999999998 -0.14999999999999999 0.90000000000000002 0 0.97999999999999998 0.34999999999999998 180 0 32
209 1 1 1 0.84999999999999998 -0.14999999999999999 0.90000000000000002 0 0.97999999999999998 0.34999999999999998 180 0 68
210 1 1 1 0.84999999999999998 -0.14999999999999999 0.90000000000000002 0 0.97999999999999998 0.69999999999999996 0 0 32
210 1 1 1 0.84999999999999998 -0.14999999999999999 0.90000000000000002 0 0.97999999999999998 0.69999999999999996 0 0 68
211 1 1 1 0.84999999999999998 -0.14999999999999999 0.90000000000000002 0 0.97999999999999998 0.69999999999999996 90 0 32
211 1 1 1 0.84999999999999998 -0.14999999999999999 0.90000000000000002 0 0.97999999999999998 0.69999999999999996 90 0 68
212 1 1 1 0.84999999999999998 -0.14999999999999999 0.90000000000000002 0 0.97999999999999998 0.69999999999999996 180 0 32
212 1 1 1 0.84999999999999998 -0.14999999999999999 0.90000000000000002 0 0.97999999999999998 0.69999999999999996 180 0 68
213 1 1 1 0.84999999999999998 -0.14999999999999999 0.90000000000000002 0 0.97999999999999998 1 0 0 32
213 1 1 1 0.84999999999999998 -0.14999999999999999 0.90000000000000002 0 0.97999999999999998 1 0 0 68
214 1 1 1 0.84999999999999998 -0.14999999999999999 0.90000000000000002 0 0.97999999999999998 1 90 0 32
214 1 1 1 0.84999999999999998 -0.14999999999999999 0.90000000000000002 0 0.97999999999999998 1 90 0 68
215 1 1 1 0.84999999999999998 -0.14999999999999999 0.90000000000000002 0 0.97999999999999998 1 180 0 32
215 1 1 1 0.84999999999999998 -0.14999999999999999 0.90000000000000002 0 0.97999999999999998 1 180 0 68
216 3 1 1 0.84999999999999998 -0.14999999999999999 0.90000000000000002 0 0.14999999999999999 0.34999999999999998 0 0 32
216 3 1 1 0.84999999999999998 -0.14999999999999999 0.90000000000000002 0 0.14999999999999999 0.34999999999999998 0 0 68
217 3 1 1 0.84999999999999998 -0.14999999999999999 0.90000000000000002 0 0.14999999999999999 0.34999999999999998 90 0 32
217 3 1 1 0.84999999999999998 -0.14999999999999999 0.90000000000000002 0 0.14999999999999999 0.34999999999999998 90 0 68
218 3 1 1 0.84999999999999998 -0.14999999999999999 0.90000000000000002 0 0.14999999999999999 0.34999999999999998 180 0 32
218 3 1 1 0.84999999999999998 -0.14999999999999999 0.90000000000000002 0 0.14999999999999999 0.34999999999999998 180 0 68
219 3 1 1 0.84999999999999998 -0.14999999999999999 0.90000000000000002 0 0.14999999999999999 0.69999999999999996 0 0 32
219 3 1 1 0.84999999999999998 -0.14999999999999999 0.90000000000000002 0 0.14999999999999999 0.69999999999999996 0 0 68
220 3 1 1 0.84999999999999998 -0.14999999999999999 0.90000000000000002 0 0.14999999999999999 0.69999999999999996 90 0 32
220 3 1 1 0.84999999999999998 -0.14999999999999999 0.90000000000000002 0 0.14999999999999999 0.69999999999999996 90 0 68
221 3 1 1 0.84999999999999998 -0.14999999999999999 0.90000000000000002 0 0.14999999999999999 0.69999999999999996 180 0 32
221 3 1 1 0.84999999999999998 -0.14999999999999999 0.90000000000000002 0 0.14999999999999999 0.69999999999999996 180 0 68
222 3 1 1 0.84999999999999998 -0.14999999999999999 0.90000000000000002 0 0.14999999999999999 1 0 0 32
222 3 1 1 0.84999999999999998 -0.14999999999999999 0.90000000000000002 0 0.14999999999999999 1 0 0 68
223 3 1 1 0.84999999999999998 -0.14999999999999999 0.90000000000000002 0 0.14999999999999999 1 90 0 32
223 3 1 1 0.84999999999999998 -0.14999999999999999 0.90000000000000002 0 0.14999999999999999 1 90 0 68
224 3 1 1 0.84999999999999998 -0.14999999999999999 0.90000000000000002 0 0.14999999999999999 1 180 0 32
224 3 1 1 0.84999999999999998 -0.14999999999999999 0.90000000000000002 0 0.14999999999999999 1 180 0 68
225 3 1 1 0.84999999999999998 -0.14999999999999999 0.90000000000000002 0 0.29999999999999999 0.34999999999999998 0 0 32
225 3 1 1 0.84999999999999998 -0.14999999999999999 0.90000000000000002 0 0.29999999999999999 0.34999999999999998 0 0 68
226 3 1 1 0.84999999999999998 -0.14999999999999999 0.90000000000000002 0 0.29999999999999999 0.34999999999999998 90 0 32
226 3 1 1 0.84999999999999998 -0.14999999999999999 0.90000000000000002 0 0.29999999999999999 0.34999999999999998 90 0 68
227 3 1 1 0.84999999999999998 -0.14999999999999999 0.90000000000000002 0 0.29999999999999999 0.34999999999999998 180 0 32
227 3 1 1 0.84999999999999998 -0.14999999999999999 0.90000000000000002 0 0.29999999999999999 0.34999999999999998 180 0 68
228 3 1 1 0.84999999999999998 -0.14999999999999999 0.90000000000000002 0 0.29999999999999999 0.69999999999999996 0 0 32
228 3 1 1 0.84999999999999998 -0.14999999999999999 0.90000000000000002 0 0.29999999999999999 0.69999999999999996 0 0 68
229 3 1 1 0.84999999999999998 -0.14999999999999999 0.90000000000000002 0 0.29999999999999999 0.69999999999999996 90 0 32
229 3 1 1 0.84999999999999998 -0.14999999999999999 0.90000000000000002 0 0.29999999999999999 0.69999999999999996 90 0 68
230 3 1 1 0.84999999999999998 -0.14999999999999999 0.90000000000000002 0 0.29999999999999999 0.69999999999999996 180 0 32
230 3 1 1 0.84999999999999998 -0.14999999999999999 0.90000000000000002 0 0.29999999999999999 0.69999999999999996 180 0 68
231 3 1 1 0.84999999999999998 -0.14999999999999999 0.90000000000000002 0 0.29999999999999999 1 0 0 32
231 3 1 1 0.84999999999999998 -0.14999999999999999 0.90000000000000002 0 0.29999999999999999 1 0 0 68
232 3 1 1 0.84999999999999998 -0.14999999999999999 0.90000000000000002 0 0.29999999999999999 1 90 0 32
232 3 1 1 0.84999999999999998 -0.14999999999999999 0.90000000000000002 0 0.29999999999999999 1 90 0 68
233 3 1 1 0.84999999999999998 -0.14999999999999999 0.90000000000000002 0 0.29999999999999999 1 180 0 32
233 3 1 1 0.84999999999999998 -0.14999999999999999 0.90000000000000002 0 0.29999999999999999 1 180 0 68
234 3 1 1 0.84999999999999998 -0.14999999999999999 0.90000000000000002 0 0.42261826174069944 0.34999999999999998 0 0 32
234 3 1 1 0.84999999999999998 -0.14999999999999999 0.90000000000000002 0 0.42261826174069944 0.34999999999999998 0 0 68
235 3 1 1 0.84999999999999998 -0.14999999999999999 0.90000000000000002 0 0.42261826174069944 0.34999999999999998 90 0 32
235 3 1 1 0.84999999999999998 -0.14999999999999999 0.90000000000000002 0 0.42261826174069944 0.34999999999999998 90 0 68
236 3 1 1 0.84999999999999998 -0.14999999999999999 0.90000000000000002 0 0.42261826174069944 0.34999999999999998 180 0 32
236 3 1 1 0.84999999999999998 -0.14999999999999999 0.90000000000000002 0 0.42261826174069944 0.34999999999999998 180 0 68
237 3 1 1 0.84999999999999998 -0.14999999999999999 0.90000000000000002 0 0.42261826174069944 0.69999999999999996 0 0 32
237 3 1 1 0.84999999999999998 -0.14999999999999999 0.90000000000000002 0 0.42261826174069944 0.69999999999999996 0 0 68
238 3 1 1 0.84999999999999998 -0.14999999999999999 0.90000000000000002 0 0.42261826174069944 0.69999999999999996 90 0 32
238 3 1 1 0.84999999999999998 -0.14999999999999999 0.90000000000000002 0 0.42261826174069944 0.69999999999999996 90 0 68
239 3 1 1 0.84999999999999998 -0.14999999999999999 0.90000000000000002 0 0.42261826174069944 0.69999999999999996 180 0 32
239 3 1 1 0.84999999999999998 -0.14999999999999999 0.90000000000000002 0 0.42261826174069944 0.69999999999999996 180 0 68
240 3 1 1 0.84999999999999998 -0.14999999999999999 0.90000000000000002 0 0.42261826174069944 1 0 0 32
240 3 1 1 0.84999999999999998 -0.14999999999999999 0.90000000000000002 0 0.42261826174069944 1 0 0 68
241 3 1 1 0.84999999999999998 -0.14999999999999999 0.90000000000000002 0 0.42261826174069944 1 90 0 32
241 3 1 1 0.84999999999999998 -0.14999999999999999 0.90000000000000002 0 0.42261826174069944 1 90 0 68
242 3 1 1 0.84999999999999998 -0.14999999999999999 0.90000000000000002 0 0.42261826174069944 1 180 0 32
242 3 1 1 0.84999999999999998 -0.14999999999999999 0.90000000000000002 0 0.42261826174069944 1 180 0 68
243 3 1 1 0.84999999999999998 -0.14999999999999999 0.90000000000000002 0 0.65000000000000002 0.34999999999999998 0 0 32
243 3 1 1 0.84999999999999998 -0.14999999999999999 0.90000000000000002 0 0.65000000000000002 0.34999999999999998 0 0 68
244 3 1 1 0.84999999999999998 -0.14999999999999999 0.90000000000000002 0 0.65000000000000002 0.34999999999999998 90 0 32
244 3 1 1 0.84999999999999998 -0.14999999999999999 0.90000000000000002 0 0.65000000000000002 0.34999999999999998 90 0 68
245 3 1 1 0.84999999999999998 -0.14999999999999999 0.90000000000000002 0 0.65000000000000002 0.34999999999999998 180 0 32
245 3 1 1 0.84999999999999998 -0.14999999999999999 0.90000000000000002 0 0.65000000000000002 0.34999999999999998 180 0 68
246 3 1 1 0.84999999999999998 -0.14999999999999999 0.90000000000000002 0 0.65000000000000002 0.69999999999999996 0 0 32
246 3 1 1 0.84999999999999998 -0.14999999999999999 0.90000000000000002 0 0.65000000000000002 0.69999999999999996 0 0 68
247 3 1 1 0.84999999999999998 -0.14999999999999999 0.90000000000000002 0 0.65000000000000002 0.69999999999999996 90 0 32
247 3 1 1 0.84999999999999998 -0.14999999999999999 0.90000000000000002 0 0.65000000000000002 0.69999999999999996 90 0 68
248 3 1 1 0.84999999999999998 -0.14999999999999999 0.90000000000000002 0 0.65000000000000002 0.69999999999999996 180 0 32
248 3 1 1 0.84999999999999998 -0.14999999999999999 0.90000000000000002 0 0.65000000000000002 0.69999999999999996 180 0 68
249 3 1 1 0.84999999999999998 -0.14999999999999999 0.90000000000000002 0 0.65000000000000002 1 0 0 32
249 3 1 1 0.84999999999999998 -0.14999999999999999 0.90000000000000002 0 0.65000000000000002 1 0 0 68
250 3 1 1 0.84999999999999998 -0.14999999999999999 0.90000000000000002 0 0.65000000000000002 1 90 0 32
250 3 1 1 0.84999999999999998 -0.14999999999999999 0.90000000000000002 0 0.65000000000000002 1 90 0 68
251 3 1 1 0.84999999999999998 -0.14999999999999999 0.90000000000000002 0 0.65000000000000002 1 180 0 32
251 3 1 1 0.84999999999999998 -0.14999999999999999 0.90000000000000002 0 0.65000000000000002 1 180 0 68
252 3 1 1 0.84999999999999998 -0.14999999999999999 0.90000000000000002 0 0.86602540378443871 0.34999999999999998 0 0 32
252 3 1 1 0.84999999999999998 -0.14999999999999999 0.90000000000000002 0 0.86602540378443871 0.34999999999999998 0 0 68
253 3 1 1 0.84999999999999998 -0.14999999999999999 0.90000000000000002 0 0.86602540378443871 0.34999999999999998 90 0 32
253 3 1 1 0.84999999999999998 -0.14999999999999999 0.90000000000000002 0 0.86602540378443871 0.34999999999999998 90 0 68
254 3 1 1 0.84999999999999998 -0.14999999999999999 0.90000000000000002 0 0.86602540378443871 0.34999999999999998 180 0 32
254 3 1 1 0.84999999999999998 -0.14999999999999999 0.90000000000000002 0 0.86602540378443871 0.34999999999999998 180 0 68
255 3 1 1 0.84999999999999998 -0.14999999999999999 0.90000000000000002 0 0.86602540378443871 0.69999999999999996 0 0 32
255 3 1 1 0.84999999999999998 -0.14999999999999999 0.90000000000000002 0 0.86602540378443871 0.69999999999999996 0 0 68
256 3 1 1 0.84999999999999998 -0.14999999999999999 0.90000000000000002 0 0.86602540378443871 0.69999999999999996 90 0 32
256 3 1 1 0.84999999999999998 -0.14999999999999999 0.90000000000000002 0 0.86602540378443871 0.69999999999999996 90 0 68
257 3 1 1 0.84999999999999998 -0.14999999999999999 0.90000000000000002 0 0.86602540378443871 0.69999999999999996 180 0 32
257 3 1 1 0.84999999999999998 -0.14999999999999999 0.90000000000000002 0 0.86602540378443871 0.69999999999999996 180 0 68
258 3 1 1 0.84999999999999998 -0.14999999999999999 0.90000000000000002 0 0.86602540378443871 1 0 0 32
258 3 1 1 0.84999999999999998 -0.14999999999999999 0.90000000000000002 0 0.86602540378443871 1 0 0 68
259 3 1 1 0.84999999999999998 -0.14999999999999999 0.90000000000000002 0 0.86602540378443871 1 90 0 32
259 3 1 1 0.84999999999999998 -0.14999999999999999 0.90000000000000002 0 0.86602540378443871 1 90 0 68
260 3 1 1 0.84999999999999998 -0.14999999999999999 0.90000000000000002 0 0.86602540378443871 1 180 0 32
260 3 1 1 0.84999999999999998 -0.14999999999999999 0.90000000000000002 0 0.86602540378443871 1 180 0 68
261 3 1 1 0.84999999999999998 -0.14999999999999999 0.90000000000000002 0 0.97999999999999998 0.34999999999999998 0 0 32
261 3 1 1 0.84999999999999998 -0.14999999999999999 0.90000000000000002 0 0.97999999999999998 0.34999999999999998 0 0 68
262 3 1 1 0.84999999999999998 -0.14999999999999999 0.90000000000000002 0 0.97999999999999998 0.34999999999999998 90 0 32
262 3 1 1 0.84999999999999998 -0.14999999999999999 0.90000000000000002 0 0.97999999999999998 0.34999999999999998 90 0 68
263 3 1 1 0.84999999999999998 -0.14999999999999999 0.90000000000000002 0 0.97999999999999998 0.34999999999999998 180 0 32
263 3 1 1 0.84999999999999998 -0.14999999999999999 0.90000000000000002 0 0.97999999999999998 0.34999999999999998 180 0 68
264 3 1 1 0.84999999999999998 -0.14999999999999999 0.90000000000000002 0 0.97999999999999998 0.69999999999999996 0 0 32
264 3 1 1 0.84999999999999998 -0.14999999999999999 0.90000000000000002 0 0.97999999999999998 0.69999999999999996 0 0 68
265 3 1 1 0.84999999999999998 -0.14999999999999999 0.90000000000000002 0 0.97999999999999998 0.69999999999999996 90 0 32
265 3 1 1 0.84999999999999998 -0.14999999999999999 0.90000000000000002 0 0.97999999999999998 0.69999999999999996 90 0 68
266 3 1 1 0.84999999999999998 -0.14999999999999999 0.90000000000000002 0 0.97999999999999998 0.69999999999999996 180 0 32
266 3 1 1 0.84999999999999998 -0.14999999999999999 0.90000000000000002 0 0.97999999999999998 0.69999999999999996 180 0 68
267 3 1 1 0.84999999999999998 -0.14999999999999999 0.90000000000000002 0 0.97999999999999998 1 0 0 32
267 3 1 1 0.84999999999999998 -0.14999999999999999 0.90000000000000002 0 0.97999999999999998 1 0 0 68
268 3 1 1 0.84999999999999998 -0.14999999999999999 0.90000000000000002 0 0.97999999999999998 1 90 0 32
268 3 1 1 0.84999999999999998 -0.14999999999999999 0.90000000000000002 0 0.97999999999999998 1 90 0 68
269 3 1 1 0.84999999999999998 -0.14999999999999999 0.90000000000000002 0 0.97999999999999998 1 180 0 32
269 3 1 1 0.84999999999999998 -0.14999999999999999 0.90000000000000002 0 0.97999999999999998 1 180 0 68
270 10 1 1 0.84999999999999998 -0.14999999999999999 0.90000000000000002 0 0.14999999999999999 0.34999999999999998 0 0 32
270 10 1 1 0.84999999999999998 -0.14999999999999999 0.90000000000000002 0 0.14999999999999999 0.34999999999999998 0 0 68
271 10 1 1 0.84999999999999998 -0.14999999999999999 0.90000000000000002 0 0.14999999999999999 0.34999999999999998 90 0 32
271 10 1 1 0.84999999999999998 -0.14999999999999999 0.90000000000000002 0 0.14999999999999999 0.34999999999999998 90 0 68
272 10 1 1 0.84999999999999998 -0.14999999999999999 0.90000000000000002 0 0.14999999999999999 0.34999999999999998 180 0 32
272 10 1 1 0.84999999999999998 -0.14999999999999999 0.90000000000000002 0 0.14999999999999999 0.34999999999999998 180 0 68
273 10 1 1 0.84999999999999998 -0.14999999999999999 0.90000000000000002 0 0.14999999999999999 0.69999999999999996 0 0 32
273 10 1 1 0.84999999999999998 -0.14999999999999999 0.90000000000000002 0 0.14999999999999999 0.69999999999999996 0 0 68
274 10 1 1 0.84999999999999998 -0.14999999999999999 0.90000000000000002 0 0.14999999999999999 0.69999999999999996 90 0 32
274 10 1 1 0.84999999999999998 -0.14999999999999999 0.90000000000000002 0 0.14999999999999999 0.69999999999999996 90 0 68
275 10 1 1 0.84999999999999998 -0.14999999999999999 0.90000000000000002 0 0.14999999999999999 0.69999999999999996 180 0 32
275 10 1 1 0.84999999999999998 -0.14999999999999999 0.90000000000000002 0 0.14999999999999999 0.69999999999999996 180 0 68
276 10 1 1 0.84999999999999998 -0.14999999999999999 0.90000000000000002 0 0.14999999999999999 1 0 0 32
276 10 1 1 0.84999999999999998 -0.14999999999999999 0.90000000000000002 0 0.14999999999999999 1 0 0 68
277 10 1 1 0.84999999999999998 -0.14999999999999999 0.90000000000000002 0 0.14999999999999999 1 90 0 32
277 10 1 1 0.84999999999999998 -0.14999999999999999 0.90000000000000002 0 0.14999999999999999 1 90 0 68
278 10 1 1 0.84999999999999998 -0.14999999999999999 0.90000000000000002 0 0.14999999999999999 1 180 0 32
278 10 1 1 0.84999999999999998 -0.14999999999999999 0.90000000000000002 0 0.14999999999999999 1 180 0 68
279 10 1 1 0.84999999999999998 -0.14999999999999999 0.90000000000000002 0 0.29999999999999999 0.34999999999999998 0 0 32
279 10 1 1 0.84999999999999998 -0.14999999999999999 0.90000000000000002 0 0.29999999999999999 0.34999999999999998 0 0 68
280 10 1 1 0.84999999999999998 -0.14999999999999999 0.90000000000000002 0 0.29999999999999999 0.34999999999999998 90 0 32
280 10 1 1 0.84999999999999998 -0.14999999999999999 0.90000000000000002 0 0.29999999999999999 0.34999999999999998 90 0 68
281 10 1 1 0.84999999999999998 -0.14999999999999999 0.90000000000000002 0 0.29999999999999999 0.34999999999999998 180 0 32
281 10 1 1 0.84999999999999998 -0.14999999999999999 0.90000000000000002 0 0.29999999999999999 0.34999999999999998 180 0 68
282 10 1 1 0.84999999999999998 -0.14999999999999999 0.90000000000000002 0 0.29999999999999999 0.69999999999999996 0 0 32
282 10 1 1 0.84999999999999998 -0.14999999999999999 0.90000000000000002 0 0.29999999999999999 0.69999999999999996 0 0 68
283 10 1 1 0.84999999999999998 -0.14999999999999999 0.90000000000000002 0 0.29999999999999999 0.69999999999999996 90 0 32
283 10 1 1 0.84999999999999998 -0.14999999999999999 0.90000000000000002 0 0.29999999999999999 0.69999999999999996 90 0 68
284 10 1 1 0.84999999999999998 -0.14999999999999999 0.90000000000000002 0 0.29999999999999999 0.69999999999999996 180 0 32
284 10 1 1 0.84999999999999998 -0.14999999999999999 0.90000000000000002 0 0.29999999999999999 0.69999999999999996 180 0 68
285 10 1 1 0.84999999999999998 -0.14999999999999999 0.90000000000000002 0 0.29999999999999999 1 0 0 32
285 10 1 1 0.84999999999999998 -0.14999999999999999 0.90000000000000002 0 0.29999999999999999 1 0 0 68
286 10 1 1 0.84999999999999998 -0.14999999999999999 0.90000000000000002 0 0.29999999999999999 1 90 0 32
286 10 1 1 0.84999999999999998 -0.14999999999999999 0.90000000000000002 0 0.29999999999999999 1 90 0 68
287 10 1 1 0.84999999999999998 -0.14999999999999999 0.90000000000000002 0 0.29999999999999999 1 180 0 32
287 10 1 1 0.84999999999999998 -0.14999999999999999 0.90000000000000002 0 0.29999999999999999 1 180 0 68
288 10 1 1 0.84999999999999998 -0.14999999999999999 0.90000000000000002 0 0.42261826174069944 0.34999999999999998 0 0 32
288 10 1 1 0.84999999999999998 -0.14999999999999999 0.90000000000000002 0 0.42261826174069944 0.34999999999999998 0 0 68
289 10 1 1 0.84999999999999998 -0.14999999999999999 0.90000000000000002 0 0.42261826174069944 0.34999999999999998 90 0 32
289 10 1 1 0.84999999999999998 -0.14999999999999999 0.90000000000000002 0 0.42261826174069944 0.34999999999999998 90 0 68
290 10 1 1 0.84999999999999998 -0.14999999999999999 0.90000000000000002 0 0.42261826174069944 0.34999999999999998 180 0 32
290 10 1 1 0.84999999999999998 -0.14999999999999999 0.90000000000000002 0 0.42261826174069944 0.34999999999999998 180 0 68
291 10 1 1 0.84999999999999998 -0.14999999999999999 0.90000000000000002 0 0.42261826174069944 0.69999999999999996 0 0 32
291 10 1 1 0.84999999999999998 -0.14999999999999999 0.90000000000000002 0 0.42261826174069944 0.69999999999999996 0 0 68
292 10 1 1 0.84999999999999998 -0.14999999999999999 0.90000000000000002 0 0.42261826174069944 0.69999999999999996 90 0 32
292 10 1 1 0.84999999999999998 -0.14999999999999999 0.90000000000000002 0 0.42261826174069944 0.69999999999999996 90 0 68
293 10 1 1 0.84999999999999998 -0.14999999999999999 0.90000000000000002 0 0.42261826174069944 0.69999999999999996 180 0 32
293 10 1 1 0.84999999999999998 -0.14999999999999999 0.90000000000000002 0 0.42261826174069944 0.69999999999999996 180 0 68
294 10 1 1 0.84999999999999998 -0.14999999999999999 0.90000000000000002 0 0.42261826174069944 1 0 0 32
294 10 1 1 0.84999999999999998 -0.14999999999999999 0.90000000000000002 0 0.42261826174069944 1 0 0 68
295 10 1 1 0.84999999999999998 -0.14999999999999999 0.90000000000000002 0 0.42261826174069944 1 90 0 32
295 10 1 1 0.84999999999999998 -0.14999999999999999 0.90000000000000002 0 0.42261826174069944 1 90 0 68
296 10 1 1 0.84999999999999998 -0.14999999999999999 0.90000000000000002 0 0.42261826174069944 1 180 0 32
296 10 1 1 0.84999999999999998 -0.14999999999999999 0.90000000000000002 0 0.42261826174069944 1 180 0 68
297 10 1 1 0.84999999999999998 -0.14999999999999999 0.90000000000000002 0 0.65000000000000002 0.34999999999999998 0 0 32
297 10 1 1 0.84999999999999998 -0.14999999999999999 0.90000000000000002 0 0.65000000000000002 0.34999999999999998 0 0 68
298 10 1 1 0.84999999999999998 -0.14999999999999999 0.90000000000000002 0 0.65000000000000002 0.34999999999999998 90 0 32
298 10 1 1 0.84999999999999998 -0.14999999999999999 0.90000000000000002 0 0.65000000000000002 0.34999999999999998 90 0 68
299 10 1 1 0.84999999999999998 -0.14999999999999999 0.90000000000000002 0 0.65000000000000002 0.34999999999999998 180 0 32
299 10 1 1 0.84999999999999998 -0.14999999999999999 0.90000000000000002 0 0.65000000000000002 0.34999999999999998 180 0 68
300 10 1 1 0.84999999999999998 -0.14999999999999999 0.90000000000000002 0 0.65000000000000002 0.69999999999999996 0 0 32
300 10 1 1 0.84999999999999998 -0.14999999999999999 0.90000000000000002 0 0.65000000000000002 0.69999999999999996 0 0 68
301 10 1 1 0.84999999999999998 -0.14999999999999999 0.90000000000000002 0 0.65000000000000002 0.69999999999999996 90 0 32
301 10 1 1 0.84999999999999998 -0.14999999999999999 0.90000000000000002 0 0.65000000000000002 0.69999999999999996 90 0 68
302 10 1 1 0.84999999999999998 -0.14999999999999999 0.90000000000000002 0 0.65000000000000002 0.69999999999999996 180 0 32
302 10 1 1 0.84999999999999998 -0.14999999999999999 0.90000000000000002 0 0.65000000000000002 0.69999999999999996 180 0 68
303 10 1 1 0.84999999999999998 -0.14999999999999999 0.90000000000000002 0 0.65000000000000002 1 0 0 32
303 10 1 1 0.84999999999999998 -0.14999999999999999 0.90000000000000002 0 0.65000000000000002 1 0 0 68
304 10 1 1 0.84999999999999998 -0.14999999999999999 0.90000000000000002 0 0.65000000000000002 1 90 0 32
304 10 1 1 0.84999999999999998 -0.14999999999999999 0.90000000000000002 0 0.65000000000000002 1 90 0 68
305 10 1 1 0.84999999999999998 -0.14999999999999999 0.90000000000000002 0 0.65000000000000002 1 180 0 32
305 10 1 1 0.84999999999999998 -0.14999999999999999 0.90000000000000002 0 0.65000000000000002 1 180 0 68
306 10 1 1 0.84999999999999998 -0.14999999999999999 0.90000000000000002 0 0.86602540378443871 0.34999999999999998 0 0 32
306 10 1 1 0.84999999999999998 -0.14999999999999999 0.90000000000000002 0 0.86602540378443871 0.34999999999999998 0 0 68
307 10 1 1 0.84999999999999998 -0.14999999999999999 0.90000000000000002 0 0.86602540378443871 0.34999999999999998 90 0 32
307 10 1 1 0.84999999999999998 -0.14999999999999999 0.90000000000000002 0 0.86602540378443871 0.34999999999999998 90 0 68
308 10 1 1 0.84999999999999998 -0.14999999999999999 0.90000000000000002 0 0.86602540378443871 0.34999999999999998 180 0 32
308 10 1 1 0.84999999999999998 -0.14999999999999999 0.90000000000000002 0 0.86602540378443871 0.34999999999999998 180 0 68
309 10 1 1 0.84999999999999998 -0.14999999999999999 0.90000000000000002 0 0.86602540378443871 0.69999999999999996 0 0 32
309 10 1 1 0.84999999999999998 -0.14999999999999999 0.90000000000000002 0 0.86602540378443871 0.69999999999999996 0 0 68
310 10 1 1 0.84999999999999998 -0.14999999999999999 0.90000000000000002 0 0.86602540378443871 0.69999999999999996 90 0 32
310 10 1 1 0.84999999999999998 -0.14999999999999999 0.90000000000000002 0 0.86602540378443871 0.69999999999999996 90 0 68
311 10 1 1 0.84999999999999998 -0.14999999999999999 0.90000000000000002 0 0.86602540378443871 0.69999999999999996 180 0 32
311 10 1 1 0.84999999999999998 -0.14999999999999999 0.90000000000000002 0 0.86602540378443871 0.69999999999999996 180 0 68
312 10 1 1 0.84999999999999998 -0.14999999999999999 0.90000000000000002 0 0.86602540378443871 1 0 0 32
312 10 1 1 0.84999999999999998 -0.14999999999999999 0.90000000000000002 0 0.86602540378443871 1 0 0 68
313 10 1 1 0.84999999999999998 -0.14999999999999999 0.90000000000000002 0 0.86602540378443871 1 90 0 32
313 10 1 1 0.84999999999999998 -0.14999999999999999 0.90000000000000002 0 0.86602540378443871 1 90 0 68
314 10 1 1 0.84999999999999998 -0.14999999999999999 0.90000000000000002 0 0.86602540378443871 1 180 0 32
314 10 1 1 0.84999999999999998 -0.14999999999999999 0.90000000000000002 0 0.86602540378443871 1 180 0 68
315 10 1 1 0.84999999999999998 -0.14999999999999999 0.90000000000000002 0 0.97999999999999998 0.34999999999999998 0 0 32
315 10 1 1 0.84999999999999998 -0.14999999999999999 0.90000000000000002 0 0.97999999999999998 0.34999999999999998 0 0 68
316 10 1 1 0.84999999999999998 -0.14999999999999999 0.90000000000000002 0 0.97999999999999998 0.34999999999999998 90 0 32
316 10 1 1 0.84999999999999998 -0.14999999999999999 0.90000000000000002 0 0.97999999999999998 0.34999999999999998 90 0 68
317 10 1 1 0.84999999999999998 -0.14999999999999999 0.90000000000000002 0 0.97999999999999998 0.34999999999999998 180 0 32
317 10 1 1 0.84999999999999998 -0.14999999999999999 0.90000000000000002 0 0.97999999999999998 0.34999999999999998 180 0 68
318 10 1 1 0.84999999999999998 -0.14999999999999999 0.90000000000000002 0 0.97999999999999998 0.69999999999999996 0 0 32
318 10 1 1 0.84999999999999998 -0.14999999999999999 0.90000000000000002 0 0.97999999999999998 0.69999999999999996 0 0 68
319 10 1 1 0.84999999999999998 -0.14999999999999999 0.90000000000000002 0 0.97999999999999998 0.69999999999999996 90 0 32
319 10 1 1 0.84999999999999998 -0.14999999999999999 0.90000000000000002 0 0.97999999999999998 0.69999999999999996 90 0 68
320 10 1 1 0.84999999999999998 -0.14999999999999999 0.90000000000000002 0 0.97999999999999998 0.69999999999999996 180 0 32
320 10 1 1 0.84999999999999998 -0.14999999999999999 0.90000000000000002 0 0.97999999999999998 0.69999999999999996 180 0 68
321 10 1 1 0.84999999999999998 -0.14999999999999999 0.90000000000000002 0 0.97999999999999998 1 0 0 32
321 10 1 1 0.84999999999999998 -0.14999999999999999 0.90000000000000002 0 0.97999999999999998 1 0 0 68
322 10 1 1 0.84999999999999998 -0.14999999999999999 0.90000000000000002 0 0.97999999999999998 1 90 0 32
322 10 1 1 0.84999999999999998 -0.14999999999999999 0.90000000000000002 0 0.97999999999999998 1 90 0 68
323 10 1 1 0.84999999999999998 -0.14999999999999999 0.90000000000000002 0 0.97999999999999998 1 180 0 32
323 10 1 1 0.84999999999999998 -0.14999999999999999 0.90000000000000002 0 0.97999999999999998 1 180 0 68
324 30 1 1 0.84999999999999998 -0.14999999999999999 0.90000000000000002 0 0.14999999999999999 0.34999999999999998 0 0 32
324 30 1 1 0.84999999999999998 -0.14999999999999999 0.90000000000000002 0 0.14999999999999999 0.34999999999999998 0 0 68
325 30 1 1 0.84999999999999998 -0.14999999999999999 0.90000000000000002 0 0.14999999999999999 0.34999999999999998 90 0 32
325 30 1 1 0.84999999999999998 -0.14999999999999999 0.90000000000000002 0 0.14999999999999999 0.34999999999999998 90 0 68
326 30 1 1 0.84999999999999998 -0.14999999999999999 0.90000000000000002 0 0.14999999999999999 0.34999999999999998 180 0 32
326 30 1 1 0.84999999999999998 -0.14999999999999999 0.90000000000000002 0 0.14999999999999999 0.34999999999999998 180 0 68
327 30 1 1 0.84999999999999998 -0.14999999999999999 0.90000000000000002 0 0.14999999999999999 0.69999999999999996 0 0 32
327 30 1 1 0.84999999999999998 -0.14999999999999999 0.90000000000000002 0 0.14999999999999999 0.69999999999999996 0 0 68
328 30 1 1 0.84999999999999998 -0.14999999999999999 0.90000000000000002 0 0.14999999999999999 0.69999999999999996 90 0 32
328 30 1 1 0.84999999999999998 -0.14999999999999999 0.90000000000000002 0 0.14999999999999999 0.69999999999999996 90 0 68
329 30 1 1 0.84999999999999998 -0.14999999999999999 0.90000000000000002 0 0.14999999999999999 0.69999999999999996 180 0 32
329 30 1 1 0.84999999999999998 -0.14999999999999999 0.90000000000000002 0 0.14999999999999999 0.69999999999999996 180 0 68
330 30 1 1 0.84999999999999998 -0.14999999999999999 0.90000000000000002 0 0.14999999999999999 1 0 0 32
330 30 1 1 0.84999999999999998 -0.14999999999999999 0.90000000000000002 0 0.14999999999999999 1 0 0 68
331 30 1 1 0.84999999999999998 -0.14999999999999999 0.90000000000000002 0 0.14999999999999999 1 90 0 32
331 30 1 1 0.84999999999999998 -0.14999999999999999 0.90000000000000002 0 0.14999999999999999 1 90 0 68
332 30 1 1 0.84999999999999998 -0.14999999999999999 0.90000000000000002 0 0.14999999999999999 1 180 0 32
332 30 1 1 0.84999999999999998 -0.14999999999999999 0.90000000000000002 0 0.14999999999999999 1 180 0 68
333 30 1 1 0.84999999999999998 -0.14999999999999999 0.90000000000000002 0 0.29999999999999999 0.34999999999999998 0 0 32
333 30 1 1 0.84999999999999998 -0.14999999999999999 0.90000000000000002 0 0.29999999999999999 0.34999999999999998 0 0 68
334 30 1 1 0.84999999999999998 -0.14999999999999999 0.90000000000000002 0 0.29999999999999999 0.34999999999999998 90 0 32
334 30 1 1 0.84999999999999998 -0.14999999999999999 0.90000000000000002 0 0.29999999999999999 0.34999999999999998 90 0 68
335 30 1 1 0.84999999999999998 -0.14999999999999999 0.90000000000000002 0 0.29999999999999999 0.34999999999999998 180 0 32
335 30 1 1 0.84999999999999998 -0.14999999999999999 0.90000000000000002 0 0.29999999999999999 0.34999999999999998 180 0 68
336 30 1 1 0.84999999999999998 -0.14999999999999999 0.90000000000000002 0 0.29999999999999999 0.69999999999999996 0 0 32
336 30 1 1 0.84999999999999998 -0.14999999999999999 0.90000000000000002 0 0.29999999999999999 0.69999999999999996 0 0 68
337 30 1 1 0.84999999999999998 -0.14999999999999999 0.90000000000000002 0 0.29999999999999999 0.69999999999999996 90 0 32
337 30 1 1 0.84999999999999998 -0.14999999999999999 0.90000000000000002 0 0.29999999999999999 0.69999999999999996 90 0 68
338 30 1 1 0.84999999999999998 -0.14999999999999999 0.90000000000000002 0 0.29999999999999999 0.69999999999999996 180 0 32
338 30 1 1 0.84999999999999998 -0.14999999999999999 0.90000000000000002 0 0.29999999999999999 0.69999999999999996 180 0 68
339 30 1 1 0.84999999999999998 -0.14999999999999999 0.90000000000000002 0 0.29999999999999999 1 0 0 32
339 30 1 1 0.84999999999999998 -0.14999999999999999 0.90000000000000002 0 0.29999999999999999 1 0 0 68
340 30 1 1 0.84999999999999998 -0.14999999999999999 0.90000000000000002 0 0.29999999999999999 1 90 0 32
340 30 1 1 0.84999999999999998 -0.14999999999999999 0.90000000000000002 0 0.29999999999999999 1 90 0 68
341 30 1 1 0.84999999999999998 -0.14999999999999999 0.90000000000000002 0 0.29999999999999999 1 180 0 32
341 30 1 1 0.84999999999999998 -0.14999999999999999 0.90000000000000002 0 0.29999999999999999 1 180 0 68
342 30 1 1 0.84999999999999998 -0.14999999999999999 0.90000000000000002 0 0.42261826174069944 0.34999999999999998 0 0 32
342 30 1 1 0.84999999999999998 -0.14999999999999999 0.90000000000000002 0 0.42261826174069944 0.34999999999999998 0 0 68
343 30 1 1 0.84999999999999998 -0.14999999999999999 0.90000000000000002 0 0.42261826174069944 0.34999999999999998 90 0 32
343 30 1 1 0.84999999999999998 -0.14999999999999999 0.90000000000000002 0 0.42261826174069944 0.34999999999999998 90 0 68
344 30 1 1 0.84999999999999998 -0.14999999999999999 0.90000000000000002 0 0.42261826174069944 0.34999999999999998 180 0 32
344 30 1 1 0.84999999999999998 -0.14999999999999999 0.90000000000000002 0 0.42261826174069944 0.34999999999999998 180 0 68
345 30 1 1 0.84999999999999998 -0.14999999999999999 0.90000000000000002 0 0.42261826174069944 0.69999999999999996 0 0 32
345 30 1 1 0.84999999999999998 -0.14999999999999999 0.90000000000000002 0 0.42261826174069944 0.69999999999999996 0 0 68
346 30 1 1 0.84999999999999998 -0.14999999999999999 0.90000000000000002 0 0.42261826174069944 0.69999999999999996 90 0 32
346 30 1 1 0.84999999999999998 -0.14999999999999999 0.90000000000000002 0 0.42261826174069944 0.69999999999999996 90 0 68
347 30 1 1 0.84999999999999998 -0.14999999999999999 0.90000000000000002 0 0.42261826174069944 0.69999999999999996 180 0 32
347 30 1 1 0.84999999999999998 -0.14999999999999999 0.90000000000000002 0 0.42261826174069944 0.69999999999999996 180 0 68
348 30 1 1 0.84999999999999998 -0.14999999999999999 0.90000000000000002 0 0.42261826174069944 1 0 0 32
348 30 1 1 0.84999999999999998 -0.14999999999999999 0.90000000000000002 0 0.42261826174069944 1 0 0 68
349 30 1 1 0.84999999999999998 -0.14999999999999999 0.90000000000000002 0 0.42261826174069944 1 90 0 32
349 30 1 1 0.84999999999999998 -0.14999999999999999 0.90000000000000002 0 0.42261826174069944 1 90 0 68
350 30 1 1 0.84999999999999998 -0.14999999999999999 0.90000000000000002 0 0.42261826174069944 1 180 0 32
350 30 1 1 0.84999999999999998 -0.14999999999999999 0.90000000000000002 0 0.42261826174069944 1 180 0 68
351 30 1 1 0.84999999999999998 -0.14999999999999999 0.90000000000000002 0 0.65000000000000002 0.34999999999999998 0 0 32
351 30 1 1 0.84999999999999998 -0.14999999999999999 0.90000000000000002 0 0.65000000000000002 0.34999999999999998 0 0 68
352 30 1 1 0.84999999999999998 -0.14999999999999999 0.90000000000000002 0 0.65000000000000002 0.34999999999999998 90 0 32
352 30 1 1 0.84999999999999998 -0.14999999999999999 0.90000000000000002 0 0.65000000000000002 0.34999999999999998 90 0 68
353 30 1 1 0.84999999999999998 -0.14999999999999999 0.90000000000000002 0 0.65000000000000002 0.34999999999999998 180 0 32
353 30 1 1 0.84999999999999998 -0.14999999999999999 0.90000000000000002 0 0.65000000000000002 0.34999999999999998 180 0 68
354 30 1 1 0.84999999999999998 -0.14999999999999999 0.90000000000000002 0 0.65000000000000002 0.69999999999999996 0 0 32
354 30 1 1 0.84999999999999998 -0.14999999999999999 0.90000000000000002 0 0.65000000000000002 0.69999999999999996 0 0 68
355 30 1 1 0.84999999999999998 -0.14999999999999999 0.90000000000000002 0 0.65000000000000002 0.69999999999999996 90 0 32
355 30 1 1 0.84999999999999998 -0.14999999999999999 0.90000000000000002 0 0.65000000000000002 0.69999999999999996 90 0 68
356 30 1 1 0.84999999999999998 -0.14999999999999999 0.90000000000000002 0 0.65000000000000002 0.69999999999999996 180 0 32
356 30 1 1 0.84999999999999998 -0.14999999999999999 0.90000000000000002 0 0.65000000000000002 0.69999999999999996 180 0 68
357 30 1 1 0.84999999999999998 -0.14999999999999999 0.90000000000000002 0 0.65000000000000002 1 0 0 32
357 30 1 1 0.84999999999999998 -0.14999999999999999 0.90000000000000002 0 0.65000000000000002 1 0 0 68
358 30 1 1 0.84999999999999998 -0.14999999999999999 0.90000000000000002 0 0.65000000000000002 1 90 0 32
358 30 1 1 0.84999999999999998 -0.14999999999999999 0.90000000000000002 0 0.65000000000000002 1 90 0 68
359 30 1 1 0.84999999999999998 -0.14999999999999999 0.90000000000000002 0 0.65000000000000002 1 180 0 32
359 30 1 1 0.84999999999999998 -0.14999999999999999 0.90000000000000002 0 0.65000000000000002 1 180 0 68
360 30 1 1 0.84999999999999998 -0.14999999999999999 0.90000000000000002 0 0.86602540378443871 0.34999999999999998 0 0 32
360 30 1 1 0.84999999999999998 -0.14999999999999999 0.90000000000000002 0 0.86602540378443871 0.34999999999999998 0 0 68
361 30 1 1 0.84999999999999998 -0.14999999999999999 0.90000000000000002 0 0.86602540378443871 0.34999999999999998 90 0 32
361 30 1 1 0.84999999999999998 -0.14999999999999999 0.90000000000000002 0 0.86602540378443871 0.34999999999999998 90 0 68
362 30 1 1 0.84999999999999998 -0.14999999999999999 0.90000000000000002 0 0.86602540378443871 0.34999999999999998 180 0 32
362 30 1 1 0.84999999999999998 -0.14999999999999999 0.90000000000000002 0 0.86602540378443871 0.34999999999999998 180 0 68
363 30 1 1 0.84999999999999998 -0.14999999999999999 0.90000000000000002 0 0.86602540378443871 0.69999999999999996 0 0 32
363 30 1 1 0.84999999999999998 -0.14999999999999999 0.90000000000000002 0 0.86602540378443871 0.69999999999999996 0 0 68
364 30 1 1 0.84999999999999998 -0.14999999999999999 0.90000000000000002 0 0.86602540378443871 0.69999999999999996 90 0 32
364 30 1 1 0.84999999999999998 -0.14999999999999999 0.90000000000000002 0 0.86602540378443871 0.69999999999999996 90 0 68
365 30 1 1 0.84999999999999998 -0.14999999999999999 0.90000000000000002 0 0.86602540378443871 0.69999999999999996 180 0 32
365 30 1 1 0.84999999999999998 -0.14999999999999999 0.90000000000000002 0 0.86602540378443871 0.69999999999999996 180 0 68
366 30 1 1 0.84999999999999998 -0.14999999999999999 0.90000000000000002 0 0.86602540378443871 1 0 0 32
366 30 1 1 0.84999999999999998 -0.14999999999999999 0.90000000000000002 0 0.86602540378443871 1 0 0 68
367 30 1 1 0.84999999999999998 -0.14999999999999999 0.90000000000000002 0 0.86602540378443871 1 90 0 32
367 30 1 1 0.84999999999999998 -0.14999999999999999 0.90000000000000002 0 0.86602540378443871 1 90 0 68
368 30 1 1 0.84999999999999998 -0.14999999999999999 0.90000000000000002 0 0.86602540378443871 1 180 0 32
368 30 1 1 0.84999999999999998 -0.14999999999999999 0.90000000000000002 0 0.86602540378443871 1 180 0 68
369 30 1 1 0.84999999999999998 -0.14999999999999999 0.90000000000000002 0 0.97999999999999998 0.34999999999999998 0 0 32
369 30 1 1 0.84999999999999998 -0.14999999999999999 0.90000000000000002 0 0.97999999999999998 0.34999999999999998 0 0 68
370 30 1 1 0.84999999999999998 -0.14999999999999999 0.90000000000000002 0 0.97999999999999998 0.34999999999999998 90 0 32
370 30 1 1 0.84999999999999998 -0.14999999999999999 0.90000000000000002 0 0.97999999999999998 0.34999999999999998 90 0 68
371 30 1 1 0.84999999999999998 -0.14999999999999999 0.90000000000000002 0 0.97999999999999998 0.34999999999999998 180 0 32
371 30 1 1 0.84999999999999998 -0.14999999999999999 0.90000000000000002 0 0.97999999999999998 0.34999999999999998 180 0 68
372 30 1 1 0.84999999999999998 -0.14999999999999999 0.90000000000000002 0 0.97999999999999998 0.69999999999999996 0 0 32
372 30 1 1 0.84999999999999998 -0.14999999999999999 0.90000000000000002 0 0.97999999999999998 0.69999999999999996 0 0 68
373 30 1 1 0.84999999999999998 -0.14999999999999999 0.90000000000000002 0 0.97999999999999998 0.69999999999999996 90 0 32
373 30 1 1 0.84999999999999998 -0.14999999999999999 0.90000000000000002 0 0.97999999999999998 0.69999999999999996 90 0 68
374 30 1 1 0.84999999999999998 -0.14999999999999999 0.90000000000000002 0 0.97999999999999998 0.69999999999999996 180 0 32
374 30 1 1 0.84999999999999998 -0.14999999999999999 0.90000000000000002 0 0.97999999999999998 0.69999999999999996 180 0 68
375 30 1 1 0.84999999999999998 -0.14999999999999999 0.90000000000000002 0 0.97999999999999998 1 0 0 32
375 30 1 1 0.84999999999999998 -0.14999999999999999 0.90000000000000002 0 0.97999999999999998 1 0 0 68
376 30 1 1 0.84999999999999998 -0.14999999999999999 0.90000000000000002 0 0.97999999999999998 1 90 0 32
376 30 1 1 0.84999999999999998 -0.14999999999999999 0.90000000000000002 0 0.97999999999999998 1 90 0 68
377 30 1 1 0.84999999999999998 -0.14999999999999999 0.90000000000000002 0 0.97999999999999998 1 180 0 32
377 30 1 1 0.84999999999999998 -0.14999999999999999 0.90000000000000002 0 0.97999999999999998 1 180 0 68
378 100 1 1 0.84999999999999998 -0.14999999999999999 0.90000000000000002 0 0.14999999999999999 0.34999999999999998 0 0 32
378 100 1 1 0.84999999999999998 -0.14999999999999999 0.90000000000000002 0 0.14999999999999999 0.34999999999999998 0 0 68
379 100 1 1 0.84999999999999998 -0.14999999999999999 0.90000000000000002 0 0.14999999999999999 0.34999999999999998 90 0 32
379 100 1 1 0.84999999999999998 -0.14999999999999999 0.90000000000000002 0 0.14999999999999999 0.34999999999999998 90 0 68
380 100 1 1 0.84999999999999998 -0.14999999999999999 0.90000000000000002 0 0.14999999999999999 0.34999999999999998 180 0 32
380 100 1 1 0.84999999999999998 -0.14999999999999999 0.90000000000000002 0 0.14999999999999999 0.34999999999999998 180 0 68
381 100 1 1 0.84999999999999998 -0.14999999999999999 0.90000000000000002 0 0.14999999999999999 0.69999999999999996 0 0 32
381 100 1 1 0.84999999999999998 -0.14999999999999999 0.90000000000000002 0 0.14999999999999999 0.69999999999999996 0 0 68
382 100 1 1 0.84999999999999998 -0.14999999999999999 0.90000000000000002 0 0.14999999999999999 0.69999999999999996 90 0 32
382 100 1 1 0.84999999999999998 -0.14999999999999999 0.90000000000000002 0 0.14999999999999999 0.69999999999999996 90 0 68
383 100 1 1 0.84999999999999998 -0.14999999999999999 0.90000000000000002 0 0.14999999999999999 0.69999999999999996 180 0 32
383 100 1 1 0.84999999999999998 -0.14999999999999999 0.90000000000000002 0 0.14999999999999999 0.69999999999999996 180 0 68
384 100 1 1 0.84999999999999998 -0.14999999999999999 0.90000000000000002 0 0.14999999999999999 1 0 0 32
384 100 1 1 0.84999999999999998 -0.14999999999999999 0.90000000000000002 0 0.14999999999999999 1 0 0 68
385 100 1 1 0.84999999999999998 -0.14999999999999999 0.90000000000000002 0 0.14999999999999999 1 90 0 32
385 100 1 1 0.84999999999999998 -0.14999999999999999 0.90000000000000002 0 0.14999999999999999 1 90 0 68
386 100 1 1 0.84999999999999998 -0.14999999999999999 0.90000000000000002 0 0.14999999999999999 1 180 0 32
386 100 1 1 0.84999999999999998 -0.14999999999999999 0.90000000000000002 0 0.14999999999999999 1 180 0 68
387 100 1 1 0.84999999999999998 -0.14999999999999999 0.90000000000000002 0 0.29999999999999999 0.34999999999999998 0 0 32
387 100 1 1 0.84999999999999998 -0.14999999999999999 0.90000000000000002 0 0.29999999999999999 0.34999999999999998 0 0 68
388 100 1 1 0.84999999999999998 -0.14999999999999999 0.90000000000000002 0 0.29999999999999999 0.34999999999999998 90 0 32
388 100 1 1 0.84999999999999998 -0.14999999999999999 0.90000000000000002 0 0.29999999999999999 0.34999999999999998 90 0 68
389 100 1 1 0.84999999999999998 -0.14999999999999999 0.90000000000000002 0 0.29999999999999999 0.34999999999999998 180 0 32
389 100 1 1 0.84999999999999998 -0.14999999999999999 0.90000000000000002 0 0.29999999999999999 0.34999999999999998 180 0 68
390 100 1 1 0.84999999999999998 -0.14999999999999999 0.90000000000000002 0 0.29999999999999999 0.69999999999999996 0 0 32
390 100 1 1 0.84999999999999998 -0.14999999999999999 0.90000000000000002 0 0.29999999999999999 0.69999999999999996 0 0 68
391 100 1 1 0.84999999999999998 -0.14999999999999999 0.90000000000000002 0 0.29999999999999999 0.69999999999999996 90 0 32
391 100 1 1 0.84999999999999998 -0.14999999999999999 0.90000000000000002 0 0.29999999999999999 0.69999999999999996 90 0 68
392 100 1 1 0.84999999999999998 -0.14999999999999999 0.90000000000000002 0 0.29999999999999999 0.69999999999999996 180 0 32
392 100 1 1 0.84999999999999998 -0.14999999999999999 0.90000000000000002 0 0.29999999999999999 0.69999999999999996 180 0 68
393 100 1 1 0.84999999999999998 -0.14999999999999999 0.90000000000000002 0 0.29999999999999999 1 0 0 32
393 100 1 1 0.84999999999999998 -0.14999999999999999 0.90000000000000002 0 0.29999999999999999 1 0 0 68
394 100 1 1 0.84999999999999998 -0.14999999999999999 0.90000000000000002 0 0.29999999999999999 1 90 0 32
394 100 1 1 0.84999999999999998 -0.14999999999999999 0.90000000000000002 0 0.29999999999999999 1 90 0 68
395 100 1 1 0.84999999999999998 -0.14999999999999999 0.90000000000000002 0 0.29999999999999999 1 180 0 32
395 100 1 1 0.84999999999999998 -0.14999999999999999 0.90000000000000002 0 0.29999999999999999 1 180 0 68
396 100 1 1 0.84999999999999998 -0.14999999999999999 0.90000000000000002 0 0.42261826174069944 0.34999999999999998 0 0 32
396 100 1 1 0.84999999999999998 -0.14999999999999999 0.90000000000000002 0 0.42261826174069944 0.34999999999999998 0 0 68
397 100 1 1 0.84999999999999998 -0.14999999999999999 0.90000000000000002 0 0.42261826174069944 0.34999999999999998 90 0 32
397 100 1 1 0.84999999999999998 -0.14999999999999999 0.90000000000000002 0 0.42261826174069944 0.34999999999999998 90 0 68
398 100 1 1 0.84999999999999998 -0.14999999999999999 0.90000000000000002 0 0.42261826174069944 0.34999999999999998 180 0 32
398 100 1 1 0.84999999999999998 -0.14999999999999999 0.90000000000000002 0 0.42261826174069944 0.34999999999999998 180 0 68
399 100 1 1 0.84999999999999998 -0.14999999999999999 0.90000000000000002 0 0.42261826174069944 0.69999999999999996 0 0 32
399 100 1 1 0.84999999999999998 -0.14999999999999999 0.90000000000000002 0 0.42261826174069944 0.69999999999999996 0 0 68
400 100 1 1 0.84999999999999998 -0.14999999999999999 0.90000000000000002 0 0.42261826174069944 0.69999999999999996 90 0 32
400 100 1 1 0.84999999999999998 -0.14999999999999999 0.90000000000000002 0 0.42261826174069944 0.69999999999999996 90 0 68
401 100 1 1 0.84999999999999998 -0.14999999999999999 0.90000000000000002 0 0.42261826174069944 0.69999999999999996 180 0 32
401 100 1 1 0.84999999999999998 -0.14999999999999999 0.90000000000000002 0 0.42261826174069944 0.69999999999999996 180 0 68
402 100 1 1 0.84999999999999998 -0.14999999999999999 0.90000000000000002 0 0.42261826174069944 1 0 0 32
402 100 1 1 0.84999999999999998 -0.14999999999999999 0.90000000000000002 0 0.42261826174069944 1 0 0 68
403 100 1 1 0.84999999999999998 -0.14999999999999999 0.90000000000000002 0 0.42261826174069944 1 90 0 32
403 100 1 1 0.84999999999999998 -0.14999999999999999 0.90000000000000002 0 0.42261826174069944 1 90 0 68
404 100 1 1 0.84999999999999998 -0.14999999999999999 0.90000000000000002 0 0.42261826174069944 1 180 0 32
404 100 1 1 0.84999999999999998 -0.14999999999999999 0.90000000000000002 0 0.42261826174069944 1 180 0 68
405 100 1 1 0.84999999999999998 -0.14999999999999999 0.90000000000000002 0 0.65000000000000002 0.34999999999999998 0 0 32
405 100 1 1 0.84999999999999998 -0.14999999999999999 0.90000000000000002 0 0.65000000000000002 0.34999999999999998 0 0 68
406 100 1 1 0.84999999999999998 -0.14999999999999999 0.90000000000000002 0 0.65000000000000002 0.34999999999999998 90 0 32
406 100 1 1 0.84999999999999998 -0.14999999999999999 0.90000000000000002 0 0.65000000000000002 0.34999999999999998 90 0 68
407 100 1 1 0.84999999999999998 -0.14999999999999999 0.90000000000000002 0 0.65000000000000002 0.34999999999999998 180 0 32
407 100 1 1 0.84999999999999998 -0.14999999999999999 0.90000000000000002 0 0.65000000000000002 0.34999999999999998 180 0 68
408 100 1 1 0.84999999999999998 -0.14999999999999999 0.90000000000000002 0 0.65000000000000002 0.69999999999999996 0 0 32
408 100 1 1 0.84999999999999998 -0.14999999999999999 0.90000000000000002 0 0.65000000000000002 0.69999999999999996 0 0 68
409 100 1 1 0.84999999999999998 -0.14999999999999999 0.90000000000000002 0 0.65000000000000002 0.69999999999999996 90 0 32
409 100 1 1 0.84999999999999998 -0.14999999999999999 0.90000000000000002 0 0.65000000000000002 0.69999999999999996 90 0 68
410 100 1 1 0.84999999999999998 -0.14999999999999999 0.90000000000000002 0 0.65000000000000002 0.69999999999999996 180 0 32
410 100 1 1 0.84999999999999998 -0.14999999999999999 0.90000000000000002 0 0.65000000000000002 0.69999999999999996 180 0 68
411 100 1 1 0.84999999999999998 -0.14999999999999999 0.90000000000000002 0 0.65000000000000002 1 0 0 32
411 100 1 1 0.84999999999999998 -0.14999999999999999 0.90000000000000002 0 0.65000000000000002 1 0 0 68
412 100 1 1 0.84999999999999998 -0.14999999999999999 0.90000000000000002 0 0.65000000000000002 1 90 0 32
412 100 1 1 0.84999999999999998 -0.14999999999999999 0.90000000000000002 0 0.65000000000000002 1 90 0 68
413 100 1 1 0.84999999999999998 -0.14999999999999999 0.90000000000000002 0 0.65000000000000002 1 180 0 32
413 100 1 1 0.84999999999999998 -0.14999999999999999 0.90000000000000002 0 0.65000000000000002 1 180 0 68
414 100 1 1 0.84999999999999998 -0.14999999999999999 0.90000000000000002 0 0.86602540378443871 0.34999999999999998 0 0 32
414 100 1 1 0.84999999999999998 -0.14999999999999999 0.90000000000000002 0 0.86602540378443871 0.34999999999999998 0 0 68
415 100 1 1 0.84999999999999998 -0.14999999999999999 0.90000000000000002 0 0.86602540378443871 0.34999999999999998 90 0 32
415 100 1 1 0.84999999999999998 -0.14999999999999999 0.90000000000000002 0 0.86602540378443871 0.34999999999999998 90 0 68
416 100 1 1 0.84999999999999998 -0.14999999999999999 0.90000000000000002 0 0.86602540378443871 0.34999999999999998 180 0 32
416 100 1 1 0.84999999999999998 -0.14999999999999999 0.90000000000000002 0 0.86602540378443871 0.34999999999999998 180 0 68
417 100 1 1 0.84999999999999998 -0.14999999999999999 0.90000000000000002 0 0.86602540378443871 0.69999999999999996 0 0 32
417 100 1 1 0.84999999999999998 -0.14999999999999999 0.90000000000000002 0 0.86602540378443871 0.69999999999999996 0 0 68
418 100 1 1 0.84999999999999998 -0.14999999999999999 0.90000000000000002 0 0.86602540378443871 0.69999999999999996 90 0 32
418 100 1 1 0.84999999999999998 -0.14999999999999999 0.90000000000000002 0 0.86602540378443871 0.69999999999999996 90 0 68
419 100 1 1 0.84999999999999998 -0.14999999999999999 0.90000000000000002 0 0.86602540378443871 0.69999999999999996 180 0 32
419 100 1 1 0.84999999999999998 -0.14999999999999999 0.90000000000000002 0 0.86602540378443871 0.69999999999999996 180 0 68
420 100 1 1 0.84999999999999998 -0.14999999999999999 0.90000000000000002 0 0.86602540378443871 1 0 0 32
420 100 1 1 0.84999999999999998 -0.14999999999999999 0.90000000000000002 0 0.86602540378443871 1 0 0 68
421 100 1 1 0.84999999999999998 -0.14999999999999999 0.90000000000000002 0 0.86602540378443871 1 90 0 32
421 100 1 1 0.84999999999999998 -0.14999999999999999 0.90000000000000002 0 0.86602540378443871 1 90 0 68
422 100 1 1 0.84999999999999998 -0.14999999999999999 0.90000000000000002 0 0.86602540378443871 1 180 0 32
422 100 1 1 0.84999999999999998 -0.14999999999999999 0.90000000000000002 0 0.86602540378443871 1 180 0 68
423 100 1 1 0.84999999999999998 -0.14999999999999999 0.90000000000000002 0 0.97999999999999998 0.34999999999999998 0 0 32
423 100 1 1 0.84999999999999998 -0.14999999999999999 0.90000000000000002 0 0.97999999999999998 0.34999999999999998 0 0 68
424 100 1 1 0.84999999999999998 -0.14999999999999999 0.90000000000000002 0 0.97999999999999998 0.34999999999999998 90 0 32
424 100 1 1 0.84999999999999998 -0.14999999999999999 0.90000000000000002 0 0.97999999999999998 0.34999999999999998 90 0 68
425 100 1 1 0.84999999999999998 -0.14999999999999999 0.90000000000000002 0 0.97999999999999998 0.34999999999999998 180 0 32
425 100 1 1 0.84999999999999998 -0.14999999999999999 0.90000000000000002 0 0.97999999999999998 0.34999999999999998 180 0 68
426 100 1 1 0.84999999999999998 -0.14999999999999999 0.90000000000000002 0 0.97999999999999998 0.69999999999999996 0 0 32
426 100 1 1 0.84999999999999998 -0.14999999999999999 0.90000000000000002 0 0.97999999999999998 0.69999999999999996 0 0 68
427 100 1 1 0.84999999999999998 -0.14999999999999999 0.90000000000000002 0 0.97999999999999998 0.69999999999999996 90 0 32
427 100 1 1 0.84999999999999998 -0.14999999999999999 0.90000000000000002 0 0.97999999999999998 0.69999999999999996 90 0 68
428 100 1 1 0.84999999999999998 -0.14999999999999999 0.90000000000000002 0 0.97999999999999998 0.69999999999999996 180 0 32
428 100 1 1 0.84999999999999998 -0.14999999999999999 0.90000000000000002 0 0.97999999999999998 0.69999999999999996 180 0 68
429 100 1 1 0.84999999999999998 -0.14999999999999999 0.90000000000000002 0 0.97999999999999998 1 0 0 32
429 100 1 1 0.84999999999999998 -0.14999999999999999 0.90000000000000002 0 0.97999999999999998 1 0 0 68
430 100 1 1 0.84999999999999998 -0.14999999999999999 0.90000000000000002 0 0.97999999999999998 1 90 0 32
430 100 1 1 0.84999999999999998 -0.14999999999999999 0.90000000000000002 0 0.97999999999999998 1 90 0 68
431 100 1 1 0.84999999999999998 -0.14999999999999999 0.90000000000000002 0 0.97999999999999998 1 180 0 32
431 100 1 1 0.84999999999999998 -0.14999999999999999 0.90000000000000002 0 0.97999999999999998 1 180 0 68
432 0.029999999999999999 1 1 0.75 -0.10000000000000001 0.90000000000000002 0 0.14999999999999999 0.34999999999999998 0 0 32
432 0.029999999999999999 1 1 0.75 -0.10000000000000001 0.90000000000000002 0 0.14999999999999999 0.34999999999999998 0 0 68
433 0.029999999999999999 1 1 0.75 -0.10000000000000001 0.90000000000000002 0 0.14999999999999999 0.34999999999999998 90 0 32
433 0.029999999999999999 1 1 0.75 -0.10000000000000001 0.90000000000000002 0 0.14999999999999999 0.34999999999999998 90 0 68
434 0.029999999999999999 1 1 0.75 -0.10000000000000001 0.90000000000000002 0 0.14999999999999999 0.34999999999999998 180 0 32
434 0.029999999999999999 1 1 0.75 -0.10000000000000001 0.90000000000000002 0 0.14999999999999999 0.34999999999999998 180 0 68
435 0.029999999999999999 1 1 0.75 -0.10000000000000001 0.90000000000000002 0 0.14999999999999999 0.69999999999999996 0 0 32
435 0.029999999999999999 1 1 0.75 -0.10000000000000001 0.90000000000000002 0 0.14999999999999999 0.69999999999999996 0 0 68
436 0.029999999999999999 1 1 0.75 -0.10000000000000001 0.90000000000000002 0 0.14999999999999999 0.69999999999999996 90 0 32
436 0.029999999999999999 1 1 0.75 -0.10000000000000001 0.90000000000000002 0 0.14999999999999999 0.69999999999999996 90 0 68
437 0.029999999999999999 1 1 0.75 -0.10000000000000001 0.90000000000000002 0 0.14999999999999999 0.69999999999999996 180 0 32
437 0.029999999999999999 1 1 0.75 -0.10000000000000001 0.90000000000000002 0 0.14999999999999999 0.69999999999999996 180 0 68
438 0.029999999999999999 1 1 0.75 -0.10000000000000001 0.90000000000000002 0 0.14999999999999999 1 0 0 32
438 0.029999999999999999 1 1 0.75 -0.10000000000000001 0.90000000000000002 0 0.14999999999999999 1 0 0 68
439 0.029999999999999999 1 1 0.75 -0.10000000000000001 0.90000000000000002 0 0.14999999999999999 1 90 0 32
439 0.029999999999999999 1 1 0.75 -0.10000000000000001 0.90000000000000002 0 0.14999999999999999 1 90 0 68
440 0.029999999999999999 1 1 0.75 -0.10000000000000001 0.90000000000000002 0 0.14999999999999999 1 180 0 32
440 0.029999999999999999 1 1 0.75 -0.10000000000000001 0.90000000000000002 0 0.14999999999999999 1 180 0 68
441 0.029999999999999999 1 1 0.75 -0.10000000000000001 0.90000000000000002 0 0.29999999999999999 0.34999999999999998 0 0 32
441 0.029999999999999999 1 1 0.75 -0.10000000000000001 0.90000000000000002 0 0.29999999999999999 0.34999999999999998 0 0 68
442 0.029999999999999999 1 1 0.75 -0.10000000000000001 0.90000000000000002 0 0.29999999999999999 0.34999999999999998 90 0 32
442 0.029999999999999999 1 1 0.75 -0.10000000000000001 0.90000000000000002 0 0.29999999999999999 0.34999999999999998 90 0 68
443 0.029999999999999999 1 1 0.75 -0.10000000000000001 0.90000000000000002 0 0.29999999999999999 0.34999999999999998 180 0 32
443 0.029999999999999999 1 1 0.75 -0.10000000000000001 0.90000000000000002 0 0.29999999999999999 0.34999999999999998 180 0 68
444 0.029999999999999999 1 1 0.75 -0.10000000000000001 0.90000000000000002 0 0.29999999999999999 0.69999999999999996 0 0 32
444 0.029999999999999999 1 1 0.75 -0.10000000000000001 0.90000000000000002 0 0.29999999999999999 0.69999999999999996 0 0 68
445 0.029999999999999999 1 1 0.75 -0.10000000000000001 0.90000000000000002 0 0.29999999999999999 0.69999999999999996 90 0 32
445 0.029999999999999999 1 1 0.75 -0.10000000000000001 0.90000000000000002 0 0.29999999999999999 0.69999999999999996 90 0 68
446 0.029999999999999999 1 1 0.75 -0.10000000000000001 0.90000000000000002 0 0.29999999999999999 0.69999999999999996 180 0 32
446 0.029999999999999999 1 1 0.75 -0.10000000000000001 0.90000000000000002 0 0.29999999999999999 0.69999999999999996 180 0 68
447 0.029999999999999999 1 1 0.75 -0.10000000000000001 0.90000000000000002 0 0.29999999999999999 1 0 0 32
447 0.029999999999999999 1 1 0.75 -0.10000000000000001 0.90000000000000002 0 0.29999999999999999 1 0 0 68
448 0.029999999999999999 1 1 0.75 -0.10000000000000001 0.90000000000000002 0 0.29999999999999999 1 90 0 32
448 0.029999999999999999 1 1 0.75 -0.10000000000000001 0.90000000000000002 0 0.29999999999999999 1 90 0 68
449 0.029999999999999999 1 1 0.75 -0.10000000000000001 0.90000000000000002 0 0.29999999999999999 1 180 0 32
449 0.029999999999999999 1 1 0.75 -0.10000000000000001 0.90000000000000002 0 0.29999999999999999 1 180 0 68
450 0.029999999999999999 1 1 0.75 -0.10000000000000001 0.90000000000000002 0 0.42261826174069944 0.34999999999999998 0 0 32
450 0.029999999999999999 1 1 0.75 -0.10000000000000001 0.90000000000000002 0 0.42261826174069944 0.34999999999999998 0 0 68
451 0.029999999999999999 1 1 0.75 -0.10000000000000001 0.90000000000000002 0 0.42261826174069944 0.34999999999999998 90 0 32
451 0.029999999999999999 1 1 0.75 -0.10000000000000001 0.90000000000000002 0 0.42261826174069944 0.34999999999999998 90 0 68
452 0.029999999999999999 1 1 0.75 -0.10000000000000001 0.90000000000000002 0 0.42261826174069944 0.34999999999999998 180 0 32
452 0.029999999999999999 1 1 0.75 -0.10000000000000001 0.90000000000000002 0 0.42261826174069944 0.34999999999999998 180 0 68
453 0.029999999999999999 1 1 0.75 -0.10000000000000001 0.90000000000000002 0 0.42261826174069944 0.69999999999999996 0 0 32
453 0.029999999999999999 1 1 0.75 -0.10000000000000001 0.90000000000000002 0 0.42261826174069944 0.69999999999999996 0 0 68
454 0.029999999999999999 1 1 0.75 -0.10000000000000001 0.90000000000000002 0 0.42261826174069944 0.69999999999999996 90 0 32
454 0.029999999999999999 1 1 0.75 -0.10000000000000001 0.90000000000000002 0 0.42261826174069944 0.69999999999999996 90 0 68
455 0.029999999999999999 1 1 0.75 -0.10000000000000001 0.90000000000000002 0 0.42261826174069944 0.69999999999999996 180 0 32
455 0.029999999999999999 1 1 0.75 -0.10000000000000001 0.90000000000000002 0 0.42261826174069944 0.69999999999999996 180 0 68
456 0.029999999999999999 1 1 0.75 -0.10000000000000001 0.90000000000000002 0 0.42261826174069944 1 0 0 32
456 0.029999999999999999 1 1 0.75 -0.10000000000000001 0.90000000000000002 0 0.42261826174069944 1 0 0 68
457 0.029999999999999999 1 1 0.75 -0.10000000000000001 0.90000000000000002 0 0.42261826174069944 1 90 0 32
457 0.029999999999999999 1 1 0.75 -0.10000000000000001 0.90000000000000002 0 0.42261826174069944 1 90 0 68
458 0.029999999999999999 1 1 0.75 -0.10000000000000001 0.90000000000000002 0 0.42261826174069944 1 180 0 32
458 0.029999999999999999 1 1 0.75 -0.10000000000000001 0.90000000000000002 0 0.42261826174069944 1 180 0 68
459 0.029999999999999999 1 1 0.75 -0.10000000000000001 0.90000000000000002 0 0.65000000000000002 0.34999999999999998 0 0 32
459 0.029999999999999999 1 1 0.75 -0.10000000000000001 0.90000000000000002 0 0.65000000000000002 0.34999999999999998 0 0 68
460 0.029999999999999999 1 1 0.75 -0.10000000000000001 0.90000000000000002 0 0.65000000000000002 0.34999999999999998 90 0 32
460 0.029999999999999999 1 1 0.75 -0.10000000000000001 0.90000000000000002 0 0.65000000000000002 0.34999999999999998 90 0 68
461 0.029999999999999999 1 1 0.75 -0.10000000000000001 0.90000000000000002 0 0.65000000000000002 0.34999999999999998 180 0 32
461 0.029999999999999999 1 1 0.75 -0.10000000000000001 0.90000000000000002 0 0.65000000000000002 0.34999999999999998 180 0 68
462 0.029999999999999999 1 1 0.75 -0.10000000000000001 0.90000000000000002 0 0.65000000000000002 0.69999999999999996 0 0 32
462 0.029999999999999999 1 1 0.75 -0.10000000000000001 0.90000000000000002 0 0.65000000000000002 0.69999999999999996 0 0 68
463 0.029999999999999999 1 1 0.75 -0.10000000000000001 0.90000000000000002 0 0.65000000000000002 0.69999999999999996 90 0 32
463 0.029999999999999999 1 1 0.75 -0.10000000000000001 0.90000000000000002 0 0.65000000000000002 0.69999999999999996 90 0 68
464 0.029999999999999999 1 1 0.75 -0.10000000000000001 0.90000000000000002 0 0.65000000000000002 0.69999999999999996 180 0 32
464 0.029999999999999999 1 1 0.75 -0.10000000000000001 0.90000000000000002 0 0.65000000000000002 0.69999999999999996 180 0 68
465 0.029999999999999999 1 1 0.75 -0.10000000000000001 0.90000000000000002 0 0.65000000000000002 1 0 0 32
465 0.029999999999999999 1 1 0.75 -0.10000000000000001 0.90000000000000002 0 0.65000000000000002 1 0 0 68
466 0.029999999999999999 1 1 0.75 -0.10000000000000001 0.90000000000000002 0 0.65000000000000002 1 90 0 32
466 0.029999999999999999 1 1 0.75 -0.10000000000000001 0.90000000000000002 0 0.65000000000000002 1 90 0 68
467 0.029999999999999999 1 1 0.75 -0.10000000000000001 0.90000000000000002 0 0.65000000000000002 1 180 0 32
467 0.029999999999999999 1 1 0.75 -0.10000000000000001 0.90000000000000002 0 0.65000000000000002 1 180 0 68
468 0.029999999999999999 1 1 0.75 -0.10000000000000001 0.90000000000000002 0 0.86602540378443871 0.34999999999999998 0 0 32
468 0.029999999999999999 1 1 0.75 -0.10000000000000001 0.90000000000000002 0 0.86602540378443871 0.34999999999999998 0 0 68
469 0.029999999999999999 1 1 0.75 -0.10000000000000001 0.90000000000000002 0 0.86602540378443871 0.34999999999999998 90 0 32
469 0.029999999999999999 1 1 0.75 -0.10000000000000001 0.90000000000000002 0 0.86602540378443871 0.34999999999999998 90 0 68
470 0.029999999999999999 1 1 0.75 -0.10000000000000001 0.90000000000000002 0 0.86602540378443871 0.34999999999999998 180 0 32
470 0.029999999999999999 1 1 0.75 -0.10000000000000001 0.90000000000000002 0 0.86602540378443871 0.34999999999999998 180 0 68
471 0.029999999999999999 1 1 0.75 -0.10000000000000001 0.90000000000000002 0 0.86602540378443871 0.69999999999999996 0 0 32
471 0.029999999999999999 1 1 0.75 -0.10000000000000001 0.90000000000000002 0 0.86602540378443871 0.69999999999999996 0 0 68
472 0.029999999999999999 1 1 0.75 -0.10000000000000001 0.90000000000000002 0 0.86602540378443871 0.69999999999999996 90 0 32
472 0.029999999999999999 1 1 0.75 -0.10000000000000001 0.90000000000000002 0 0.86602540378443871 0.69999999999999996 90 0 68
473 0.029999999999999999 1 1 0.75 -0.10000000000000001 0.90000000000000002 0 0.86602540378443871 0.69999999999999996 180 0 32
473 0.029999999999999999 1 1 0.75 -0.10000000000000001 0.90000000000000002 0 0.86602540378443871 0.69999999999999996 180 0 68
474 0.029999999999999999 1 1 0.75 -0.10000000000000001 0.90000000000000002 0 0.86602540378443871 1 0 0 32
474 0.029999999999999999 1 1 0.75 -0.10000000000000001 0.90000000000000002 0 0.86602540378443871 1 0 0 68
475 0.029999999999999999 1 1 0.75 -0.10000000000000001 0.90000000000000002 0 0.86602540378443871 1 90 0 32
475 0.029999999999999999 1 1 0.75 -0.10000000000000001 0.90000000000000002 0 0.86602540378443871 1 90 0 68
476 0.029999999999999999 1 1 0.75 -0.10000000000000001 0.90000000000000002 0 0.86602540378443871 1 180 0 32
476 0.029999999999999999 1 1 0.75 -0.10000000000000001 0.90000000000000002 0 0.86602540378443871 1 180 0 68
477 0.029999999999999999 1 1 0.75 -0.10000000000000001 0.90000000000000002 0 0.97999999999999998 0.34999999999999998 0 0 32
477 0.029999999999999999 1 1 0.75 -0.10000000000000001 0.90000000000000002 0 0.97999999999999998 0.34999999999999998 0 0 68
478 0.029999999999999999 1 1 0.75 -0.10000000000000001 0.90000000000000002 0 0.97999999999999998 0.34999999999999998 90 0 32
478 0.029999999999999999 1 1 0.75 -0.10000000000000001 0.90000000000000002 0 0.97999999999999998 0.34999999999999998 90 0 68
479 0.029999999999999999 1 1 0.75 -0.10000000000000001 0.90000000000000002 0 0.97999999999999998 0.34999999999999998 180 0 32
479 0.029999999999999999 1 1 0.75 -0.10000000000000001 0.90000000000000002 0 0.97999999999999998 0.34999999999999998 180 0 68
480 0.029999999999999999 1 1 0.75 -0.10000000000000001 0.90000000000000002 0 0.97999999999999998 0.69999999999999996 0 0 32
480 0.029999999999999999 1 1 0.75 -0.10000000000000001 0.90000000000000002 0 0.97999999999999998 0.69999999999999996 0 0 68
481 0.029999999999999999 1 1 0.75 -0.10000000000000001 0.90000000000000002 0 0.97999999999999998 0.69999999999999996 90 0 32
481 0.029999999999999999 1 1 0.75 -0.10000000000000001 0.90000000000000002 0 0.97999999999999998 0.69999999999999996 90 0 68
482 0.029999999999999999 1 1 0.75 -0.10000000000000001 0.90000000000000002 0 0.97999999999999998 0.69999999999999996 180 0 32
482 0.029999999999999999 1 1 0.75 -0.10000000000000001 0.90000000000000002 0 0.97999999999999998 0.69999999999999996 180 0 68
483 0.029999999999999999 1 1 0.75 -0.10000000000000001 0.90000000000000002 0 0.97999999999999998 1 0 0 32
483 0.029999999999999999 1 1 0.75 -0.10000000000000001 0.90000000000000002 0 0.97999999999999998 1 0 0 68
484 0.029999999999999999 1 1 0.75 -0.10000000000000001 0.90000000000000002 0 0.97999999999999998 1 90 0 32
484 0.029999999999999999 1 1 0.75 -0.10000000000000001 0.90000000000000002 0 0.97999999999999998 1 90 0 68
485 0.029999999999999999 1 1 0.75 -0.10000000000000001 0.90000000000000002 0 0.97999999999999998 1 180 0 32
485 0.029999999999999999 1 1 0.75 -0.10000000000000001 0.90000000000000002 0 0.97999999999999998 1 180 0 68
486 0.10000000000000001 1 1 0.75 -0.10000000000000001 0.90000000000000002 0 0.14999999999999999 0.34999999999999998 0 0 32
486 0.10000000000000001 1 1 0.75 -0.10000000000000001 0.90000000000000002 0 0.14999999999999999 0.34999999999999998 0 0 68
487 0.10000000000000001 1 1 0.75 -0.10000000000000001 0.90000000000000002 0 0.14999999999999999 0.34999999999999998 90 0 32
487 0.10000000000000001 1 1 0.75 -0.10000000000000001 0.90000000000000002 0 0.14999999999999999 0.34999999999999998 90 0 68
488 0.10000000000000001 1 1 0.75 -0.10000000000000001 0.90000000000000002 0 0.14999999999999999 0.34999999999999998 180 0 32
488 0.10000000000000001 1 1 0.75 -0.10000000000000001 0.90000000000000002 0 0.14999999999999999 0.34999999999999998 180 0 68
489 0.10000000000000001 1 1 0.75 -0.10000000000000001 0.90000000000000002 0 0.14999999999999999 0.69999999999999996 0 0 32
489 0.10000000000000001 1 1 0.75 -0.10000000000000001 0.90000000000000002 0 0.14999999999999999 0.69999999999999996 0 0 68
490 0.10000000000000001 1 1 0.75 -0.10000000000000001 0.90000000000000002 0 0.14999999999999999 0.69999999999999996 90 0 32
490 0.10000000000000001 1 1 0.75 -0.10000000000000001 0.90000000000000002 0 0.14999999999999999 0.69999999999999996 90 0 68
491 0.10000000000000001 1 1 0.75 -0.10000000000000001 0.90000000000000002 0 0.14999999999999999 0.69999999999999996 180 0 32
491 0.10000000000000001 1 1 0.75 -0.10000000000000001 0.90000000000000002 0 0.14999999999999999 0.69999999999999996 180 0 68
492 0.10000000000000001 1 1 0.75 -0.10000000000000001 0.90000000000000002 0 0.14999999999999999 1 0 0 32
492 0.10000000000000001 1 1 0.75 -0.10000000000000001 0.90000000000000002 0 0.14999999999999999 1 0 0 68
493 0.10000000000000001 1 1 0.75 -0.10000000000000001 0.90000000000000002 0 0.14999999999999999 1 90 0 32
493 0.10000000000000001 1 1 0.75 -0.10000000000000001 0.90000000000000002 0 0.14999999999999999 1 90 0 68
494 0.10000000000000001 1 1 0.75 -0.10000000000000001 0.90000000000000002 0 0.14999999999999999 1 180 0 32
494 0.10000000000000001 1 1 0.75 -0.10000000000000001 0.90000000000000002 0 0.14999999999999999 1 180 0 68
495 0.10000000000000001 1 1 0.75 -0.10000000000000001 0.90000000000000002 0 0.29999999999999999 0.34999999999999998 0 0 32
495 0.10000000000000001 1 1 0.75 -0.10000000000000001 0.90000000000000002 0 0.29999999999999999 0.34999999999999998 0 0 68
496 0.10000000000000001 1 1 0.75 -0.10000000000000001 0.90000000000000002 0 0.29999999999999999 0.34999999999999998 90 0 32
496 0.10000000000000001 1 1 0.75 -0.10000000000000001 0.90000000000000002 0 0.29999999999999999 0.34999999999999998 90 0 68
497 0.10000000000000001 1 1 0.75 -0.10000000000000001 0.90000000000000002 0 0.29999999999999999 0.34999999999999998 180 0 32
497 0.10000000000000001 1 1 0.75 -0.10000000000000001 0.90000000000000002 0 0.29999999999999999 0.34999999999999998 180 0 68
498 0.10000000000000001 1 1 0.75 -0.10000000000000001 0.90000000000000002 0 0.29999999999999999 0.69999999999999996 0 0 32
498 0.10000000000000001 1 1 0.75 -0.10000000000000001 0.90000000000000002 0 0.29999999999999999 0.69999999999999996 0 0 68
499 0.10000000000000001 1 1 0.75 -0.10000000000000001 0.90000000000000002 0 0.29999999999999999 0.69999999999999996 90 0 32
499 0.10000000000000001 1 1 0.75 -0.10000000000000001 0.90000000000000002 0 0.29999999999999999 0.69999999999999996 90 0 68
500 0.10000000000000001 1 1 0.75 -0.10000000000000001 0.90000000000000002 0 0.29999999999999999 0.69999999999999996 180 0 32
500 0.10000000000000001 1 1 0.75 -0.10000000000000001 0.90000000000000002 0 0.29999999999999999 0.69999999999999996 180 0 68
501 0.10000000000000001 1 1 0.75 -0.10000000000000001 0.90000000000000002 0 0.29999999999999999 1 0 0 32
501 0.10000000000000001 1 1 0.75 -0.10000000000000001 0.90000000000000002 0 0.29999999999999999 1 0 0 68
502 0.10000000000000001 1 1 0.75 -0.10000000000000001 0.90000000000000002 0 0.29999999999999999 1 90 0 32
502 0.10000000000000001 1 1 0.75 -0.10000000000000001 0.90000000000000002 0 0.29999999999999999 1 90 0 68
503 0.10000000000000001 1 1 0.75 -0.10000000000000001 0.90000000000000002 0 0.29999999999999999 1 180 0 32
503 0.10000000000000001 1 1 0.75 -0.10000000000000001 0.90000000000000002 0 0.29999999999999999 1 180 0 68
504 0.10000000000000001 1 1 0.75 -0.10000000000000001 0.90000000000000002 0 0.42261826174069944 0.34999999999999998 0 0 32
504 0.10000000000000001 1 1 0.75 -0.10000000000000001 0.90000000000000002 0 0.42261826174069944 0.34999999999999998 0 0 68
505 0.10000000000000001 1 1 0.75 -0.10000000000000001 0.90000000000000002 0 0.42261826174069944 0.34999999999999998 90 0 32
505 0.10000000000000001 1 1 0.75 -0.10000000000000001 0.90000000000000002 0 0.42261826174069944 0.34999999999999998 90 0 68
506 0.10000000000000001 1 1 0.75 -0.10000000000000001 0.90000000000000002 0 0.42261826174069944 0.34999999999999998 180 0 32
506 0.10000000000000001 1 1 0.75 -0.10000000000000001 0.90000000000000002 0 0.42261826174069944 0.34999999999999998 180 0 68
507 0.10000000000000001 1 1 0.75 -0.10000000000000001 0.90000000000000002 0 0.42261826174069944 0.69999999999999996 0 0 32
507 0.10000000000000001 1 1 0.75 -0.10000000000000001 0.90000000000000002 0 0.42261826174069944 0.69999999999999996 0 0 68
508 0.10000000000000001 1 1 0.75 -0.10000000000000001 0.90000000000000002 0 0.42261826174069944 0.69999999999999996 90 0 32
508 0.10000000000000001 1 1 0.75 -0.10000000000000001 0.90000000000000002 0 0.42261826174069944 0.69999999999999996 90 0 68
509 0.10000000000000001 1 1 0.75 -0.10000000000000001 0.90000000000000002 0 0.42261826174069944 0.69999999999999996 180 0 32
509 0.10000000000000001 1 1 0.75 -0.10000000000000001 0.90000000000000002 0 0.42261826174069944 0.69999999999999996 180 0 68
510 0.10000000000000001 1 1 0.75 -0.10000000000000001 0.90000000000000002 0 0.42261826174069944 1 0 0 32
510 0.10000000000000001 1 1 0.75 -0.10000000000000001 0.90000000000000002 0 0.42261826174069944 1 0 0 68
511 0.10000000000000001 1 1 0.75 -0.10000000000000001 0.90000000000000002 0 0.42261826174069944 1 90 0 32
511 0.10000000000000001 1 1 0.75 -0.10000000000000001 0.90000000000000002 0 0.42261826174069944 1 90 0 68
512 0.10000000000000001 1 1 0.75 -0.10000000000000001 0.90000000000000002 0 0.42261826174069944 1 180 0 32
512 0.10000000000000001 1 1 0.75 -0.10000000000000001 0.90000000000000002 0 0.42261826174069944 1 180 0 68
513 0.10000000000000001 1 1 0.75 -0.10000000000000001 0.90000000000000002 0 0.65000000000000002 0.34999999999999998 0 0 32
513 0.10000000000000001 1 1 0.75 -0.10000000000000001 0.90000000000000002 0 0.65000000000000002 0.34999999999999998 0 0 68
514 0.10000000000000001 1 1 0.75 -0.10000000000000001 0.90000000000000002 0 0.65000000000000002 0.34999999999999998 90 0 32
514 0.10000000000000001 1 1 0.75 -0.10000000000000001 0.90000000000000002 0 0.65000000000000002 0.34999999999999998 90 0 68
515 0.10000000000000001 1 1 0.75 -0.10000000000000001 0.90000000000000002 0 0.65000000000000002 0.34999999999999998 180 0 32
515 0.10000000000000001 1 1 0.75 -0.10000000000000001 0.90000000000000002 0 0.65000000000000002 0.34999999999999998 180 0 68
516 0.10000000000000001 1 1 0.75 -0.10000000000000001 0.90000000000000002 0 0.65000000000000002 0.69999999999999996 0 0 32
516 0.10000000000000001 1 1 0.75 -0.10000000000000001 0.90000000000000002 0 0.65000000000000002 0.69999999999999996 0 0 68
517 0.10000000000000001 1 1 0.75 -0.10000000000000001 0.90000000000000002 0 0.65000000000000002 0.69999999999999996 90 0 32
517 0.10000000000000001 1 1 0.75 -0.10000000000000001 0.90000000000000002 0 0.65000000000000002 0.69999999999999996 90 0 68
518 0.10000000000000001 1 1 0.75 -0.10000000000000001 0.90000000000000002 0 0.65000000000000002 0.69999999999999996 180 0 32
518 0.10000000000000001 1 1 0.75 -0.10000000000000001 0.90000000000000002 0 0.65000000000000002 0.69999999999999996 180 0 68
519 0.10000000000000001 1 1 0.75 -0.10000000000000001 0.90000000000000002 0 0.65000000000000002 1 0 0 32
519 0.10000000000000001 1 1 0.75 -0.10000000000000001 0.90000000000000002 0 0.65000000000000002 1 0 0 68
520 0.10000000000000001 1 1 0.75 -0.10000000000000001 0.90000000000000002 0 0.65000000000000002 1 90 0 32
520 0.10000000000000001 1 1 0.75 -0.10000000000000001 0.90000000000000002 0 0.65000000000000002 1 90 0 68
521 0.10000000000000001 1 1 0.75 -0.10000000000000001 0.90000000000000002 0 0.65000000000000002 1 180 0 32
521 0.10000000000000001 1 1 0.75 -0.10000000000000001 0.90000000000000002 0 0.65000000000000002 1 180 0 68
522 0.10000000000000001 1 1 0.75 -0.10000000000000001 0.90000000000000002 0 0.86602540378443871 0.34999999999999998 0 0 32
522 0.10000000000000001 1 1 0.75 -0.10000000000000001 0.90000000000000002 0 0.86602540378443871 0.34999999999999998 0 0 68
523 0.10000000000000001 1 1 0.75 -0.10000000000000001 0.90000000000000002 0 0.86602540378443871 0.34999999999999998 90 0 32
523 0.10000000000000001 1 1 0.75 -0.10000000000000001 0.90000000000000002 0 0.86602540378443871 0.34999999999999998 90 0 68
524 0.10000000000000001 1 1 0.75 -0.10000000000000001 0.90000000000000002 0 0.86602540378443871 0.34999999999999998 180 0 32
524 0.10000000000000001 1 1 0.75 -0.10000000000000001 0.90000000000000002 0 0.86602540378443871 0.34999999999999998 180 0 68
525 0.10000000000000001 1 1 0.75 -0.10000000000000001 0.90000000000000002 0 0.86602540378443871 0.69999999999999996 0 0 32
525 0.10000000000000001 1 1 0.75 -0.10000000000000001 0.90000000000000002 0 0.86602540378443871 0.69999999999999996 0 0 68
526 0.10000000000000001 1 1 0.75 -0.10000000000000001 0.90000000000000002 0 0.86602540378443871 0.69999999999999996 90 0 32
526 0.10000000000000001 1 1 0.75 -0.10000000000000001 0.90000000000000002 0 0.86602540378443871 0.69999999999999996 90 0 68
527 0.10000000000000001 1 1 0.75 -0.10000000000000001 0.90000000000000002 0 0.86602540378443871 0.69999999999999996 180 0 32
527 0.10000000000000001 1 1 0.75 -0.10000000000000001 0.90000000000000002 0 0.86602540378443871 0.69999999999999996 180 0 68
528 0.10000000000000001 1 1 0.75 -0.10000000000000001 0.90000000000000002 0 0.86602540378443871 1 0 0 32
528 0.10000000000000001 1 1 0.75 -0.10000000000000001 0.90000000000000002 0 0.86602540378443871 1 0 0 68
529 0.10000000000000001 1 1 0.75 -0.10000000000000001 0.90000000000000002 0 0.86602540378443871 1 90 0 32
529 0.10000000000000001 1 1 0.75 -0.10000000000000001 0.90000000000000002 0 0.86602540378443871 1 90 0 68
530 0.10000000000000001 1 1 0.75 -0.10000000000000001 0.90000000000000002 0 0.86602540378443871 1 180 0 32
530 0.10000000000000001 1 1 0.75 -0.10000000000000001 0.90000000000000002 0 0.86602540378443871 1 180 0 68
531 0.10000000000000001 1 1 0.75 -0.10000000000000001 0.90000000000000002 0 0.97999999999999998 0.34999999999999998 0 0 32
531 0.10000000000000001 1 1 0.75 -0.10000000000000001 0.90000000000000002 0 0.97999999999999998 0.34999999999999998 0 0 68
532 0.10000000000000001 1 1 0.75 -0.10000000000000001 0.90000000000000002 0 0.97999999999999998 0.34999999999999998 90 0 32
532 0.10000000000000001 1 1 0.75 -0.10000000000000001 0.90000000000000002 0 0.97999999999999998 0.34999999999999998 90 0 68
533 0.10000000000000001 1 1 0.75 -0.10000000000000001 0.90000000000000002 0 0.97999999999999998 0.34999999999999998 180 0 32
533 0.10000000000000001 1 1 0.75 -0.10000000000000001 0.90000000000000002 0 0.97999999999999998 0.34999999999999998 180 0 68
534 0.10000000000000001 1 1 0.75 -0.10000000000000001 0.90000000000000002 0 0.97999999999999998 0.69999999999999996 0 0 32
534 0.10000000000000001 1 1 0.75 -0.10000000000000001 0.90000000000000002 0 0.97999999999999998 0.69999999999999996 0 0 68
535 0.10000000000000001 1 1 0.75 -0.10000000000000001 0.90000000000000002 0 0.97999999999999998 0.69999999999999996 90 0 32
535 0.10000000000000001 1 1 0.75 -0.10000000000000001 0.90000000000000002 0 0.97999999999999998 0.69999999999999996 90 0 68
536 0.10000000000000001 1 1 0.75 -0.10000000000000001 0.90000000000000002 0 0.97999999999999998 0.69999999999999996 180 0 32
536 0.10000000000000001 1 1 0.75 -0.10000000000000001 0.90000000000000002 0 0.97999999999999998 0.69999999999999996 180 0 68
537 0.10000000000000001 1 1 0.75 -0.10000000000000001 0.90000000000000002 0 0.97999999999999998 1 0 0 32
537 0.10000000000000001 1 1 0.75 -0.10000000000000001 0.90000000000000002 0 0.97999999999999998 1 0 0 68
538 0.10000000000000001 1 1 0.75 -0.10000000000000001 0.90000000000000002 0 0.97999999999999998 1 90 0 32
538 0.10000000000000001 1 1 0.75 -0.10000000000000001 0.90000000000000002 0 0.97999999999999998 1 90 0 68
539 0.10000000000000001 1 1 0.75 -0.10000000000000001 0.90000000000000002 0 0.97999999999999998 1 180 0 32
539 0.10000000000000001 1 1 0.75 -0.10000000000000001 0.90000000000000002 0 0.97999999999999998 1 180 0 68
540 0.29999999999999999 1 1 0.75 -0.10000000000000001 0.90000000000000002 0 0.14999999999999999 0.34999999999999998 0 0 32
540 0.29999999999999999 1 1 0.75 -0.10000000000000001 0.90000000000000002 0 0.14999999999999999 0.34999999999999998 0 0 68
541 0.29999999999999999 1 1 0.75 -0.10000000000000001 0.90000000000000002 0 0.14999999999999999 0.34999999999999998 90 0 32
541 0.29999999999999999 1 1 0.75 -0.10000000000000001 0.90000000000000002 0 0.14999999999999999 0.34999999999999998 90 0 68
542 0.29999999999999999 1 1 0.75 -0.10000000000000001 0.90000000000000002 0 0.14999999999999999 0.34999999999999998 180 0 32
542 0.29999999999999999 1 1 0.75 -0.10000000000000001 0.90000000000000002 0 0.14999999999999999 0.34999999999999998 180 0 68
543 0.29999999999999999 1 1 0.75 -0.10000000000000001 0.90000000000000002 0 0.14999999999999999 0.69999999999999996 0 0 32
543 0.29999999999999999 1 1 0.75 -0.10000000000000001 0.90000000000000002 0 0.14999999999999999 0.69999999999999996 0 0 68
544 0.29999999999999999 1 1 0.75 -0.10000000000000001 0.90000000000000002 0 0.14999999999999999 0.69999999999999996 90 0 32
544 0.29999999999999999 1 1 0.75 -0.10000000000000001 0.90000000000000002 0 0.14999999999999999 0.69999999999999996 90 0 68
545 0.29999999999999999 1 1 0.75 -0.10000000000000001 0.90000000000000002 0 0.14999999999999999 0.69999999999999996 180 0 32
545 0.29999999999999999 1 1 0.75 -0.10000000000000001 0.90000000000000002 0 0.14999999999999999 0.69999999999999996 180 0 68
546 0.29999999999999999 1 1 0.75 -0.10000000000000001 0.90000000000000002 0 0.14999999999999999 1 0 0 32
546 0.29999999999999999 1 1 0.75 -0.10000000000000001 0.90000000000000002 0 0.14999999999999999 1 0 0 68
547 0.29999999999999999 1 1 0.75 -0.10000000000000001 0.90000000000000002 0 0.14999999999999999 1 90 0 32
547 0.29999999999999999 1 1 0.75 -0.10000000000000001 0.90000000000000002 0 0.14999999999999999 1 90 0 68
548 0.29999999999999999 1 1 0.75 -0.10000000000000001 0.90000000000000002 0 0.14999999999999999 1 180 0 32
548 0.29999999999999999 1 1 0.75 -0.10000000000000001 0.90000000000000002 0 0.14999999999999999 1 180 0 68
549 0.29999999999999999 1 1 0.75 -0.10000000000000001 0.90000000000000002 0 0.29999999999999999 0.34999999999999998 0 0 32
549 0.29999999999999999 1 1 0.75 -0.10000000000000001 0.90000000000000002 0 0.29999999999999999 0.34999999999999998 0 0 68
550 0.29999999999999999 1 1 0.75 -0.10000000000000001 0.90000000000000002 0 0.29999999999999999 0.34999999999999998 90 0 32
550 0.29999999999999999 1 1 0.75 -0.10000000000000001 0.90000000000000002 0 0.29999999999999999 0.34999999999999998 90 0 68
551 0.29999999999999999 1 1 0.75 -0.10000000000000001 0.90000000000000002 0 0.29999999999999999 0.34999999999999998 180 0 32
551 0.29999999999999999 1 1 0.75 -0.10000000000000001 0.90000000000000002 0 0.29999999999999999 0.34999999999999998 180 0 68
552 0.29999999999999999 1 1 0.75 -0.10000000000000001 0.90000000000000002 0 0.29999999999999999 0.69999999999999996 0 0 32
552 0.29999999999999999 1 1 0.75 -0.10000000000000001 0.90000000000000002 0 0.29999999999999999 0.69999999999999996 0 0 68
553 0.29999999999999999 1 1 0.75 -0.10000000000000001 0.90000000000000002 0 0.29999999999999999 0.69999999999999996 90 0 32
553 0.29999999999999999 1 1 0.75 -0.10000000000000001 0.90000000000000002 0 0.29999999999999999 0.69999999999999996 90 0 68
554 0.29999999999999999 1 1 0.75 -0.10000000000000001 0.90000000000000002 0 0.29999999999999999 0.69999999999999996 180 0 32
554 0.29999999999999999 1 1 0.75 -0.10000000000000001 0.90000000000000002 0 0.29999999999999999 0.69999999999999996 180 0 68
555 0.29999999999999999 1 1 0.75 -0.10000000000000001 0.90000000000000002 0 0.29999999999999999 1 0 0 32
555 0.29999999999999999 1 1 0.75 -0.10000000000000001 0.90000000000000002 0 0.29999999999999999 1 0 0 68
556 0.29999999999999999 1 1 0.75 -0.10000000000000001 0.90000000000000002 0 0.29999999999999999 1 90 0 32
556 0.29999999999999999 1 1 0.75 -0.10000000000000001 0.90000000000000002 0 0.29999999999999999 1 90 0 68
557 0.29999999999999999 1 1 0.75 -0.10000000000000001 0.90000000000000002 0 0.29999999999999999 1 180 0 32
557 0.29999999999999999 1 1 0.75 -0.10000000000000001 0.90000000000000002 0 0.29999999999999999 1 180 0 68
558 0.29999999999999999 1 1 0.75 -0.10000000000000001 0.90000000000000002 0 0.42261826174069944 0.34999999999999998 0 0 32
558 0.29999999999999999 1 1 0.75 -0.10000000000000001 0.90000000000000002 0 0.42261826174069944 0.34999999999999998 0 0 68
559 0.29999999999999999 1 1 0.75 -0.10000000000000001 0.90000000000000002 0 0.42261826174069944 0.34999999999999998 90 0 32
559 0.29999999999999999 1 1 0.75 -0.10000000000000001 0.90000000000000002 0 0.42261826174069944 0.34999999999999998 90 0 68
560 0.29999999999999999 1 1 0.75 -0.10000000000000001 0.90000000000000002 0 0.42261826174069944 0.34999999999999998 180 0 32
560 0.29999999999999999 1 1 0.75 -0.10000000000000001 0.90000000000000002 0 0.42261826174069944 0.34999999999999998 180 0 68
561 0.29999999999999999 1 1 0.75 -0.10000000000000001 0.90000000000000002 0 0.42261826174069944 0.69999999999999996 0 0 32
561 0.29999999999999999 1 1 0.75 -0.10000000000000001 0.90000000000000002 0 0.42261826174069944 0.69999999999999996 0 0 68
562 0.29999999999999999 1 1 0.75 -0.10000000000000001 0.90000000000000002 0 0.42261826174069944 0.69999999999999996 90 0 32
562 0.29999999999999999 1 1 0.75 -0.10000000000000001 0.90000000000000002 0 0.42261826174069944 0.69999999999999996 90 0 68
563 0.29999999999999999 1 1 0.75 -0.10000000000000001 0.90000000000000002 0 0.42261826174069944 0.69999999999999996 180 0 32
563 0.29999999999999999 1 1 0.75 -0.10000000000000001 0.90000000000000002 0 0.42261826174069944 0.69999999999999996 180 0 68
564 0.29999999999999999 1 1 0.75 -0.10000000000000001 0.90000000000000002 0 0.42261826174069944 1 0 0 32
564 0.29999999999999999 1 1 0.75 -0.10000000000000001 0.90000000000000002 0 0.42261826174069944 1 0 0 68
565 0.29999999999999999 1 1 0.75 -0.10000000000000001 0.90000000000000002 0 0.42261826174069944 1 90 0 32
565 0.29999999999999999 1 1 0.75 -0.10000000000000001 0.90000000000000002 0 0.42261826174069944 1 90 0 68
566 0.29999999999999999 1 1 0.75 -0.10000000000000001 0.90000000000000002 0 0.42261826174069944 1 180 0 32
566 0.29999999999999999 1 1 0.75 -0.10000000000000001 0.90000000000000002 0 0.42261826174069944 1 180 0 68
567 0.29999999999999999 1 1 0.75 -0.10000000000000001 0.90000000000000002 0 0.65000000000000002 0.34999999999999998 0 0 32
567 0.29999999999999999 1 1 0.75 -0.10000000000000001 0.90000000000000002 0 0.65000000000000002 0.34999999999999998 0 0 68
568 0.29999999999999999 1 1 0.75 -0.10000000000000001 0.90000000000000002 0 0.65000000000000002 0.34999999999999998 90 0 32
568 0.29999999999999999 1 1 0.75 -0.10000000000000001 0.90000000000000002 0 0.65000000000000002 0.34999999999999998 90 0 68
569 0.29999999999999999 1 1 0.75 -0.10000000000000001 0.90000000000000002 0 0.65000000000000002 0.34999999999999998 180 0 32
569 0.29999999999999999 1 1 0.75 -0.10000000000000001 0.90000000000000002 0 0.65000000000000002 0.34999999999999998 180 0 68
570 0.29999999999999999 1 1 0.75 -0.10000000000000001 0.90000000000000002 0 0.65000000000000002 0.69999999999999996 0 0 32
570 0.29999999999999999 1 1 0.75 -0.10000000000000001 0.90000000000000002 0 0.65000000000000002 0.69999999999999996 0 0 68
571 0.29999999999999999 1 1 0.75 -0.10000000000000001 0.90000000000000002 0 0.65000000000000002 0.69999999999999996 90 0 32
571 0.29999999999999999 1 1 0.75 -0.10000000000000001 0.90000000000000002 0 0.65000000000000002 0.69999999999999996 90 0 68
572 0.29999999999999999 1 1 0.75 -0.10000000000000001 0.90000000000000002 0 0.65000000000000002 0.69999999999999996 180 0 32
572 0.29999999999999999 1 1 0.75 -0.10000000000000001 0.90000000000000002 0 0.65000000000000002 0.69999999999999996 180 0 68
573 0.29999999999999999 1 1 0.75 -0.10000000000000001 0.90000000000000002 0 0.65000000000000002 1 0 0 32
573 0.29999999999999999 1 1 0.75 -0.10000000000000001 0.90000000000000002 0 0.65000000000000002 1 0 0 68
574 0.29999999999999999 1 1 0.75 -0.10000000000000001 0.90000000000000002 0 0.65000000000000002 1 90 0 32
574 0.29999999999999999 1 1 0.75 -0.10000000000000001 0.90000000000000002 0 0.65000000000000002 1 90 0 68
575 0.29999999999999999 1 1 0.75 -0.10000000000000001 0.90000000000000002 0 0.65000000000000002 1 180 0 32
575 0.29999999999999999 1 1 0.75 -0.10000000000000001 0.90000000000000002 0 0.65000000000000002 1 180 0 68
576 0.29999999999999999 1 1 0.75 -0.10000000000000001 0.90000000000000002 0 0.86602540378443871 0.34999999999999998 0 0 32
576 0.29999999999999999 1 1 0.75 -0.10000000000000001 0.90000000000000002 0 0.86602540378443871 0.34999999999999998 0 0 68
577 0.29999999999999999 1 1 0.75 -0.10000000000000001 0.90000000000000002 0 0.86602540378443871 0.34999999999999998 90 0 32
577 0.29999999999999999 1 1 0.75 -0.10000000000000001 0.90000000000000002 0 0.86602540378443871 0.34999999999999998 90 0 68
578 0.29999999999999999 1 1 0.75 -0.10000000000000001 0.90000000000000002 0 0.86602540378443871 0.34999999999999998 180 0 32
578 0.29999999999999999 1 1 0.75 -0.10000000000000001 0.90000000000000002 0 0.86602540378443871 0.34999999999999998 180 0 68
579 0.29999999999999999 1 1 0.75 -0.10000000000000001 0.90000000000000002 0 0.86602540378443871 0.69999999999999996 0 0 32
579 0.29999999999999999 1 1 0.75 -0.10000000000000001 0.90000000000000002 0 0.86602540378443871 0.69999999999999996 0 0 68
580 0.29999999999999999 1 1 0.75 -0.10000000000000001 0.90000000000000002 0 0.86602540378443871 0.69999999999999996 90 0 32
580 0.29999999999999999 1 1 0.75 -0.10000000000000001 0.90000000000000002 0 0.86602540378443871 0.69999999999999996 90 0 68
581 0.29999999999999999 1 1 0.75 -0.10000000000000001 0.90000000000000002 0 0.86602540378443871 0.69999999999999996 180 0 32
581 0.29999999999999999 1 1 0.75 -0.10000000000000001 0.90000000000000002 0 0.86602540378443871 0.69999999999999996 180 0 68
582 0.29999999999999999 1 1 0.75 -0.10000000000000001 0.90000000000000002 0 0.86602540378443871 1 0 0 32
582 0.29999999999999999 1 1 0.75 -0.10000000000000001 0.90000000000000002 0 0.86602540378443871 1 0 0 68
583 0.29999999999999999 1 1 0.75 -0.10000000000000001 0.90000000000000002 0 0.86602540378443871 1 90 0 32
583 0.29999999999999999 1 1 0.75 -0.10000000000000001 0.90000000000000002 0 0.86602540378443871 1 90 0 68
584 0.29999999999999999 1 1 0.75 -0.10000000000000001 0.90000000000000002 0 0.86602540378443871 1 180 0 32
584 0.29999999999999999 1 1 0.75 -0.10000000000000001 0.90000000000000002 0 0.86602540378443871 1 180 0 68
585 0.29999999999999999 1 1 0.75 -0.10000000000000001 0.90000000000000002 0 0.97999999999999998 0.34999999999999998 0 0 32
585 0.29999999999999999 1 1 0.75 -0.10000000000000001 0.90000000000000002 0 0.97999999999999998 0.34999999999999998 0 0 68
586 0.29999999999999999 1 1 0.75 -0.10000000000000001 0.90000000000000002 0 0.97999999999999998 0.34999999999999998 90 0 32
586 0.29999999999999999 1 1 0.75 -0.10000000000000001 0.90000000000000002 0 0.97999999999999998 0.34999999999999998 90 0 68
587 0.29999999999999999 1 1 0.75 -0.10000000000000001 0.90000000000000002 0 0.97999999999999998 0.34999999999999998 180 0 32
587 0.29999999999999999 1 1 0.75 -0.10000000000000001 0.90000000000000002 0 0.97999999999999998 0.34999999999999998 180 0 68
588 0.29999999999999999 1 1 0.75 -0.10000000000000001 0.90000000000000002 0 0.97999999999999998 0.69999999999999996 0 0 32
588 0.29999999999999999 1 1 0.75 -0.10000000000000001 0.90000000000000002 0 0.97999999999999998 0.69999999999999996 0 0 68
589 0.29999999999999999 1 1 0.75 -0.10000000000000001 0.90000000000000002 0 0.97999999999999998 0.69999999999999996 90 0 32
589 0.29999999999999999 1 1 0.75 -0.10000000000000001 0.90000000000000002 0 0.97999999999999998 0.69999999999999996 90 0 68
590 0.29999999999999999 1 1 0.75 -0.10000000000000001 0.90000000000000002 0 0.97999999999999998 0.69999999999999996 180 0 32
590 0.29999999999999999 1 1 0.75 -0.10000000000000001 0.90000000000000002 0 0.97999999999999998 0.69999999999999996 180 0 68
591 0.29999999999999999 1 1 0.75 -0.10000000000000001 0.90000000000000002 0 0.97999999999999998 1 0 0 32
591 0.29999999999999999 1 1 0.75 -0.10000000000000001 0.90000000000000002 0 0.97999999999999998 1 0 0 68
592 0.29999999999999999 1 1 0.75 -0.10000000000000001 0.90000000000000002 0 0.97999999999999998 1 90 0 32
592 0.29999999999999999 1 1 0.75 -0.10000000000000001 0.90000000000000002 0 0.97999999999999998 1 90 0 68
593 0.29999999999999999 1 1 0.75 -0.10000000000000001 0.90000000000000002 0 0.97999999999999998 1 180 0 32
593 0.29999999999999999 1 1 0.75 -0.10000000000000001 0.90000000000000002 0 0.97999999999999998 1 180 0 68
594 1 1 1 0.75 -0.10000000000000001 0.90000000000000002 0 0.14999999999999999 0.34999999999999998 0 0 32
594 1 1 1 0.75 -0.10000000000000001 0.90000000000000002 0 0.14999999999999999 0.34999999999999998 0 0 68
595 1 1 1 0.75 -0.10000000000000001 0.90000000000000002 0 0.14999999999999999 0.34999999999999998 90 0 32
595 1 1 1 0.75 -0.10000000000000001 0.90000000000000002 0 0.14999999999999999 0.34999999999999998 90 0 68
596 1 1 1 0.75 -0.10000000000000001 0.90000000000000002 0 0.14999999999999999 0.34999999999999998 180 0 32
596 1 1 1 0.75 -0.10000000000000001 0.90000000000000002 0 0.14999999999999999 0.34999999999999998 180 0 68
597 1 1 1 0.75 -0.10000000000000001 0.90000000000000002 0 0.14999999999999999 0.69999999999999996 0 0 32
597 1 1 1 0.75 -0.10000000000000001 0.90000000000000002 0 0.14999999999999999 0.69999999999999996 0 0 68
598 1 1 1 0.75 -0.10000000000000001 0.90000000000000002 0 0.14999999999999999 0.69999999999999996 90 0 32
598 1 1 1 0.75 -0.10000000000000001 0.90000000000000002 0 0.14999999999999999 0.69999999999999996 90 0 68
599 1 1 1 0.75 -0.10000000000000001 0.90000000000000002 0 0.14999999999999999 0.69999999999999996 180 0 32
599 1 1 1 0.75 -0.10000000000000001 0.90000000000000002 0 0.14999999999999999 0.69999999999999996 180 0 68
600 1 1 1 0.75 -0.10000000000000001 0.90000000000000002 0 0.14999999999999999 1 0 0 32
600 1 1 1 0.75 -0.10000000000000001 0.90000000000000002 0 0.14999999999999999 1 0 0 68
601 1 1 1 0.75 -0.10000000000000001 0.90000000000000002 0 0.14999999999999999 1 90 0 32
601 1 1 1 0.75 -0.10000000000000001 0.90000000000000002 0 0.14999999999999999 1 90 0 68
602 1 1 1 0.75 -0.10000000000000001 0.90000000000000002 0 0.14999999999999999 1 180 0 32
602 1 1 1 0.75 -0.10000000000000001 0.90000000000000002 0 0.14999999999999999 1 180 0 68
603 1 1 1 0.75 -0.10000000000000001 0.90000000000000002 0 0.29999999999999999 0.34999999999999998 0 0 32
603 1 1 1 0.75 -0.10000000000000001 0.90000000000000002 0 0.29999999999999999 0.34999999999999998 0 0 68
604 1 1 1 0.75 -0.10000000000000001 0.90000000000000002 0 0.29999999999999999 0.34999999999999998 90 0 32
604 1 1 1 0.75 -0.10000000000000001 0.90000000000000002 0 0.29999999999999999 0.34999999999999998 90 0 68
605 1 1 1 0.75 -0.10000000000000001 0.90000000000000002 0 0.29999999999999999 0.34999999999999998 180 0 32
605 1 1 1 0.75 -0.10000000000000001 0.90000000000000002 0 0.29999999999999999 0.34999999999999998 180 0 68
606 1 1 1 0.75 -0.10000000000000001 0.90000000000000002 0 0.29999999999999999 0.69999999999999996 0 0 32
606 1 1 1 0.75 -0.10000000000000001 0.90000000000000002 0 0.29999999999999999 0.69999999999999996 0 0 68
607 1 1 1 0.75 -0.10000000000000001 0.90000000000000002 0 0.29999999999999999 0.69999999999999996 90 0 32
607 1 1 1 0.75 -0.10000000000000001 0.90000000000000002 0 0.29999999999999999 0.69999999999999996 90 0 68
608 1 1 1 0.75 -0.10000000000000001 0.90000000000000002 0 0.29999999999999999 0.69999999999999996 180 0 32
608 1 1 1 0.75 -0.10000000000000001 0.90000000000000002 0 0.29999999999999999 0.69999999999999996 180 0 68
609 1 1 1 0.75 -0.10000000000000001 0.90000000000000002 0 0.29999999999999999 1 0 0 32
609 1 1 1 0.75 -0.10000000000000001 0.90000000000000002 0 0.29999999999999999 1 0 0 68
610 1 1 1 0.75 -0.10000000000000001 0.90000000000000002 0 0.29999999999999999 1 90 0 32
610 1 1 1 0.75 -0.10000000000000001 0.90000000000000002 0 0.29999999999999999 1 90 0 68
611 1 1 1 0.75 -0.10000000000000001 0.90000000000000002 0 0.29999999999999999 1 180 0 32
611 1 1 1 0.75 -0.10000000000000001 0.90000000000000002 0 0.29999999999999999 1 180 0 68
612 1 1 1 0.75 -0.10000000000000001 0.90000000000000002 0 0.42261826174069944 0.34999999999999998 0 0 32
612 1 1 1 0.75 -0.10000000000000001 0.90000000000000002 0 0.42261826174069944 0.34999999999999998 0 0 68
613 1 1 1 0.75 -0.10000000000000001 0.90000000000000002 0 0.42261826174069944 0.34999999999999998 90 0 32
613 1 1 1 0.75 -0.10000000000000001 0.90000000000000002 0 0.42261826174069944 0.34999999999999998 90 0 68
614 1 1 1 0.75 -0.10000000000000001 0.90000000000000002 0 0.42261826174069944 0.34999999999999998 180 0 32
614 1 1 1 0.75 -0.10000000000000001 0.90000000000000002 0 0.42261826174069944 0.34999999999999998 180 0 68
615 1 1 1 0.75 -0.10000000000000001 0.90000000000000002 0 0.42261826174069944 0.69999999999999996 0 0 32
615 1 1 1 0.75 -0.10000000000000001 0.90000000000000002 0 0.42261826174069944 0.69999999999999996 0 0 68
616 1 1 1 0.75 -0.10000000000000001 0.90000000000000002 0 0.42261826174069944 0.69999999999999996 90 0 32
616 1 1 1 0.75 -0.10000000000000001 0.90000000000000002 0 0.42261826174069944 0.69999999999999996 90 0 68
617 1 1 1 0.75 -0.10000000000000001 0.90000000000000002 0 0.42261826174069944 0.69999999999999996 180 0 32
617 1 1 1 0.75 -0.10000000000000001 0.90000000000000002 0 0.42261826174069944 0.69999999999999996 180 0 68
618 1 1 1 0.75 -0.10000000000000001 0.90000000000000002 0 0.42261826174069944 1 0 0 32
618 1 1 1 0.75 -0.10000000000000001 0.90000000000000002 0 0.42261826174069944 1 0 0 68
619 1 1 1 0.75 -0.10000000000000001 0.90000000000000002 0 0.42261826174069944 1 90 0 32
619 1 1 1 0.75 -0.10000000000000001 0.90000000000000002 0 0.42261826174069944 1 90 0 68
620 1 1 1 0.75 -0.10000000000000001 0.90000000000000002 0 0.42261826174069944 1 180 0 32
620 1 1 1 0.75 -0.10000000000000001 0.90000000000000002 0 0.42261826174069944 1 180 0 68
621 1 1 1 0.75 -0.10000000000000001 0.90000000000000002 0 0.65000000000000002 0.34999999999999998 0 0 32
621 1 1 1 0.75 -0.10000000000000001 0.90000000000000002 0 0.65000000000000002 0.34999999999999998 0 0 68
622 1 1 1 0.75 -0.10000000000000001 0.90000000000000002 0 0.65000000000000002 0.34999999999999998 90 0 32
622 1 1 1 0.75 -0.10000000000000001 0.90000000000000002 0 0.65000000000000002 0.34999999999999998 90 0 68
623 1 1 1 0.75 -0.10000000000000001 0.90000000000000002 0 0.65000000000000002 0.34999999999999998 180 0 32
623 1 1 1 0.75 -0.10000000000000001 0.90000000000000002 0 0.65000000000000002 0.34999999999999998 180 0 68
624 1 1 1 0.75 -0.10000000000000001 0.90000000000000002 0 0.65000000000000002 0.69999999999999996 0 0 32
624 1 1 1 0.75 -0.10000000000000001 0.90000000000000002 0 0.65000000000000002 0.69999999999999996 0 0 68
625 1 1 1 0.75 -0.10000000000000001 0.90000000000000002 0 0.65000000000000002 0.69999999999999996 90 0 32
625 1 1 1 0.75 -0.10000000000000001 0.90000000000000002 0 0.65000000000000002 0.69999999999999996 90 0 68
626 1 1 1 0.75 -0.10000000000000001 0.90000000000000002 0 0.65000000000000002 0.69999999999999996 180 0 32
626 1 1 1 0.75 -0.10000000000000001 0.90000000000000002 0 0.65000000000000002 0.69999999999999996 180 0 68
627 1 1 1 0.75 -0.10000000000000001 0.90000000000000002 0 0.65000000000000002 1 0 0 32
627 1 1 1 0.75 -0.10000000000000001 0.90000000000000002 0 0.65000000000000002 1 0 0 68
628 1 1 1 0.75 -0.10000000000000001 0.90000000000000002 0 0.65000000000000002 1 90 0 32
628 1 1 1 0.75 -0.10000000000000001 0.90000000000000002 0 0.65000000000000002 1 90 0 68
629 1 1 1 0.75 -0.10000000000000001 0.90000000000000002 0 0.65000000000000002 1 180 0 32
629 1 1 1 0.75 -0.10000000000000001 0.90000000000000002 0 0.65000000000000002 1 180 0 68
630 1 1 1 0.75 -0.10000000000000001 0.90000000000000002 0 0.86602540378443871 0.34999999999999998 0 0 32
630 1 1 1 0.75 -0.10000000000000001 0.90000000000000002 0 0.86602540378443871 0.34999999999999998 0 0 68
631 1 1 1 0.75 -0.10000000000000001 0.90000000000000002 0 0.86602540378443871 0.34999999999999998 90 0 32
631 1 1 1 0.75 -0.10000000000000001 0.90000000000000002 0 0.86602540378443871 0.34999999999999998 90 0 68
632 1 1 1 0.75 -0.10000000000000001 0.90000000000000002 0 0.86602540378443871 0.34999999999999998 180 0 32
632 1 1 1 0.75 -0.10000000000000001 0.90000000000000002 0 0.86602540378443871 0.34999999999999998 180 0 68
633 1 1 1 0.75 -0.10000000000000001 0.90000000000000002 0 0.86602540378443871 0.69999999999999996 0 0 32
633 1 1 1 0.75 -0.10000000000000001 0.90000000000000002 0 0.86602540378443871 0.69999999999999996 0 0 68
634 1 1 1 0.75 -0.10000000000000001 0.90000000000000002 0 0.86602540378443871 0.69999999999999996 90 0 32
634 1 1 1 0.75 -0.10000000000000001 0.90000000000000002 0 0.86602540378443871 0.69999999999999996 90 0 68
635 1 1 1 0.75 -0.10000000000000001 0.90000000000000002 0 0.86602540378443871 0.69999999999999996 180 0 32
635 1 1 1 0.75 -0.10000000000000001 0.90000000000000002 0 0.86602540378443871 0.69999999999999996 180 0 68
636 1 1 1 0.75 -0.10000000000000001 0.90000000000000002 0 0.86602540378443871 1 0 0 32
636 1 1 1 0.75 -0.10000000000000001 0.90000000000000002 0 0.86602540378443871 1 0 0 68
637 1 1 1 0.75 -0.10000000000000001 0.90000000000000002 0 0.86602540378443871 1 90 0 32
637 1 1 1 0.75 -0.10000000000000001 0.90000000000000002 0 0.86602540378443871 1 90 0 68
638 1 1 1 0.75 -0.10000000000000001 0.90000000000000002 0 0.86602540378443871 1 180 0 32
638 1 1 1 0.75 -0.10000000000000001 0.90000000000000002 0 0.86602540378443871 1 180 0 68
639 1 1 1 0.75 -0.10000000000000001 0.90000000000000002 0 0.97999999999999998 0.34999999999999998 0 0 32
639 1 1 1 0.75 -0.10000000000000001 0.90000000000000002 0 0.97999999999999998 0.34999999999999998 0 0 68
640 1 1 1 0.75 -0.10000000000000001 0.90000000000000002 0 0.97999999999999998 0.34999999999999998 90 0 32
640 1 1 1 0.75 -0.10000000000000001 0.90000000000000002 0 0.97999999999999998 0.34999999999999998 90 0 68
641 1 1 1 0.75 -0.10000000000000001 0.90000000000000002 0 0.97999999999999998 0.34999999999999998 180 0 32
641 1 1 1 0.75 -0.10000000000000001 0.90000000000000002 0 0.97999999999999998 0.34999999999999998 180 0 68
642 1 1 1 0.75 -0.10000000000000001 0.90000000000000002 0 0.97999999999999998 0.69999999999999996 0 0 32
642 1 1 1 0.75 -0.10000000000000001 0.90000000000000002 0 0.97999999999999998 0.69999999999999996 0 0 68
643 1 1 1 0.75 -0.10000000000000001 0.90000000000000002 0 0.97999999999999998 0.69999999999999996 90 0 32
643 1 1 1 0.75 -0.10000000000000001 0.90000000000000002 0 0.97999999999999998 0.69999999999999996 90 0 68
644 1 1 1 0.75 -0.10000000000000001 0.90000000000000002 0 0.97999999999999998 0.69999999999999996 180 0 32
644 1 1 1 0.75 -0.10000000000000001 0.90000000000000002 0 0.97999999999999998 0.69999999999999996 180 0 68
645 1 1 1 0.75 -0.10000000000000001 0.90000000000000002 0 0.97999999999999998 1 0 0 32
645 1 1 1 0.75 -0.10000000000000001 0.90000000000000002 0 0.97999999999999998 1 0 0 68
646 1 1 1 0.75 -0.10000000000000001 0.90000000000000002 0 0.97999999999999998 1 90 0 32
646 1 1 1 0.75 -0.10000000000000001 0.90000000000000002 0 0.97999999999999998 1 90 0 68
647 1 1 1 0.75 -0.10000000000000001 0.90000000000000002 0 0.97999999999999998 1 180 0 32
647 1 1 1 0.75 -0.10000000000000001 0.90000000000000002 0 0.97999999999999998 1 180 0 68
648 3 1 1 0.75 -0.10000000000000001 0.90000000000000002 0 0.14999999999999999 0.34999999999999998 0 0 32
648 3 1 1 0.75 -0.10000000000000001 0.90000000000000002 0 0.14999999999999999 0.34999999999999998 0 0 68
649 3 1 1 0.75 -0.10000000000000001 0.90000000000000002 0 0.14999999999999999 0.34999999999999998 90 0 32
649 3 1 1 0.75 -0.10000000000000001 0.90000000000000002 0 0.14999999999999999 0.34999999999999998 90 0 68
650 3 1 1 0.75 -0.10000000000000001 0.90000000000000002 0 0.14999999999999999 0.34999999999999998 180 0 32
650 3 1 1 0.75 -0.10000000000000001 0.90000000000000002 0 0.14999999999999999 0.34999999999999998 180 0 68
651 3 1 1 0.75 -0.10000000000000001 0.90000000000000002 0 0.14999999999999999 0.69999999999999996 0 0 32
651 3 1 1 0.75 -0.10000000000000001 0.90000000000000002 0 0.14999999999999999 0.69999999999999996 0 0 68
652 3 1 1 0.75 -0.10000000000000001 0.90000000000000002 0 0.14999999999999999 0.69999999999999996 90 0 32
652 3 1 1 0.75 -0.10000000000000001 0.90000000000000002 0 0.14999999999999999 0.69999999999999996 90 0 68
653 3 1 1 0.75 -0.10000000000000001 0.90000000000000002 0 0.14999999999999999 0.69999999999999996 180 0 32
653 3 1 1 0.75 -0.10000000000000001 0.90000000000000002 0 0.14999999999999999 0.69999999999999996 180 0 68
654 3 1 1 0.75 -0.10000000000000001 0.90000000000000002 0 0.14999999999999999 1 0 0 32
654 3 1 1 0.75 -0.10000000000000001 0.90000000000000002 0 0.14999999999999999 1 0 0 68
655 3 1 1 0.75 -0.10000000000000001 0.90000000000000002 0 0.14999999999999999 1 90 0 32
655 3 1 1 0.75 -0.10000000000000001 0.90000000000000002 0 0.14999999999999999 1 90 0 68
656 3 1 1 0.75 -0.10000000000000001 0.90000000000000002 0 0.14999999999999999 1 180 0 32
656 3 1 1 0.75 -0.10000000000000001 0.90000000000000002 0 0.14999999999999999 1 180 0 68
657 3 1 1 0.75 -0.10000000000000001 0.90000000000000002 0 0.29999999999999999 0.34999999999999998 0 0 32
657 3 1 1 0.75 -0.10000000000000001 0.90000000000000002 0 0.29999999999999999 0.34999999999999998 0 0 68
658 3 1 1 0.75 -0.10000000000000001 0.90000000000000002 0 0.29999999999999999 0.34999999999999998 90 0 32
658 3 1 1 0.75 -0.10000000000000001 0.90000000000000002 0 0.29999999999999999 0.34999999999999998 90 0 68
659 3 1 1 0.75 -0.10000000000000001 0.90000000000000002 0 0.29999999999999999 0.34999999999999998 180 0 32
659 3 1 1 0.75 -0.10000000000000001 0.90000000000000002 0 0.29999999999999999 0.34999999999999998 180 0 68
660 3 1 1 0.75 -0.10000000000000001 0.90000000000000002 0 0.29999999999999999 0.69999999999999996 0 0 32
660 3 1 1 0.75 -0.10000000000000001 0.90000000000000002 0 0.29999999999999999 0.69999999999999996 0 0 68
661 3 1 1 0.75 -0.10000000000000001 0.90000000000000002 0 0.29999999999999999 0.69999999999999996 90 0 32
661 3 1 1 0.75 -0.10000000000000001 0.90000000000000002 0 0.29999999999999999 0.69999999999999996 90 0 68
662 3 1 1 0.75 -0.10000000000000001 0.90000000000000002 0 0.29999999999999999 0.69999999999999996 180 0 32
662 3 1 1 0.75 -0.10000000000000001 0.90000000000000002 0 0.29999999999999999 0.69999999999999996 180 0 68
663 3 1 1 0.75 -0.10000000000000001 0.90000000000000002 0 0.29999999999999999 1 0 0 32
663 3 1 1 0.75 -0.10000000000000001 0.90000000000000002 0 0.29999999999999999 1 0 0 68
664 3 1 1 0.75 -0.10000000000000001 0.90000000000000002 0 0.29999999999999999 1 90 0 32
664 3 1 1 0.75 -0.10000000000000001 0.90000000000000002 0 0.29999999999999999 1 90 0 68
665 3 1 1 0.75 -0.10000000000000001 0.90000000000000002 0 0.29999999999999999 1 180 0 32
665 3 1 1 0.75 -0.10000000000000001 0.90000000000000002 0 0.29999999999999999 1 180 0 68
666 3 1 1 0.75 -0.10000000000000001 0.90000000000000002 0 0.42261826174069944 0.34999999999999998 0 0 32
666 3 1 1 0.75 -0.10000000000000001 0.90000000000000002 0 0.42261826174069944 0.34999999999999998 0 0 68
667 3 1 1 0.75 -0.10000000000000001 0.90000000000000002 0 0.42261826174069944 0.34999999999999998 90 0 32
667 3 1 1 0.75 -0.10000000000000001 0.90000000000000002 0 0.42261826174069944 0.34999999999999998 90 0 68
668 3 1 1 0.75 -0.10000000000000001 0.90000000000000002 0 0.42261826174069944 0.34999999999999998 180 0 32
668 3 1 1 0.75 -0.10000000000000001 0.90000000000000002 0 0.42261826174069944 0.34999999999999998 180 0 68
669 3 1 1 0.75 -0.10000000000000001 0.90000000000000002 0 0.42261826174069944 0.69999999999999996 0 0 32
669 3 1 1 0.75 -0.10000000000000001 0.90000000000000002 0 0.42261826174069944 0.69999999999999996 0 0 68
670 3 1 1 0.75 -0.10000000000000001 0.90000000000000002 0 0.42261826174069944 0.69999999999999996 90 0 32
670 3 1 1 0.75 -0.10000000000000001 0.90000000000000002 0 0.42261826174069944 0.69999999999999996 90 0 68
671 3 1 1 0.75 -0.10000000000000001 0.90000000000000002 0 0.42261826174069944 0.69999999999999996 180 0 32
671 3 1 1 0.75 -0.10000000000000001 0.90000000000000002 0 0.42261826174069944 0.69999999999999996 180 0 68
672 3 1 1 0.75 -0.10000000000000001 0.90000000000000002 0 0.42261826174069944 1 0 0 32
672 3 1 1 0.75 -0.10000000000000001 0.90000000000000002 0 0.42261826174069944 1 0 0 68
673 3 1 1 0.75 -0.10000000000000001 0.90000000000000002 0 0.42261826174069944 1 90 0 32
673 3 1 1 0.75 -0.10000000000000001 0.90000000000000002 0 0.42261826174069944 1 90 0 68
674 3 1 1 0.75 -0.10000000000000001 0.90000000000000002 0 0.42261826174069944 1 180 0 32
674 3 1 1 0.75 -0.10000000000000001 0.90000000000000002 0 0.42261826174069944 1 180 0 68
675 3 1 1 0.75 -0.10000000000000001 0.90000000000000002 0 0.65000000000000002 0.34999999999999998 0 0 32
675 3 1 1 0.75 -0.10000000000000001 0.90000000000000002 0 0.65000000000000002 0.34999999999999998 0 0 68
676 3 1 1 0.75 -0.10000000000000001 0.90000000000000002 0 0.65000000000000002 0.34999999999999998 90 0 32
676 3 1 1 0.75 -0.10000000000000001 0.90000000000000002 0 0.65000000000000002 0.34999999999999998 90 0 68
677 3 1 1 0.75 -0.10000000000000001 0.90000000000000002 0 0.65000000000000002 0.34999999999999998 180 0 32
677 3 1 1 0.75 -0.10000000000000001 0.90000000000000002 0 0.65000000000000002 0.34999999999999998 180 0 68
678 3 1 1 0.75 -0.10000000000000001 0.90000000000000002 0 0.65000000000000002 0.69999999999999996 0 0 32
678 3 1 1 0.75 -0.10000000000000001 0.90000000000000002 0 0.65000000000000002 0.69999999999999996 0 0 68
679 3 1 1 0.75 -0.10000000000000001 0.90000000000000002 0 0.65000000000000002 0.69999999999999996 90 0 32
679 3 1 1 0.75 -0.10000000000000001 0.90000000000000002 0 0.65000000000000002 0.69999999999999996 90 0 68
680 3 1 1 0.75 -0.10000000000000001 0.90000000000000002 0 0.65000000000000002 0.69999999999999996 180 0 32
680 3 1 1 0.75 -0.10000000000000001 0.90000000000000002 0 0.65000000000000002 0.69999999999999996 180 0 68
681 3 1 1 0.75 -0.10000000000000001 0.90000000000000002 0 0.65000000000000002 1 0 0 32
681 3 1 1 0.75 -0.10000000000000001 0.90000000000000002 0 0.65000000000000002 1 0 0 68
682 3 1 1 0.75 -0.10000000000000001 0.90000000000000002 0 0.65000000000000002 1 90 0 32
682 3 1 1 0.75 -0.10000000000000001 0.90000000000000002 0 0.65000000000000002 1 90 0 68
683 3 1 1 0.75 -0.10000000000000001 0.90000000000000002 0 0.65000000000000002 1 180 0 32
683 3 1 1 0.75 -0.10000000000000001 0.90000000000000002 0 0.65000000000000002 1 180 0 68
684 3 1 1 0.75 -0.10000000000000001 0.90000000000000002 0 0.86602540378443871 0.34999999999999998 0 0 32
684 3 1 1 0.75 -0.10000000000000001 0.90000000000000002 0 0.86602540378443871 0.34999999999999998 0 0 68
685 3 1 1 0.75 -0.10000000000000001 0.90000000000000002 0 0.86602540378443871 0.34999999999999998 90 0 32
685 3 1 1 0.75 -0.10000000000000001 0.90000000000000002 0 0.86602540378443871 0.34999999999999998 90 0 68
686 3 1 1 0.75 -0.10000000000000001 0.90000000000000002 0 0.86602540378443871 0.34999999999999998 180 0 32
686 3 1 1 0.75 -0.10000000000000001 0.90000000000000002 0 0.86602540378443871 0.34999999999999998 180 0 68
687 3 1 1 0.75 -0.10000000000000001 0.90000000000000002 0 0.86602540378443871 0.69999999999999996 0 0 32
687 3 1 1 0.75 -0.10000000000000001 0.90000000000000002 0 0.86602540378443871 0.69999999999999996 0 0 68
688 3 1 1 0.75 -0.10000000000000001 0.90000000000000002 0 0.86602540378443871 0.69999999999999996 90 0 32
688 3 1 1 0.75 -0.10000000000000001 0.90000000000000002 0 0.86602540378443871 0.69999999999999996 90 0 68
689 3 1 1 0.75 -0.10000000000000001 0.90000000000000002 0 0.86602540378443871 0.69999999999999996 180 0 32
689 3 1 1 0.75 -0.10000000000000001 0.90000000000000002 0 0.86602540378443871 0.69999999999999996 180 0 68
690 3 1 1 0.75 -0.10000000000000001 0.90000000000000002 0 0.86602540378443871 1 0 0 32
690 3 1 1 0.75 -0.10000000000000001 0.90000000000000002 0 0.86602540378443871 1 0 0 68
691 3 1 1 0.75 -0.10000000000000001 0.90000000000000002 0 0.86602540378443871 1 90 0 32
691 3 1 1 0.75 -0.10000000000000001 0.90000000000000002 0 0.86602540378443871 1 90 0 68
692 3 1 1 0.75 -0.10000000000000001 0.90000000000000002 0 0.86602540378443871 1 180 0 32
692 3 1 1 0.75 -0.10000000000000001 0.90000000000000002 0 0.86602540378443871 1 180 0 68
693 3 1 1 0.75 -0.10000000000000001 0.90000000000000002 0 0.97999999999999998 0.34999999999999998 0 0 32
693 3 1 1 0.75 -0.10000000000000001 0.90000000000000002 0 0.97999999999999998 0.34999999999999998 0 0 68
694 3 1 1 0.75 -0.10000000000000001 0.90000000000000002 0 0.97999999999999998 0.34999999999999998 90 0 32
694 3 1 1 0.75 -0.10000000000000001 0.90000000000000002 0 0.97999999999999998 0.34999999999999998 90 0 68
695 3 1 1 0.75 -0.10000000000000001 0.90000000000000002 0 0.97999999999999998 0.34999999999999998 180 0 32
695 3 1 1 0.75 -0.10000000000000001 0.90000000000000002 0 0.97999999999999998 0.34999999999999998 180 0 68
696 3 1 1 0.75 -0.10000000000000001 0.90000000000000002 0 0.97999999999999998 0.69999999999999996 0 0 32
696 3 1 1 0.75 -0.10000000000000001 0.90000000000000002 0 0.97999999999999998 0.69999999999999996 0 0 68
697 3 1 1 0.75 -0.10000000000000001 0.90000000000000002 0 0.97999999999999998 0.69999999999999996 90 0 32
697 3 1 1 0.75 -0.10000000000000001 0.90000000000000002 0 0.97999999999999998 0.69999999999999996 90 0 68
698 3 1 1 0.75 -0.10000000000000001 0.90000000000000002 0 0.97999999999999998 0.69999999999999996 180 0 32
698 3 1 1 0.75 -0.10000000000000001 0.90000000000000002 0 0.97999999999999998 0.69999999999999996 180 0 68
699 3 1 1 0.75 -0.10000000000000001 0.90000000000000002 0 0.97999999999999998 1 0 0 32
699 3 1 1 0.75 -0.10000000000000001 0.90000000000000002 0 0.97999999999999998 1 0 0 68
700 3 1 1 0.75 -0.10000000000000001 0.90000000000000002 0 0.97999999999999998 1 90 0 32
700 3 1 1 0.75 -0.10000000000000001 0.90000000000000002 0 0.97999999999999998 1 90 0 68
701 3 1 1 0.75 -0.10000000000000001 0.90000000000000002 0 0.97999999999999998 1 180 0 32
701 3 1 1 0.75 -0.10000000000000001 0.90000000000000002 0 0.97999999999999998 1 180 0 68
702 10 1 1 0.75 -0.10000000000000001 0.90000000000000002 0 0.14999999999999999 0.34999999999999998 0 0 32
702 10 1 1 0.75 -0.10000000000000001 0.90000000000000002 0 0.14999999999999999 0.34999999999999998 0 0 68
703 10 1 1 0.75 -0.10000000000000001 0.90000000000000002 0 0.14999999999999999 0.34999999999999998 90 0 32
703 10 1 1 0.75 -0.10000000000000001 0.90000000000000002 0 0.14999999999999999 0.34999999999999998 90 0 68
704 10 1 1 0.75 -0.10000000000000001 0.90000000000000002 0 0.14999999999999999 0.34999999999999998 180 0 32
704 10 1 1 0.75 -0.10000000000000001 0.90000000000000002 0 0.14999999999999999 0.34999999999999998 180 0 68
705 10 1 1 0.75 -0.10000000000000001 0.90000000000000002 0 0.14999999999999999 0.69999999999999996 0 0 32
705 10 1 1 0.75 -0.10000000000000001 0.90000000000000002 0 0.14999999999999999 0.69999999999999996 0 0 68
706 10 1 1 0.75 -0.10000000000000001 0.90000000000000002 0 0.14999999999999999 0.69999999999999996 90 0 32
706 10 1 1 0.75 -0.10000000000000001 0.90000000000000002 0 0.14999999999999999 0.69999999999999996 90 0 68
707 10 1 1 0.75 -0.10000000000000001 0.90000000000000002 0 0.14999999999999999 0.69999999999999996 180 0 32
707 10 1 1 0.75 -0.10000000000000001 0.90000000000000002 0 0.14999999999999999 0.69999999999999996 180 0 68
708 10 1 1 0.75 -0.10000000000000001 0.90000000000000002 0 0.14999999999999999 1 0 0 32
708 10 1 1 0.75 -0.10000000000000001 0.90000000000000002 0 0.14999999999999999 1 0 0 68
709 10 1 1 0.75 -0.10000000000000001 0.90000000000000002 0 0.14999999999999999 1 90 0 32
709 10 1 1 0.75 -0.10000000000000001 0.90000000000000002 0 0.14999999999999999 1 90 0 68
710 10 1 1 0.75 -0.10000000000000001 0.90000000000000002 0 0.14999999999999999 1 180 0 32
710 10 1 1 0.75 -0.10000000000000001 0.90000000000000002 0 0.14999999999999999 1 180 0 68
711 10 1 1 0.75 -0.10000000000000001 0.90000000000000002 0 0.29999999999999999 0.34999999999999998 0 0 32
711 10 1 1 0.75 -0.10000000000000001 0.90000000000000002 0 0.29999999999999999 0.34999999999999998 0 0 68
712 10 1 1 0.75 -0.10000000000000001 0.90000000000000002 0 0.29999999999999999 0.34999999999999998 90 0 32
712 10 1 1 0.75 -0.10000000000000001 0.90000000000000002 0 0.29999999999999999 0.34999999999999998 90 0 68
713 10 1 1 0.75 -0.10000000000000001 0.90000000000000002 0 0.29999999999999999 0.34999999999999998 180 0 32
713 10 1 1 0.75 -0.10000000000000001 0.90000000000000002 0 0.29999999999999999 0.34999999999999998 180 0 68
714 10 1 1 0.75 -0.10000000000000001 0.90000000000000002 0 0.29999999999999999 0.69999999999999996 0 0 32
714 10 1 1 0.75 -0.10000000000000001 0.90000000000000002 0 0.29999999999999999 0.69999999999999996 0 0 68
715 10 1 1 0.75 -0.10000000000000001 0.90000000000000002 0 0.29999999999999999 0.69999999999999996 90 0 32
715 10 1 1 0.75 -0.10000000000000001 0.90000000000000002 0 0.29999999999999999 0.69999999999999996 90 0 68
716 10 1 1 0.75 -0.10000000000000001 0.90000000000000002 0 0.29999999999999999 0.69999999999999996 180 0 32
716 10 1 1 0.75 -0.10000000000000001 0.90000000000000002 0 0.29999999999999999 0.69999999999999996 180 0 68
717 10 1 1 0.75 -0.10000000000000001 0.90000000000000002 0 0.29999999999999999 1 0 0 32
717 10 1 1 0.75 -0.10000000000000001 0.90000000000000002 0 0.29999999999999999 1 0 0 68
718 10 1 1 0.75 -0.10000000000000001 0.90000000000000002 0 0.29999999999999999 1 90 0 32
718 10 1 1 0.75 -0.10000000000000001 0.90000000000000002 0 0.29999999999999999 1 90 0 68
719 10 1 1 0.75 -0.10000000000000001 0.90000000000000002 0 0.29999999999999999 1 180 0 32
719 10 1 1 0.75 -0.10000000000000001 0.90000000000000002 0 0.29999999999999999 1 180 0 68
720 10 1 1 0.75 -0.10000000000000001 0.90000000000000002 0 0.42261826174069944 0.34999999999999998 0 0 32
720 10 1 1 0.75 -0.10000000000000001 0.90000000000000002 0 0.42261826174069944 0.34999999999999998 0 0 68
721 10 1 1 0.75 -0.10000000000000001 0.90000000000000002 0 0.42261826174069944 0.34999999999999998 90 0 32
721 10 1 1 0.75 -0.10000000000000001 0.90000000000000002 0 0.42261826174069944 0.34999999999999998 90 0 68
722 10 1 1 0.75 -0.10000000000000001 0.90000000000000002 0 0.42261826174069944 0.34999999999999998 180 0 32
722 10 1 1 0.75 -0.10000000000000001 0.90000000000000002 0 0.42261826174069944 0.34999999999999998 180 0 68
723 10 1 1 0.75 -0.10000000000000001 0.90000000000000002 0 0.42261826174069944 0.69999999999999996 0 0 32
723 10 1 1 0.75 -0.10000000000000001 0.90000000000000002 0 0.42261826174069944 0.69999999999999996 0 0 68
724 10 1 1 0.75 -0.10000000000000001 0.90000000000000002 0 0.42261826174069944 0.69999999999999996 90 0 32
724 10 1 1 0.75 -0.10000000000000001 0.90000000000000002 0 0.42261826174069944 0.69999999999999996 90 0 68
725 10 1 1 0.75 -0.10000000000000001 0.90000000000000002 0 0.42261826174069944 0.69999999999999996 180 0 32
725 10 1 1 0.75 -0.10000000000000001 0.90000000000000002 0 0.42261826174069944 0.69999999999999996 180 0 68
726 10 1 1 0.75 -0.10000000000000001 0.90000000000000002 0 0.42261826174069944 1 0 0 32
726 10 1 1 0.75 -0.10000000000000001 0.90000000000000002 0 0.42261826174069944 1 0 0 68
727 10 1 1 0.75 -0.10000000000000001 0.90000000000000002 0 0.42261826174069944 1 90 0 32
727 10 1 1 0.75 -0.10000000000000001 0.90000000000000002 0 0.42261826174069944 1 90 0 68
728 10 1 1 0.75 -0.10000000000000001 0.90000000000000002 0 0.42261826174069944 1 180 0 32
728 10 1 1 0.75 -0.10000000000000001 0.90000000000000002 0 0.42261826174069944 1 180 0 68
729 10 1 1 0.75 -0.10000000000000001 0.90000000000000002 0 0.65000000000000002 0.34999999999999998 0 0 32
729 10 1 1 0.75 -0.10000000000000001 0.90000000000000002 0 0.65000000000000002 0.34999999999999998 0 0 68
730 10 1 1 0.75 -0.10000000000000001 0.90000000000000002 0 0.65000000000000002 0.34999999999999998 90 0 32
730 10 1 1 0.75 -0.10000000000000001 0.90000000000000002 0 0.65000000000000002 0.34999999999999998 90 0 68
731 10 1 1 0.75 -0.10000000000000001 0.90000000000000002 0 0.65000000000000002 0.34999999999999998 180 0 32
731 10 1 1 0.75 -0.10000000000000001 0.90000000000000002 0 0.65000000000000002 0.34999999999999998 180 0 68
732 10 1 1 0.75 -0.10000000000000001 0.90000000000000002 0 0.65000000000000002 0.69999999999999996 0 0 32
732 10 1 1 0.75 -0.10000000000000001 0.90000000000000002 0 0.65000000000000002 0.69999999999999996 0 0 68
733 10 1 1 0.75 -0.10000000000000001 0.90000000000000002 0 0.65000000000000002 0.69999999999999996 90 0 32
733 10 1 1 0.75 -0.10000000000000001 0.90000000000000002 0 0.65000000000000002 0.69999999999999996 90 0 68
734 10 1 1 0.75 -0.10000000000000001 0.90000000000000002 0 0.65000000000000002 0.69999999999999996 180 0 32
734 10 1 1 0.75 -0.10000000000000001 0.90000000000000002 0 0.65000000000000002 0.69999999999999996 180 0 68
735 10 1 1 0.75 -0.10000000000000001 0.90000000000000002 0 0.65000000000000002 1 0 0 32
735 10 1 1 0.75 -0.10000000000000001 0.90000000000000002 0 0.65000000000000002 1 0 0 68
736 10 1 1 0.75 -0.10000000000000001 0.90000000000000002 0 0.65000000000000002 1 90 0 32
736 10 1 1 0.75 -0.10000000000000001 0.90000000000000002 0 0.65000000000000002 1 90 0 68
737 10 1 1 0.75 -0.10000000000000001 0.90000000000000002 0 0.65000000000000002 1 180 0 32
737 10 1 1 0.75 -0.10000000000000001 0.90000000000000002 0 0.65000000000000002 1 180 0 68
738 10 1 1 0.75 -0.10000000000000001 0.90000000000000002 0 0.86602540378443871 0.34999999999999998 0 0 32
738 10 1 1 0.75 -0.10000000000000001 0.90000000000000002 0 0.86602540378443871 0.34999999999999998 0 0 68
739 10 1 1 0.75 -0.10000000000000001 0.90000000000000002 0 0.86602540378443871 0.34999999999999998 90 0 32
739 10 1 1 0.75 -0.10000000000000001 0.90000000000000002 0 0.86602540378443871 0.34999999999999998 90 0 68
740 10 1 1 0.75 -0.10000000000000001 0.90000000000000002 0 0.86602540378443871 0.34999999999999998 180 0 32
740 10 1 1 0.75 -0.10000000000000001 0.90000000000000002 0 0.86602540378443871 0.34999999999999998 180 0 68
741 10 1 1 0.75 -0.10000000000000001 0.90000000000000002 0 0.86602540378443871 0.69999999999999996 0 0 32
741 10 1 1 0.75 -0.10000000000000001 0.90000000000000002 0 0.86602540378443871 0.69999999999999996 0 0 68
742 10 1 1 0.75 -0.10000000000000001 0.90000000000000002 0 0.86602540378443871 0.69999999999999996 90 0 32
742 10 1 1 0.75 -0.10000000000000001 0.90000000000000002 0 0.86602540378443871 0.69999999999999996 90 0 68
743 10 1 1 0.75 -0.10000000000000001 0.90000000000000002 0 0.86602540378443871 0.69999999999999996 180 0 32
743 10 1 1 0.75 -0.10000000000000001 0.90000000000000002 0 0.86602540378443871 0.69999999999999996 180 0 68
744 10 1 1 0.75 -0.10000000000000001 0.90000000000000002 0 0.86602540378443871 1 0 0 32
744 10 1 1 0.75 -0.10000000000000001 0.90000000000000002 0 0.86602540378443871 1 0 0 68
745 10 1 1 0.75 -0.10000000000000001 0.90000000000000002 0 0.86602540378443871 1 90 0 32
745 10 1 1 0.75 -0.10000000000000001 0.90000000000000002 0 0.86602540378443871 1 90 0 68
746 10 1 1 0.75 -0.10000000000000001 0.90000000000000002 0 0.86602540378443871 1 180 0 32
746 10 1 1 0.75 -0.10000000000000001 0.90000000000000002 0 0.86602540378443871 1 180 0 68
747 10 1 1 0.75 -0.10000000000000001 0.90000000000000002 0 0.97999999999999998 0.34999999999999998 0 0 32
747 10 1 1 0.75 -0.10000000000000001 0.90000000000000002 0 0.97999999999999998 0.34999999999999998 0 0 68
748 10 1 1 0.75 -0.10000000000000001 0.90000000000000002 0 0.97999999999999998 0.34999999999999998 90 0 32
748 10 1 1 0.75 -0.10000000000000001 0.90000000000000002 0 0.97999999999999998 0.34999999999999998 90 0 68
749 10 1 1 0.75 -0.10000000000000001 0.90000000000000002 0 0.97999999999999998 0.34999999999999998 180 0 32
749 10 1 1 0.75 -0.10000000000000001 0.90000000000000002 0 0.97999999999999998 0.34999999999999998 180 0 68
750 10 1 1 0.75 -0.10000000000000001 0.90000000000000002 0 0.97999999999999998 0.69999999999999996 0 0 32
750 10 1 1 0.75 -0.10000000000000001 0.90000000000000002 0 0.97999999999999998 0.69999999999999996 0 0 68
751 10 1 1 0.75 -0.10000000000000001 0.90000000000000002 0 0.97999999999999998 0.69999999999999996 90 0 32
751 10 1 1 0.75 -0.10000000000000001 0.90000000000000002 0 0.97999999999999998 0.69999999999999996 90 0 68
752 10 1 1 0.75 -0.10000000000000001 0.90000000000000002 0 0.97999999999999998 0.69999999999999996 180 0 32
752 10 1 1 0.75 -0.10000000000000001 0.90000000000000002 0 0.97999999999999998 0.69999999999999996 180 0 68
753 10 1 1 0.75 -0.10000000000000001 0.90000000000000002 0 0.97999999999999998 1 0 0 32
753 10 1 1 0.75 -0.10000000000000001 0.90000000000000002 0 0.97999999999999998 1 0 0 68
754 10 1 1 0.75 -0.10000000000000001 0.90000000000000002 0 0.97999999999999998 1 90 0 32
754 10 1 1 0.75 -0.10000000000000001 0.90000000000000002 0 0.97999999999999998 1 90 0 68
755 10 1 1 0.75 -0.10000000000000001 0.90000000000000002 0 0.97999999999999998 1 180 0 32
755 10 1 1 0.75 -0.10000000000000001 0.90000000000000002 0 0.97999999999999998 1 180 0 68
756 30 1 1 0.75 -0.10000000000000001 0.90000000000000002 0 0.14999999999999999 0.34999999999999998 0 0 32
756 30 1 1 0.75 -0.10000000000000001 0.90000000000000002 0 0.14999999999999999 0.34999999999999998 0 0 68
757 30 1 1 0.75 -0.10000000000000001 0.90000000000000002 0 0.14999999999999999 0.34999999999999998 90 0 32
757 30 1 1 0.75 -0.10000000000000001 0.90000000000000002 0 0.14999999999999999 0.34999999999999998 90 0 68
758 30 1 1 0.75 -0.10000000000000001 0.90000000000000002 0 0.14999999999999999 0.34999999999999998 180 0 32
758 30 1 1 0.75 -0.10000000000000001 0.90000000000000002 0 0.14999999999999999 0.34999999999999998 180 0 68
759 30 1 1 0.75 -0.10000000000000001 0.90000000000000002 0 0.14999999999999999 0.69999999999999996 0 0 32
759 30 1 1 0.75 -0.10000000000000001 0.90000000000000002 0 0.14999999999999999 0.69999999999999996 0 0 68
760 30 1 1 0.75 -0.10000000000000001 0.90000000000000002 0 0.14999999999999999 0.69999999999999996 90 0 32
760 30 1 1 0.75 -0.10000000000000001 0.90000000000000002 0 0.14999999999999999 0.69999999999999996 90 0 68
761 30 1 1 0.75 -0.10000000000000001 0.90000000000000002 0 0.14999999999999999 0.69999999999999996 180 0 32
761 30 1 1 0.75 -0.10000000000000001 0.90000000000000002 0 0.14999999999999999 0.69999999999999996 180 0 68
762 30 1 1 0.75 -0.10000000000000001 0.90000000000000002 0 0.14999999999999999 1 0 0 32
762 30 1 1 0.75 -0.10000000000000001 0.90000000000000002 0 0.14999999999999999 1 0 0 68
763 30 1 1 0.75 -0.10000000000000001 0.90000000000000002 0 0.14999999999999999 1 90 0 32
763 30 1 1 0.75 -0.10000000000000001 0.90000000000000002 0 0.14999999999999999 1 90 0 68
764 30 1 1 0.75 -0.10000000000000001 0.90000000000000002 0 0.14999999999999999 1 180 0 32
764 30 1 1 0.75 -0.10000000000000001 0.90000000000000002 0 0.14999999999999999 1 180 0 68
765 30 1 1 0.75 -0.10000000000000001 0.90000000000000002 0 0.29999999999999999 0.34999999999999998 0 0 32
765 30 1 1 0.75 -0.10000000000000001 0.90000000000000002 0 0.29999999999999999 0.34999999999999998 0 0 68
766 30 1 1 0.75 -0.10000000000000001 0.90000000000000002 0 0.29999999999999999 0.34999999999999998 90 0 32
766 30 1 1 0.75 -0.10000000000000001 0.90000000000000002 0 0.29999999999999999 0.34999999999999998 90 0 68
767 30 1 1 0.75 -0.10000000000000001 0.90000000000000002 0 0.29999999999999999 0.34999999999999998 180 0 32
767 30 1 1 0.75 -0.10000000000000001 0.90000000000000002 0 0.29999999999999999 0.34999999999999998 180 0 68
768 30 1 1 0.75 -0.10000000000000001 0.90000000000000002 0 0.29999999999999999 0.69999999999999996 0 0 32
768 30 1 1 0.75 -0.10000000000000001 0.90000000000000002 0 0.29999999999999999 0.69999999999999996 0 0 68
769 30 1 1 0.75 -0.10000000000000001 0.90000000000000002 0 0.29999999999999999 0.69999999999999996 90 0 32
769 30 1 1 0.75 -0.10000000000000001 0.90000000000000002 0 0.29999999999999999 0.69999999999999996 90 0 68
770 30 1 1 0.75 -0.10000000000000001 0.90000000000000002 0 0.29999999999999999 0.69999999999999996 180 0 32
770 30 1 1 0.75 -0.10000000000000001 0.90000000000000002 0 0.29999999999999999 0.69999999999999996 180 0 68
771 30 1 1 0.75 -0.10000000000000001 0.90000000000000002 0 0.29999999999999999 1 0 0 32
771 30 1 1 0.75 -0.10000000000000001 0.90000000000000002 0 0.29999999999999999 1 0 0 68
772 30 1 1 0.75 -0.10000000000000001 0.90000000000000002 0 0.29999999999999999 1 90 0 32
772 30 1 1 0.75 -0.10000000000000001 0.90000000000000002 0 0.29999999999999999 1 90 0 68
773 30 1 1 0.75 -0.10000000000000001 0.90000000000000002 0 0.29999999999999999 1 180 0 32
773 30 1 1 0.75 -0.10000000000000001 0.90000000000000002 0 0.29999999999999999 1 180 0 68
774 30 1 1 0.75 -0.10000000000000001 0.90000000000000002 0 0.42261826174069944 0.34999999999999998 0 0 32
774 30 1 1 0.75 -0.10000000000000001 0.90000000000000002 0 0.42261826174069944 0.34999999999999998 0 0 68
775 30 1 1 0.75 -0.10000000000000001 0.90000000000000002 0 0.42261826174069944 0.34999999999999998 90 0 32
775 30 1 1 0.75 -0.10000000000000001 0.90000000000000002 0 0.42261826174069944 0.34999999999999998 90 0 68
776 30 1 1 0.75 -0.10000000000000001 0.90000000000000002 0 0.42261826174069944 0.34999999999999998 180 0 32
776 30 1 1 0.75 -0.10000000000000001 0.90000000000000002 0 0.42261826174069944 0.34999999999999998 180 0 68
777 30 1 1 0.75 -0.10000000000000001 0.90000000000000002 0 0.42261826174069944 0.69999999999999996 0 0 32
777 30 1 1 0.75 -0.10000000000000001 0.90000000000000002 0 0.42261826174069944 0.69999999999999996 0 0 68
778 30 1 1 0.75 -0.10000000000000001 0.90000000000000002 0 0.42261826174069944 0.69999999999999996 90 0 32
778 30 1 1 0.75 -0.10000000000000001 0.90000000000000002 0 0.42261826174069944 0.69999999999999996 90 0 68
779 30 1 1 0.75 -0.10000000000000001 0.90000000000000002 0 0.42261826174069944 0.69999999999999996 180 0 32
779 30 1 1 0.75 -0.10000000000000001 0.90000000000000002 0 0.42261826174069944 0.69999999999999996 180 0 68
780 30 1 1 0.75 -0.10000000000000001 0.90000000000000002 0 0.42261826174069944 1 0 0 32
780 30 1 1 0.75 -0.10000000000000001 0.90000000000000002 0 0.42261826174069944 1 0 0 68
781 30 1 1 0.75 -0.10000000000000001 0.90000000000000002 0 0.42261826174069944 1 90 0 32
781 30 1 1 0.75 -0.10000000000000001 0.90000000000000002 0 0.42261826174069944 1 90 0 68
782 30 1 1 0.75 -0.10000000000000001 0.90000000000000002 0 0.42261826174069944 1 180 0 32
782 30 1 1 0.75 -0.10000000000000001 0.90000000000000002 0 0.42261826174069944 1 180 0 68
783 30 1 1 0.75 -0.10000000000000001 0.90000000000000002 0 0.65000000000000002 0.34999999999999998 0 0 32
783 30 1 1 0.75 -0.10000000000000001 0.90000000000000002 0 0.65000000000000002 0.34999999999999998 0 0 68
784 30 1 1 0.75 -0.10000000000000001 0.90000000000000002 0 0.65000000000000002 0.34999999999999998 90 0 32
784 30 1 1 0.75 -0.10000000000000001 0.90000000000000002 0 0.65000000000000002 0.34999999999999998 90 0 68
785 30 1 1 0.75 -0.10000000000000001 0.90000000000000002 0 0.65000000000000002 0.34999999999999998 180 0 32
785 30 1 1 0.75 -0.10000000000000001 0.90000000000000002 0 0.65000000000000002 0.34999999999999998 180 0 68
786 30 1 1 0.75 -0.10000000000000001 0.90000000000000002 0 0.65000000000000002 0.69999999999999996 0 0 32
786 30 1 1 0.75 -0.10000000000000001 0.90000000000000002 0 0.65000000000000002 0.69999999999999996 0 0 68
787 30 1 1 0.75 -0.10000000000000001 0.90000000000000002 0 0.65000000000000002 0.69999999999999996 90 0 32
787 30 1 1 0.75 -0.10000000000000001 0.90000000000000002 0 0.65000000000000002 0.69999999999999996 90 0 68
788 30 1 1 0.75 -0.10000000000000001 0.90000000000000002 0 0.65000000000000002 0.69999999999999996 180 0 32
788 30 1 1 0.75 -0.10000000000000001 0.90000000000000002 0 0.65000000000000002 0.69999999999999996 180 0 68
789 30 1 1 0.75 -0.10000000000000001 0.90000000000000002 0 0.65000000000000002 1 0 0 32
789 30 1 1 0.75 -0.10000000000000001 0.90000000000000002 0 0.65000000000000002 1 0 0 68
790 30 1 1 0.75 -0.10000000000000001 0.90000000000000002 0 0.65000000000000002 1 90 0 32
790 30 1 1 0.75 -0.10000000000000001 0.90000000000000002 0 0.65000000000000002 1 90 0 68
791 30 1 1 0.75 -0.10000000000000001 0.90000000000000002 0 0.65000000000000002 1 180 0 32
791 30 1 1 0.75 -0.10000000000000001 0.90000000000000002 0 0.65000000000000002 1 180 0 68
792 30 1 1 0.75 -0.10000000000000001 0.90000000000000002 0 0.86602540378443871 0.34999999999999998 0 0 32
792 30 1 1 0.75 -0.10000000000000001 0.90000000000000002 0 0.86602540378443871 0.34999999999999998 0 0 68
793 30 1 1 0.75 -0.10000000000000001 0.90000000000000002 0 0.86602540378443871 0.34999999999999998 90 0 32
793 30 1 1 0.75 -0.10000000000000001 0.90000000000000002 0 0.86602540378443871 0.34999999999999998 90 0 68
794 30 1 1 0.75 -0.10000000000000001 0.90000000000000002 0 0.86602540378443871 0.34999999999999998 180 0 32
794 30 1 1 0.75 -0.10000000000000001 0.90000000000000002 0 0.86602540378443871 0.34999999999999998 180 0 68
795 30 1 1 0.75 -0.10000000000000001 0.90000000000000002 0 0.86602540378443871 0.69999999999999996 0 0 32
795 30 1 1 0.75 -0.10000000000000001 0.90000000000000002 0 0.86602540378443871 0.69999999999999996 0 0 68
796 30 1 1 0.75 -0.10000000000000001 0.90000000000000002 0 0.86602540378443871 0.69999999999999996 90 0 32
796 30 1 1 0.75 -0.10000000000000001 0.90000000000000002 0 0.86602540378443871 0.69999999999999996 90 0 68
797 30 1 1 0.75 -0.10000000000000001 0.90000000000000002 0 0.86602540378443871 0.69999999999999996 180 0 32
797 30 1 1 0.75 -0.10000000000000001 0.90000000000000002 0 0.86602540378443871 0.69999999999999996 180 0 68
798 30 1 1 0.75 -0.10000000000000001 0.90000000000000002 0 0.86602540378443871 1 0 0 32
798 30 1 1 0.75 -0.10000000000000001 0.90000000000000002 0 0.86602540378443871 1 0 0 68
799 30 1 1 0.75 -0.10000000000000001 0.90000000000000002 0 0.86602540378443871 1 90 0 32
799 30 1 1 0.75 -0.10000000000000001 0.90000000000000002 0 0.86602540378443871 1 90 0 68
800 30 1 1 0.75 -0.10000000000000001 0.90000000000000002 0 0.86602540378443871 1 180 0 32
800 30 1 1 0.75 -0.10000000000000001 0.90000000000000002 0 0.86602540378443871 1 180 0 68
801 30 1 1 0.75 -0.10000000000000001 0.90000000000000002 0 0.97999999999999998 0.34999999999999998 0 0 32
801 30 1 1 0.75 -0.10000000000000001 0.90000000000000002 0 0.97999999999999998 0.34999999999999998 0 0 68
802 30 1 1 0.75 -0.10000000000000001 0.90000000000000002 0 0.97999999999999998 0.34999999999999998 90 0 32
802 30 1 1 0.75 -0.10000000000000001 0.90000000000000002 0 0.97999999999999998 0.34999999999999998 90 0 68
803 30 1 1 0.75 -0.10000000000000001 0.90000000000000002 0 0.97999999999999998 0.34999999999999998 180 0 32
803 30 1 1 0.75 -0.10000000000000001 0.90000000000000002 0 0.97999999999999998 0.34999999999999998 180 0 68
804 30 1 1 0.75 -0.10000000000000001 0.90000000000000002 0 0.97999999999999998 0.69999999999999996 0 0 32
804 30 1 1 0.75 -0.10000000000000001 0.90000000000000002 0 0.97999999999999998 0.69999999999999996 0 0 68
805 30 1 1 0.75 -0.10000000000000001 0.90000000000000002 0 0.97999999999999998 0.69999999999999996 90 0 32
805 30 1 1 0.75 -0.10000000000000001 0.90000000000000002 0 0.97999999999999998 0.69999999999999996 90 0 68
806 30 1 1 0.75 -0.10000000000000001 0.90000000000000002 0 0.97999999999999998 0.69999999999999996 180 0 32
806 30 1 1 0.75 -0.10000000000000001 0.90000000000000002 0 0.97999999999999998 0.69999999999999996 180 0 68
807 30 1 1 0.75 -0.10000000000000001 0.90000000000000002 0 0.97999999999999998 1 0 0 32
807 30 1 1 0.75 -0.10000000000000001 0.90000000000000002 0 0.97999999999999998 1 0 0 68
808 30 1 1 0.75 -0.10000000000000001 0.90000000000000002 0 0.97999999999999998 1 90 0 32
808 30 1 1 0.75 -0.10000000000000001 0.90000000000000002 0 0.97999999999999998 1 90 0 68
809 30 1 1 0.75 -0.10000000000000001 0.90000000000000002 0 0.97999999999999998 1 180 0 32
809 30 1 1 0.75 -0.10000000000000001 0.90000000000000002 0 0.97999999999999998 1 180 0 68
810 100 1 1 0.75 -0.10000000000000001 0.90000000000000002 0 0.14999999999999999 0.34999999999999998 0 0 32
810 100 1 1 0.75 -0.10000000000000001 0.90000000000000002 0 0.14999999999999999 0.34999999999999998 0 0 68
811 100 1 1 0.75 -0.10000000000000001 0.90000000000000002 0 0.14999999999999999 0.34999999999999998 90 0 32
811 100 1 1 0.75 -0.10000000000000001 0.90000000000000002 0 0.14999999999999999 0.34999999999999998 90 0 68
812 100 1 1 0.75 -0.10000000000000001 0.90000000000000002 0 0.14999999999999999 0.34999999999999998 180 0 32
812 100 1 1 0.75 -0.10000000000000001 0.90000000000000002 0 0.14999999999999999 0.34999999999999998 180 0 68
813 100 1 1 0.75 -0.10000000000000001 0.90000000000000002 0 0.14999999999999999 0.69999999999999996 0 0 32
813 100 1 1 0.75 -0.10000000000000001 0.90000000000000002 0 0.14999999999999999 0.69999999999999996 0 0 68
814 100 1 1 0.75 -0.10000000000000001 0.90000000000000002 0 0.14999999999999999 0.69999999999999996 90 0 32
814 100 1 1 0.75 -0.10000000000000001 0.90000000000000002 0 0.14999999999999999 0.69999999999999996 90 0 68
815 100 1 1 0.75 -0.10000000000000001 0.90000000000000002 0 0.14999999999999999 0.69999999999999996 180 0 32
815 100 1 1 0.75 -0.10000000000000001 0.90000000000000002 0 0.14999999999999999 0.69999999999999996 180 0 68
816 100 1 1 0.75 -0.10000000000000001 0.90000000000000002 0 0.14999999999999999 1 0 0 32
816 100 1 1 0.75 -0.10000000000000001 0.90000000000000002 0 0.14999999999999999 1 0 0 68
817 100 1 1 0.75 -0.10000000000000001 0.90000000000000002 0 0.14999999999999999 1 90 0 32
817 100 1 1 0.75 -0.10000000000000001 0.90000000000000002 0 0.14999999999999999 1 90 0 68
818 100 1 1 0.75 -0.10000000000000001 0.90000000000000002 0 0.14999999999999999 1 180 0 32
818 100 1 1 0.75 -0.10000000000000001 0.90000000000000002 0 0.14999999999999999 1 180 0 68
819 100 1 1 0.75 -0.10000000000000001 0.90000000000000002 0 0.29999999999999999 0.34999999999999998 0 0 32
819 100 1 1 0.75 -0.10000000000000001 0.90000000000000002 0 0.29999999999999999 0.34999999999999998 0 0 68
820 100 1 1 0.75 -0.10000000000000001 0.90000000000000002 0 0.29999999999999999 0.34999999999999998 90 0 32
820 100 1 1 0.75 -0.10000000000000001 0.90000000000000002 0 0.29999999999999999 0.34999999999999998 90 0 68
821 100 1 1 0.75 -0.10000000000000001 0.90000000000000002 0 0.29999999999999999 0.34999999999999998 180 0 32
821 100 1 1 0.75 -0.10000000000000001 0.90000000000000002 0 0.29999999999999999 0.34999999999999998 180 0 68
822 100 1 1 0.75 -0.10000000000000001 0.90000000000000002 0 0.29999999999999999 0.69999999999999996 0 0 32
822 100 1 1 0.75 -0.10000000000000001 0.90000000000000002 0 0.29999999999999999 0.69999999999999996 0 0 68
823 100 1 1 0.75 -0.10000000000000001 0.90000000000000002 0 0.29999999999999999 0.69999999999999996 90 0 32
823 100 1 1 0.75 -0.10000000000000001 0.90000000000000002 0 0.29999999999999999 0.69999999999999996 90 0 68
824 100 1 1 0.75 -0.10000000000000001 0.90000000000000002 0 0.29999999999999999 0.69999999999999996 180 0 32
824 100 1 1 0.75 -0.10000000000000001 0.90000000000000002 0 0.29999999999999999 0.69999999999999996 180 0 68
825 100 1 1 0.75 -0.10000000000000001 0.90000000000000002 0 0.29999999999999999 1 0 0 32
825 100 1 1 0.75 -0.10000000000000001 0.90000000000000002 0 0.29999999999999999 1 0 0 68
826 100 1 1 0.75 -0.10000000000000001 0.90000000000000002 0 0.29999999999999999 1 90 0 32
826 100 1 1 0.75 -0.10000000000000001 0.90000000000000002 0 0.29999999999999999 1 90 0 68
827 100 1 1 0.75 -0.10000000000000001 0.90000000000000002 0 0.29999999999999999 1 180 0 32
827 100 1 1 0.75 -0.10000000000000001 0.90000000000000002 0 0.29999999999999999 1 180 0 68
828 100 1 1 0.75 -0.10000000000000001 0.90000000000000002 0 0.42261826174069944 0.34999999999999998 0 0 32
828 100 1 1 0.75 -0.10000000000000001 0.90000000000000002 0 0.42261826174069944 0.34999999999999998 0 0 68
829 100 1 1 0.75 -0.10000000000000001 0.90000000000000002 0 0.42261826174069944 0.34999999999999998 90 0 32
829 100 1 1 0.75 -0.10000000000000001 0.90000000000000002 0 0.42261826174069944 0.34999999999999998 90 0 68
830 100 1 1 0.75 -0.10000000000000001 0.90000000000000002 0 0.42261826174069944 0.34999999999999998 180 0 32
830 100 1 1 0.75 -0.10000000000000001 0.90000000000000002 0 0.42261826174069944 0.34999999999999998 180 0 68
831 100 1 1 0.75 -0.10000000000000001 0.90000000000000002 0 0.42261826174069944 0.69999999999999996 0 0 32
831 100 1 1 0.75 -0.10000000000000001 0.90000000000000002 0 0.42261826174069944 0.69999999999999996 0 0 68
832 100 1 1 0.75 -0.10000000000000001 0.90000000000000002 0 0.42261826174069944 0.69999999999999996 90 0 32
832 100 1 1 0.75 -0.10000000000000001 0.90000000000000002 0 0.42261826174069944 0.69999999999999996 90 0 68
833 100 1 1 0.75 -0.10000000000000001 0.90000000000000002 0 0.42261826174069944 0.69999999999999996 180 0 32
833 100 1 1 0.75 -0.10000000000000001 0.90000000000000002 0 0.42261826174069944 0.69999999999999996 180 0 68
834 100 1 1 0.75 -0.10000000000000001 0.90000000000000002 0 0.42261826174069944 1 0 0 32
834 100 1 1 0.75 -0.10000000000000001 0.90000000000000002 0 0.42261826174069944 1 0 0 68
835 100 1 1 0.75 -0.10000000000000001 0.90000000000000002 0 0.42261826174069944 1 90 0 32
835 100 1 1 0.75 -0.10000000000000001 0.90000000000000002 0 0.42261826174069944 1 90 0 68
836 100 1 1 0.75 -0.10000000000000001 0.90000000000000002 0 0.42261826174069944 1 180 0 32
836 100 1 1 0.75 -0.10000000000000001 0.90000000000000002 0 0.42261826174069944 1 180 0 68
837 100 1 1 0.75 -0.10000000000000001 0.90000000000000002 0 0.65000000000000002 0.34999999999999998 0 0 32
837 100 1 1 0.75 -0.10000000000000001 0.90000000000000002 0 0.65000000000000002 0.34999999999999998 0 0 68
838 100 1 1 0.75 -0.10000000000000001 0.90000000000000002 0 0.65000000000000002 0.34999999999999998 90 0 32
838 100 1 1 0.75 -0.10000000000000001 0.90000000000000002 0 0.65000000000000002 0.34999999999999998 90 0 68
839 100 1 1 0.75 -0.10000000000000001 0.90000000000000002 0 0.65000000000000002 0.34999999999999998 180 0 32
839 100 1 1 0.75 -0.10000000000000001 0.90000000000000002 0 0.65000000000000002 0.34999999999999998 180 0 68
840 100 1 1 0.75 -0.10000000000000001 0.90000000000000002 0 0.65000000000000002 0.69999999999999996 0 0 32
840 100 1 1 0.75 -0.10000000000000001 0.90000000000000002 0 0.65000000000000002 0.69999999999999996 0 0 68
841 100 1 1 0.75 -0.10000000000000001 0.90000000000000002 0 0.65000000000000002 0.69999999999999996 90 0 32
841 100 1 1 0.75 -0.10000000000000001 0.90000000000000002 0 0.65000000000000002 0.69999999999999996 90 0 68
842 100 1 1 0.75 -0.10000000000000001 0.90000000000000002 0 0.65000000000000002 0.69999999999999996 180 0 32
842 100 1 1 0.75 -0.10000000000000001 0.90000000000000002 0 0.65000000000000002 0.69999999999999996 180 0 68
843 100 1 1 0.75 -0.10000000000000001 0.90000000000000002 0 0.65000000000000002 1 0 0 32
843 100 1 1 0.75 -0.10000000000000001 0.90000000000000002 0 0.65000000000000002 1 0 0 68
844 100 1 1 0.75 -0.10000000000000001 0.90000000000000002 0 0.65000000000000002 1 90 0 32
844 100 1 1 0.75 -0.10000000000000001 0.90000000000000002 0 0.65000000000000002 1 90 0 68
845 100 1 1 0.75 -0.10000000000000001 0.90000000000000002 0 0.65000000000000002 1 180 0 32
845 100 1 1 0.75 -0.10000000000000001 0.90000000000000002 0 0.65000000000000002 1 180 0 68
846 100 1 1 0.75 -0.10000000000000001 0.90000000000000002 0 0.86602540378443871 0.34999999999999998 0 0 32
846 100 1 1 0.75 -0.10000000000000001 0.90000000000000002 0 0.86602540378443871 0.34999999999999998 0 0 68
847 100 1 1 0.75 -0.10000000000000001 0.90000000000000002 0 0.86602540378443871 0.34999999999999998 90 0 32
847 100 1 1 0.75 -0.10000000000000001 0.90000000000000002 0 0.86602540378443871 0.34999999999999998 90 0 68
848 100 1 1 0.75 -0.10000000000000001 0.90000000000000002 0 0.86602540378443871 0.34999999999999998 180 0 32
848 100 1 1 0.75 -0.10000000000000001 0.90000000000000002 0 0.86602540378443871 0.34999999999999998 180 0 68
849 100 1 1 0.75 -0.10000000000000001 0.90000000000000002 0 0.86602540378443871 0.69999999999999996 0 0 32
849 100 1 1 0.75 -0.10000000000000001 0.90000000000000002 0 0.86602540378443871 0.69999999999999996 0 0 68
850 100 1 1 0.75 -0.10000000000000001 0.90000000000000002 0 0.86602540378443871 0.69999999999999996 90 0 32
850 100 1 1 0.75 -0.10000000000000001 0.90000000000000002 0 0.86602540378443871 0.69999999999999996 90 0 68
851 100 1 1 0.75 -0.10000000000000001 0.90000000000000002 0 0.86602540378443871 0.69999999999999996 180 0 32
851 100 1 1 0.75 -0.10000000000000001 0.90000000000000002 0 0.86602540378443871 0.69999999999999996 180 0 68
852 100 1 1 0.75 -0.10000000000000001 0.90000000000000002 0 0.86602540378443871 1 0 0 32
852 100 1 1 0.75 -0.10000000000000001 0.90000000000000002 0 0.86602540378443871 1 0 0 68
853 100 1 1 0.75 -0.10000000000000001 0.90000000000000002 0 0.86602540378443871 1 90 0 32
853 100 1 1 0.75 -0.10000000000000001 0.90000000000000002 0 0.86602540378443871 1 90 0 68
854 100 1 1 0.75 -0.10000000000000001 0.90000000000000002 0 0.86602540378443871 1 180 0 32
854 100 1 1 0.75 -0.10000000000000001 0.90000000000000002 0 0.86602540378443871 1 180 0 68
855 100 1 1 0.75 -0.10000000000000001 0.90000000000000002 0 0.97999999999999998 0.34999999999999998 0 0 32
855 100 1 1 0.75 -0.10000000000000001 0.90000000000000002 0 0.97999999999999998 0.34999999999999998 0 0 68
856 100 1 1 0.75 -0.10000000000000001 0.90000000000000002 0 0.97999999999999998 0.34999999999999998 90 0 32
856 100 1 1 0.75 -0.10000000000000001 0.90000000000000002 0 0.97999999999999998 0.34999999999999998 90 0 68
857 100 1 1 0.75 -0.10000000000000001 0.90000000000000002 0 0.97999999999999998 0.34999999999999998 180 0 32
857 100 1 1 0.75 -0.10000000000000001 0.90000000000000002 0 0.97999999999999998 0.34999999999999998 180 0 68
858 100 1 1 0.75 -0.10000000000000001 0.90000000000000002 0 0.97999999999999998 0.69999999999999996 0 0 32
858 100 1 1 0.75 -0.10000000000000001 0.90000000000000002 0 0.97999999999999998 0.69999999999999996 0 0 68
859 100 1 1 0.75 -0.10000000000000001 0.90000000000000002 0 0.97999999999999998 0.69999999999999996 90 0 32
859 100 1 1 0.75 -0.10000000000000001 0.90000000000000002 0 0.97999999999999998 0.69999999999999996 90 0 68
860 100 1 1 0.75 -0.10000000000000001 0.90000000000000002 0 0.97999999999999998 0.69999999999999996 180 0 32
860 100 1 1 0.75 -0.10000000000000001 0.90000000000000002 0 0.97999999999999998 0.69999999999999996 180 0 68
861 100 1 1 0.75 -0.10000000000000001 0.90000000000000002 0 0.97999999999999998 1 0 0 32
861 100 1 1 0.75 -0.10000000000000001 0.90000000000000002 0 0.97999999999999998 1 0 0 68
862 100 1 1 0.75 -0.10000000000000001 0.90000000000000002 0 0.97999999999999998 1 90 0 32
862 100 1 1 0.75 -0.10000000000000001 0.90000000000000002 0 0.97999999999999998 1 90 0 68
863 100 1 1 0.75 -0.10000000000000001 0.90000000000000002 0 0.97999999999999998 1 180 0 32
863 100 1 1 0.75 -0.10000000000000001 0.90000000000000002 0 0.97999999999999998 1 180 0 68
