id,x,n_real,n_imag,angle_deg,qext,qsca,g,phase_sr1
0.0,3.5532991886138916,1.3446881771087646,9.033612191622353e-10,0.0,2.4887235164642334,2.4887235164642334,0.8019805550575256,1.1206272488489533
0.0,3.5532991886138916,1.3446881771087646,9.033612191622353e-10,0.1,2.4887235164642334,2.4887235164642334,0.8019805550575256,1.1206156649175205
0.0,3.5532991886138916,1.3446881771087646,9.033612191622353e-10,1.0,2.4887235164642334,2.4887235164642334,0.8019805550575256,1.1194705008551373
0.0,3.5532991886138916,1.3446881771087646,9.033612191622353e-10,10.0,2.4887235164642334,2.4887235164642334,0.8019805550575256,1.0102607651011288
0.0,3.5532991886138916,1.3446881771087646,9.033612191622353e-10,30.0,2.4887235164642334,2.4887235164642334,0.8019805550575256,0.4269106023321401
0.0,3.5532991886138916,1.3446881771087646,9.033612191622353e-10,60.0,2.4887235164642334,2.4887235164642334,0.8019805550575256,0.019436940584302058
0.0,3.5532991886138916,1.3446881771087646,9.033612191622353e-10,90.0,2.4887235164642334,2.4887235164642334,0.8019805550575256,0.009868260850024067
0.0,3.5532991886138916,1.3446881771087646,9.033612191622353e-10,120.0,2.4887235164642334,2.4887235164642334,0.8019805550575256,0.004630458773885697
0.0,3.5532991886138916,1.3446881771087646,9.033612191622353e-10,150.0,2.4887235164642334,2.4887235164642334,0.8019805550575256,0.007681809058914194
0.0,3.5532991886138916,1.3446881771087646,9.033612191622353e-10,170.0,2.4887235164642334,2.4887235164642334,0.8019805550575256,0.013935821296177538
0.0,3.5532991886138916,1.3446881771087646,9.033612191622353e-10,179.0,2.4887235164642334,2.4887235164642334,0.8019805550575256,0.015189460273238788
0.0,3.5532991886138916,1.3446881771087646,9.033612191622353e-10,179.9,2.4887235164642334,2.4887235164642334,0.8019805550575256,0.015202693844972234
0.0,3.5532991886138916,1.3446881771087646,9.033612191622353e-10,180.0,2.4887235164642334,2.4887235164642334,0.8019805550575256,0.01520282738847904
1.0,7.106598377227783,1.3446881771087646,9.033612191622353e-10,0.0,3.6581530570983887,3.6581530570983887,0.8116857409477234,3.7196371279525975
1.0,7.106598377227783,1.3446881771087646,9.033612191622353e-10,0.1,3.6581530570983887,3.6581530570983887,0.8116857409477234,3.7194650677601464
1.0,7.106598377227783,1.3446881771087646,9.033612191622353e-10,1.0,3.6581530570983887,3.6581530570983887,0.8116857409477234,3.7024842450590167
1.0,7.106598377227783,1.3446881771087646,9.033612191622353e-10,10.0,3.6581530570983887,3.6581530570983887,0.8116857409477234,2.3097801511836358
1.0,7.106598377227783,1.3446881771087646,9.033612191622353e-10,30.0,3.6581530570983887,3.6581530570983887,0.8116857409477234,0.13075981089719282
1.0,7.106598377227783,1.3446881771087646,9.033612191622353e-10,60.0,3.6581530570983887,3.6581530570983887,0.8116857409477234,0.02664275602765123
1.0,7.106598377227783,1.3446881771087646,9.033612191622353e-10,90.0,3.6581530570983887,3.6581530570983887,0.8116857409477234,0.006989821792703419
1.0,7.106598377227783,1.3446881771087646,9.033612191622353e-10,120.0,3.6581530570983887,3.6581530570983887,0.8116857409477234,0.008147278195422557
1.0,7.106598377227783,1.3446881771087646,9.033612191622353e-10,150.0,3.6581530570983887,3.6581530570983887,0.8116857409477234,0.01821114254164604
1.0,7.106598377227783,1.3446881771087646,9.033612191622353e-10,170.0,3.6581530570983887,3.6581530570983887,0.8116857409477234,0.005960037901728572
1.0,7.106598377227783,1.3446881771087646,9.033612191622353e-10,179.0,3.6581530570983887,3.6581530570983887,0.8116857409477234,0.006236236339007626
1.0,7.106598377227783,1.3446881771087646,9.033612191622353e-10,179.9,3.6581530570983887,3.6581530570983887,0.8116857409477234,0.006274182858769056
1.0,7.106598377227783,1.3446881771087646,9.033612191622353e-10,180.0,3.6581530570983887,3.6581530570983887,0.8116857409477234,0.006274571881149322
2.0,28.426393508911133,1.3446881771087646,9.033612191622353e-10,0.0,1.962349772453308,1.962349772453308,0.8057588934898376,32.43272461441507
2.0,28.426393508911133,1.3446881771087646,9.033612191622353e-10,0.1,1.962349772453308,1.962349772453308,0.8057588934898376,32.40871207485136
2.0,28.426393508911133,1.3446881771087646,9.033612191622353e-10,1.0,1.962349772453308,1.962349772453308,0.8057588934898376,30.099743673759
2.0,28.426393508911133,1.3446881771087646,9.033612191622353e-10,10.0,1.962349772453308,1.962349772453308,0.8057588934898376,2.3048145197243985
2.0,28.426393508911133,1.3446881771087646,9.033612191622353e-10,30.0,1.962349772453308,1.962349772453308,0.8057588934898376,0.10867905197602365
2.0,28.426393508911133,1.3446881771087646,9.033612191622353e-10,60.0,1.962349772453308,1.962349772453308,0.8057588934898376,0.033566021741047974
2.0,28.426393508911133,1.3446881771087646,9.033612191622353e-10,90.0,1.962349772453308,1.962349772453308,0.8057588934898376,0.004367345730371729
2.0,28.426393508911133,1.3446881771087646,9.033612191622353e-10,120.0,1.962349772453308,1.962349772453308,0.8057588934898376,0.0008716771597715345
2.0,28.426393508911133,1.3446881771087646,9.033612191622353e-10,150.0,1.962349772453308,1.962349772453308,0.8057588934898376,0.01658466654673218
2.0,28.426393508911133,1.3446881771087646,9.033612191622353e-10,170.0,1.962349772453308,1.962349772453308,0.8057588934898376,0.005121473343597378
2.0,28.426393508911133,1.3446881771087646,9.033612191622353e-10,179.0,1.962349772453308,1.962349772453308,0.8057588934898376,0.012515146666028768
2.0,28.426393508911133,1.3446881771087646,9.033612191622353e-10,179.9,1.962349772453308,1.962349772453308,0.8057588934898376,0.013385450706048652
2.0,28.426393508911133,1.3446881771087646,9.033612191622353e-10,180.0,1.962349772453308,1.962349772453308,0.8057588934898376,0.01339717915938067
3.0,71.06598663330078,1.3446881771087646,9.033612191622353e-10,0.0,2.1951181888580322,2.195117712020874,0.8714870810508728,221.56728130004245
3.0,71.06598663330078,1.3446881771087646,9.033612191622353e-10,0.1,2.1951181888580322,2.195117712020874,0.8714870810508728,220.71464140033945
3.0,71.06598663330078,1.3446881771087646,9.033612191622353e-10,1.0,2.1951181888580322,2.195117712020874,0.8714870810508728,148.91945207336585
3.0,71.06598663330078,1.3446881771087646,9.033612191622353e-10,10.0,2.1951181888580322,2.195117712020874,0.8714870810508728,0.967389127598731
3.0,71.06598663330078,1.3446881771087646,9.033612191622353e-10,30.0,2.1951181888580322,2.195117712020874,0.8714870810508728,0.21516082587293375
3.0,71.06598663330078,1.3446881771087646,9.033612191622353e-10,60.0,2.1951181888580322,2.195117712020874,0.8714870810508728,0.02834971818142242
3.0,71.06598663330078,1.3446881771087646,9.033612191622353e-10,90.0,2.1951181888580322,2.195117712020874,0.8714870810508728,0.001407202303046712
3.0,71.06598663330078,1.3446881771087646,9.033612191622353e-10,120.0,2.1951181888580322,2.195117712020874,0.8714870810508728,0.002067661219160041
3.0,71.06598663330078,1.3446881771087646,9.033612191622353e-10,150.0,2.1951181888580322,2.195117712020874,0.8714870810508728,0.008575500192713751
3.0,71.06598663330078,1.3446881771087646,9.033612191622353e-10,170.0,2.1951181888580322,2.195117712020874,0.8714870810508728,0.014949325668514452
3.0,71.06598663330078,1.3446881771087646,9.033612191622353e-10,179.0,2.1951181888580322,2.195117712020874,0.8714870810508728,0.028741471006352475
3.0,71.06598663330078,1.3446881771087646,9.033612191622353e-10,179.9,2.1951181888580322,2.195117712020874,0.8714870810508728,0.03815414150331909
3.0,71.06598663330078,1.3446881771087646,9.033612191622353e-10,180.0,2.1951181888580322,2.195117712020874,0.8714870810508728,0.03837088139664666
4.0,142.13197326660156,1.3446881771087646,9.033612191622353e-10,0.0,2.1084840297698975,2.1084835529327393,0.8632409572601318,847.5951342652346
4.0,142.13197326660156,1.3446881771087646,9.033612191622353e-10,0.1,2.1084840297698975,2.1084835529327393,0.8632409572601318,834.3247771545207
4.0,142.13197326660156,1.3446881771087646,9.033612191622353e-10,1.0,2.1084840297698975,2.1084835529327393,0.8632409572601318,134.02476095460773
4.0,142.13197326660156,1.3446881771087646,9.033612191622353e-10,10.0,2.1084840297698975,2.1084835529327393,0.8632409572601318,0.8480844530641676
4.0,142.13197326660156,1.3446881771087646,9.033612191622353e-10,30.0,2.1084840297698975,2.1084835529327393,0.8632409572601318,0.1122867917321633
4.0,142.13197326660156,1.3446881771087646,9.033612191622353e-10,60.0,2.1084840297698975,2.1084835529327393,0.8632409572601318,0.032235811242332206
4.0,142.13197326660156,1.3446881771087646,9.033612191622353e-10,90.0,2.1084840297698975,2.1084835529327393,0.8632409572601318,0.0011169181649727292
4.0,142.13197326660156,1.3446881771087646,9.033612191622353e-10,120.0,2.1084840297698975,2.1084835529327393,0.8632409572601318,0.009549799590981399
4.0,142.13197326660156,1.3446881771087646,9.033612191622353e-10,150.0,2.1084840297698975,2.1084835529327393,0.8632409572601318,0.02366051841640722
4.0,142.13197326660156,1.3446881771087646,9.033612191622353e-10,170.0,2.1084840297698975,2.1084835529327393,0.8632409572601318,0.015840562439889003
4.0,142.13197326660156,1.3446881771087646,9.033612191622353e-10,179.0,2.1084840297698975,2.1084835529327393,0.8632409572601318,0.03196769734535311
4.0,142.13197326660156,1.3446881771087646,9.033612191622353e-10,179.9,2.1084840297698975,2.1084835529327393,0.8632409572601318,0.1937318325611696
4.0,142.13197326660156,1.3446881771087646,9.033612191622353e-10,180.0,2.1084840297698975,2.1084835529327393,0.8632409572601318,0.19997288545275801
5.0,355.3299255371094,1.3446881771087646,9.033612191622353e-10,0.0,2.0427322387695312,2.042731285095215,0.8738068342208862,5137.781080825676
5.0,355.3299255371094,1.3446881771087646,9.033612191622353e-10,0.1,2.0427322387695312,2.042731285095215,0.8738068342208862,4654.41030582169
5.0,355.3299255371094,1.3446881771087646,9.033612191622353e-10,1.0,2.0427322387695312,2.042731285095215,0.8738068342208862,26.493497643428086
5.0,355.3299255371094,1.3446881771087646,9.033612191622353e-10,10.0,2.0427322387695312,2.042731285095215,0.8738068342208862,0.23618064629099075
5.0,355.3299255371094,1.3446881771087646,9.033612191622353e-10,30.0,2.0427322387695312,2.042731285095215,0.8738068342208862,0.2253613671541814
5.0,355.3299255371094,1.3446881771087646,9.033612191622353e-10,60.0,2.0427322387695312,2.042731285095215,0.8738068342208862,0.028631883348611845
5.0,355.3299255371094,1.3446881771087646,9.033612191622353e-10,90.0,2.0427322387695312,2.042731285095215,0.8738068342208862,0.0013070919968788766
5.0,355.3299255371094,1.3446881771087646,9.033612191622353e-10,120.0,2.0427322387695312,2.042731285095215,0.8738068342208862,0.001123824063964238
5.0,355.3299255371094,1.3446881771087646,9.033612191622353e-10,150.0,2.0427322387695312,2.042731285095215,0.8738068342208862,0.009901254180729931
5.0,355.3299255371094,1.3446881771087646,9.033612191622353e-10,170.0,2.0427322387695312,2.042731285095215,0.8738068342208862,0.0072130842595605
5.0,355.3299255371094,1.3446881771087646,9.033612191622353e-10,179.0,2.0427322387695312,2.042731285095215,0.8738068342208862,0.01248808223916705
5.0,355.3299255371094,1.3446881771087646,9.033612191622353e-10,179.9,2.0427322387695312,2.042731285095215,0.8738068342208862,0.006065150999404101
5.0,355.3299255371094,1.3446881771087646,9.033612191622353e-10,180.0,2.0427322387695312,2.042731285095215,0.8738068342208862,0.00685633836346109
6.0,710.6598510742188,1.3446881771087646,9.033612191622353e-10,0.0,2.02675461769104,2.026752233505249,0.8755814433097839,20374.76566061013
6.0,710.6598510742188,1.3446881771087646,9.033612191622353e-10,0.1,2.02675461769104,2.026752233505249,0.8755814433097839,13619.17342022549
6.0,710.6598510742188,1.3446881771087646,9.033612191622353e-10,1.0,2.02675461769104,2.026752233505249,0.8755814433097839,16.53325594637346
6.0,710.6598510742188,1.3446881771087646,9.033612191622353e-10,10.0,2.02675461769104,2.026752233505249,0.8755814433097839,0.8219914529079525
6.0,710.6598510742188,1.3446881771087646,9.033612191622353e-10,30.0,2.02675461769104,2.026752233505249,0.8755814433097839,0.1450534660455219
6.0,710.6598510742188,1.3446881771087646,9.033612191622353e-10,60.0,2.02675461769104,2.026752233505249,0.8755814433097839,0.014082489985823725
6.0,710.6598510742188,1.3446881771087646,9.033612191622353e-10,90.0,2.02675461769104,2.026752233505249,0.8755814433097839,0.0009776077450800128
6.0,710.6598510742188,1.3446881771087646,9.033612191622353e-10,120.0,2.02675461769104,2.026752233505249,0.8755814433097839,0.0029977787123431727
6.0,710.6598510742188,1.3446881771087646,9.033612191622353e-10,150.0,2.02675461769104,2.026752233505249,0.8755814433097839,0.0067693085143532075
6.0,710.6598510742188,1.3446881771087646,9.033612191622353e-10,170.0,2.02675461769104,2.026752233505249,0.8755814433097839,0.007336855546776718
6.0,710.6598510742188,1.3446881771087646,9.033612191622353e-10,179.0,2.02675461769104,2.026752233505249,0.8755814433097839,0.00512246005968846
6.0,710.6598510742188,1.3446881771087646,9.033612191622353e-10,179.9,2.02675461769104,2.026752233505249,0.8755814433097839,0.010510064829208536
6.0,710.6598510742188,1.3446881771087646,9.033612191622353e-10,180.0,2.02675461769104,2.026752233505249,0.8755814433097839,0.015589805683355547
7.0,1421.3197021484375,1.3446881771087646,9.033612191622353e-10,0.0,2.0174057483673096,2.0174005031585693,0.8791751265525818,81095.14429067407
7.0,1421.3197021484375,1.3446881771087646,9.033612191622353e-10,0.1,2.0174057483673096,2.0174005031585693,0.8791751265525818,13076.647356425967
7.0,1421.3197021484375,1.3446881771087646,9.033612191622353e-10,1.0,2.0174057483673096,2.0174005031585693,0.8791751265525818,11.30311039841649
7.0,1421.3197021484375,1.3446881771087646,9.033612191622353e-10,10.0,2.0174057483673096,2.0174005031585693,0.8791751265525818,0.7432884887993509
7.0,1421.3197021484375,1.3446881771087646,9.033612191622353e-10,30.0,2.0174057483673096,2.0174005031585693,0.8791751265525818,0.14754023833961494
7.0,1421.3197021484375,1.3446881771087646,9.033612191622353e-10,60.0,2.0174057483673096,2.0174005031585693,0.8791751265525818,0.013976342005031115
7.0,1421.3197021484375,1.3446881771087646,9.033612191622353e-10,90.0,2.0174057483673096,2.0174005031585693,0.8791751265525818,0.0010447798101295479
7.0,1421.3197021484375,1.3446881771087646,9.033612191622353e-10,120.0,2.0174057483673096,2.0174005031585693,0.8791751265525818,0.003144669288015428
7.0,1421.3197021484375,1.3446881771087646,9.033612191622353e-10,150.0,2.0174057483673096,2.0174005031585693,0.8791751265525818,0.01682196327949296
7.0,1421.3197021484375,1.3446881771087646,9.033612191622353e-10,170.0,2.0174057483673096,2.0174005031585693,0.8791751265525818,0.0014724130366483748
7.0,1421.3197021484375,1.3446881771087646,9.033612191622353e-10,179.0,2.0174057483673096,2.0174005031585693,0.8791751265525818,0.0054164159079738575
7.0,1421.3197021484375,1.3446881771087646,9.033612191622353e-10,179.9,2.0174057483673096,2.0174005031585693,0.8791751265525818,0.004358708815061665
7.0,1421.3197021484375,1.3446881771087646,9.033612191622353e-10,180.0,2.0174057483673096,2.0174005031585693,0.8791751265525818,0.07253116185582875
8.0,3.3421199321746826,1.3419511318206787,7.285309022719844e-10,0.0,2.2579174041748047,2.2579171657562256,0.7960503101348877,0.9949000340953342
8.0,3.3421199321746826,1.3419511318206787,7.285309022719844e-10,0.1,2.2579174041748047,2.2579171657562256,0.7960503101348877,0.9948909388277466
8.0,3.3421199321746826,1.3419511318206787,7.285309022719844e-10,1.0,2.2579174041748047,2.2579171657562256,0.7960503101348877,0.9939995749387123
8.0,3.3421199321746826,1.3419511318206787,7.285309022719844e-10,10.0,2.2579174041748047,2.2579171657562256,0.7960503101348877,0.9085345600426995
8.0,3.3421199321746826,1.3419511318206787,7.285309022719844e-10,30.0,2.2579174041748047,2.2579171657562256,0.7960503101348877,0.430398069435547
8.0,3.3421199321746826,1.3419511318206787,7.285309022719844e-10,60.0,2.2579174041748047,2.2579171657562256,0.7960503101348877,0.026304506772461975
8.0,3.3421199321746826,1.3419511318206787,7.285309022719844e-10,90.0,2.2579174041748047,2.2579171657562256,0.7960503101348877,0.010042552847807328
8.0,3.3421199321746826,1.3419511318206787,7.285309022719844e-10,120.0,2.2579174041748047,2.2579171657562256,0.7960503101348877,0.005537451970116839
8.0,3.3421199321746826,1.3419511318206787,7.285309022719844e-10,150.0,2.2579174041748047,2.2579171657562256,0.7960503101348877,0.004826489244424199
8.0,3.3421199321746826,1.3419511318206787,7.285309022719844e-10,170.0,2.2579174041748047,2.2579171657562256,0.7960503101348877,0.010182629317234642
8.0,3.3421199321746826,1.3419511318206787,7.285309022719844e-10,179.0,2.2579174041748047,2.2579171657562256,0.7960503101348877,0.011252138757860686
8.0,3.3421199321746826,1.3419511318206787,7.285309022719844e-10,179.9,2.2579174041748047,2.2579171657562256,0.7960503101348877,0.011263390148237814
8.0,3.3421199321746826,1.3419511318206787,7.285309022719844e-10,180.0,2.2579174041748047,2.2579171657562256,0.7960503101348877,0.01126350243455161
9.0,6.684239864349365,1.3419511318206787,7.285309022719844e-10,0.0,3.860258102416992,3.860258102416992,0.8371477723121643,3.4418537622925416
9.0,6.684239864349365,1.3419511318206787,7.285309022719844e-10,0.1,3.860258102416992,3.860258102416992,0.8371477723121643,3.441720877897553
9.0,6.684239864349365,1.3419511318206787,7.285309022719844e-10,1.0,3.860258102416992,3.860258102416992,0.8371477723121643,3.4285434588626242
9.0,6.684239864349365,1.3419511318206787,7.285309022719844e-10,10.0,3.860258102416992,3.860258102416992,0.8371477723121643,2.3122912317958697
9.0,6.684239864349365,1.3419511318206787,7.285309022719844e-10,30.0,3.860258102416992,3.860258102416992,0.8371477723121643,0.08916921193082261
9.0,6.684239864349365,1.3419511318206787,7.285309022719844e-10,60.0,3.860258102416992,3.860258102416992,0.8371477723121643,0.015538856240628915
9.0,6.684239864349365,1.3419511318206787,7.285309022719844e-10,90.0,3.860258102416992,3.860258102416992,0.8371477723121643,0.006979867553340192
9.0,6.684239864349365,1.3419511318206787,7.285309022719844e-10,120.0,3.860258102416992,3.860258102416992,0.8371477723121643,0.00732876688401124
9.0,6.684239864349365,1.3419511318206787,7.285309022719844e-10,150.0,3.860258102416992,3.860258102416992,0.8371477723121643,0.011506248324343578
9.0,6.684239864349365,1.3419511318206787,7.285309022719844e-10,170.0,3.860258102416992,3.860258102416992,0.8371477723121643,0.005305593677967921
9.0,6.684239864349365,1.3419511318206787,7.285309022719844e-10,179.0,3.860258102416992,3.860258102416992,0.8371477723121643,0.007633409936467718
9.0,6.684239864349365,1.3419511318206787,7.285309022719844e-10,179.9,3.860258102416992,3.860258102416992,0.8371477723121643,0.007677609412419017
9.0,6.684239864349365,1.3419511318206787,7.285309022719844e-10,180.0,3.860258102416992,3.860258102416992,0.8371477723121643,0.0076780590588675125
10.0,26.73695945739746,1.3419511318206787,7.285309022719844e-10,0.0,2.4375836849212646,2.4375836849212646,0.7981404066085815,35.375957919968435
10.0,26.73695945739746,1.3419511318206787,7.285309022719844e-10,0.1,2.4375836849212646,2.4375836849212646,0.7981404066085815,35.3542707367491
10.0,26.73695945739746,1.3419511318206787,7.285309022719844e-10,1.0,2.4375836849212646,2.4375836849212646,0.7981404066085815,33.261669130821176
10.0,26.73695945739746,1.3419511318206787,7.285309022719844e-10,10.0,2.4375836849212646,2.4375836849212646,0.7981404066085815,0.9522140864809642
10.0,26.73695945739746,1.3419511318206787,7.285309022719844e-10,30.0,2.4375836849212646,2.4375836849212646,0.7981404066085815,0.2651019061914493
10.0,26.73695945739746,1.3419511318206787,7.285309022719844e-10,60.0,2.4375836849212646,2.4375836849212646,0.7981404066085815,0.03901648854786518
10.0,26.73695945739746,1.3419511318206787,7.285309022719844e-10,90.0,2.4375836849212646,2.4375836849212646,0.7981404066085815,0.0032690127866737565
10.0,26.73695945739746,1.3419511318206787,7.285309022719844e-10,120.0,2.4375836849212646,2.4375836849212646,0.7981404066085815,0.0024730574124366225
10.0,26.73695945739746,1.3419511318206787,7.285309022719844e-10,150.0,2.4375836849212646,2.4375836849212646,0.7981404066085815,0.04585237303334876
10.0,26.73695945739746,1.3419511318206787,7.285309022719844e-10,170.0,2.4375836849212646,2.4375836849212646,0.7981404066085815,0.01057004393493833
10.0,26.73695945739746,1.3419511318206787,7.285309022719844e-10,179.0,2.4375836849212646,2.4375836849212646,0.7981404066085815,0.15952440592013523
10.0,26.73695945739746,1.3419511318206787,7.285309022719844e-10,179.9,2.4375836849212646,2.4375836849212646,0.7981404066085815,0.18266364033715882
10.0,26.73695945739746,1.3419511318206787,7.285309022719844e-10,180.0,2.4375836849212646,2.4375836849212646,0.7981404066085815,0.18291295600308546
11.0,66.84239959716797,1.3419511318206787,7.285309022719844e-10,0.0,2.0161170959472656,2.0161166191101074,0.8515685200691223,179.9075681946938
11.0,66.84239959716797,1.3419511318206787,7.285309022719844e-10,0.1,2.0161170959472656,2.0161166191101074,0.8515685200691223,179.21986229576194
11.0,66.84239959716797,1.3419511318206787,7.285309022719844e-10,1.0,2.0161170959472656,2.0161166191101074,0.8515685200691223,120.9454328397109
11.0,66.84239959716797,1.3419511318206787,7.285309022719844e-10,10.0,2.0161170959472656,2.0161166191101074,0.8515685200691223,0.35479568642647324
11.0,66.84239959716797,1.3419511318206787,7.285309022719844e-10,30.0,2.0161170959472656,2.0161166191101074,0.8515685200691223,0.18770768436518787
11.0,66.84239959716797,1.3419511318206787,7.285309022719844e-10,60.0,2.0161170959472656,2.0161166191101074,0.8515685200691223,0.017663089588093168
11.0,66.84239959716797,1.3419511318206787,7.285309022719844e-10,90.0,2.0161170959472656,2.0161166191101074,0.8515685200691223,0.0014921308785570873
11.0,66.84239959716797,1.3419511318206787,7.285309022719844e-10,120.0,2.0161170959472656,2.0161166191101074,0.8515685200691223,0.005599885168519063
11.0,66.84239959716797,1.3419511318206787,7.285309022719844e-10,150.0,2.0161170959472656,2.0161166191101074,0.8515685200691223,0.01446717299322449
11.0,66.84239959716797,1.3419511318206787,7.285309022719844e-10,170.0,2.0161170959472656,2.0161166191101074,0.8515685200691223,0.01080649999841183
11.0,66.84239959716797,1.3419511318206787,7.285309022719844e-10,179.0,2.0161170959472656,2.0161166191101074,0.8515685200691223,0.022378702317997167
11.0,66.84239959716797,1.3419511318206787,7.285309022719844e-10,179.9,2.0161170959472656,2.0161166191101074,0.8515685200691223,0.026128150007979405
11.0,66.84239959716797,1.3419511318206787,7.285309022719844e-10,180.0,2.0161170959472656,2.0161166191101074,0.8515685200691223,0.026225135440992062
12.0,133.68479919433594,1.3419511318206787,7.285309022719844e-10,0.0,2.104356050491333,2.104355812072754,0.8636555075645447,748.4949572389129
12.0,133.68479919433594,1.3419511318206787,7.285309022719844e-10,0.1,2.104356050491333,2.104355812072754,0.8636555075645447,738.0473114268544
12.0,133.68479919433594,1.3419511318206787,7.285309022719844e-10,1.0,2.104356050491333,2.104355812072754,0.8636555075645447,149.45445098332814
12.0,133.68479919433594,1.3419511318206787,7.285309022719844e-10,10.0,2.104356050491333,2.104355812072754,0.8636555075645447,0.9367242415401238
12.0,133.68479919433594,1.3419511318206787,7.285309022719844e-10,30.0,2.104356050491333,2.104355812072754,0.8636555075645447,0.11340354448283503
12.0,133.68479919433594,1.3419511318206787,7.285309022719844e-10,60.0,2.104356050491333,2.104355812072754,0.8636555075645447,0.02145320839651919
12.0,133.68479919433594,1.3419511318206787,7.285309022719844e-10,90.0,2.104356050491333,2.104355812072754,0.8636555075645447,0.0019786608369137893
12.0,133.68479919433594,1.3419511318206787,7.285309022719844e-10,120.0,2.104356050491333,2.104355812072754,0.8636555075645447,0.0026915075725863127
12.0,133.68479919433594,1.3419511318206787,7.285309022719844e-10,150.0,2.104356050491333,2.104355812072754,0.8636555075645447,0.0172100188146166
12.0,133.68479919433594,1.3419511318206787,7.285309022719844e-10,170.0,2.104356050491333,2.104355812072754,0.8636555075645447,0.0057876896551324955
12.0,133.68479919433594,1.3419511318206787,7.285309022719844e-10,179.0,2.104356050491333,2.104355812072754,0.8636555075645447,0.035222441304895956
12.0,133.68479919433594,1.3419511318206787,7.285309022719844e-10,179.9,2.104356050491333,2.104355812072754,0.8636555075645447,0.014175435574720641
12.0,133.68479919433594,1.3419511318206787,7.285309022719844e-10,180.0,2.104356050491333,2.104355812072754,0.8636555075645447,0.014638071125928883
13.0,334.21197509765625,1.3419511318206787,7.285309022719844e-10,0.0,2.0270984172821045,2.0270979404449463,0.8719233870506287,4505.6435360448295
13.0,334.21197509765625,1.3419511318206787,7.285309022719844e-10,0.1,2.0270984172821045,2.0270979404449463,0.8719233870506287,4125.182805509391
13.0,334.21197509765625,1.3419511318206787,7.285309022719844e-10,1.0,2.0270984172821045,2.0270979404449463,0.8719233870506287,53.02343119815768
13.0,334.21197509765625,1.3419511318206787,7.285309022719844e-10,10.0,2.0270984172821045,2.0270979404449463,0.8719233870506287,0.7709849293979472
13.0,334.21197509765625,1.3419511318206787,7.285309022719844e-10,30.0,2.0270984172821045,2.0270979404449463,0.8719233870506287,0.27995221261934805
13.0,334.21197509765625,1.3419511318206787,7.285309022719844e-10,60.0,2.0270984172821045,2.0270979404449463,0.8719233870506287,0.01362194818312641
13.0,334.21197509765625,1.3419511318206787,7.285309022719844e-10,90.0,2.0270984172821045,2.0270979404449463,0.8719233870506287,0.0010855570574155057
13.0,334.21197509765625,1.3419511318206787,7.285309022719844e-10,120.0,2.0270984172821045,2.0270979404449463,0.8719233870506287,0.0020128125448504283
13.0,334.21197509765625,1.3419511318206787,7.285309022719844e-10,150.0,2.0270984172821045,2.0270979404449463,0.8719233870506287,0.008497662254858184
13.0,334.21197509765625,1.3419511318206787,7.285309022719844e-10,170.0,2.0270984172821045,2.0270979404449463,0.8719233870506287,0.006938748164826247
13.0,334.21197509765625,1.3419511318206787,7.285309022719844e-10,179.0,2.0270984172821045,2.0270979404449463,0.8719233870506287,0.006495147198005821
13.0,334.21197509765625,1.3419511318206787,7.285309022719844e-10,179.9,2.0270984172821045,2.0270979404449463,0.8719233870506287,0.07876169690216142
13.0,334.21197509765625,1.3419511318206787,7.285309022719844e-10,180.0,2.0270984172821045,2.0270979404449463,0.8719233870506287,0.09562071888646616
14.0,668.4239501953125,1.3419511318206787,7.285309022719844e-10,0.0,2.0361077785491943,2.0361058712005615,0.8788629174232483,18104.933229463866
14.0,668.4239501953125,1.3419511318206787,7.285309022719844e-10,0.1,2.0361077785491943,2.0361058712005615,0.8788629174232483,12723.69294688907
14.0,668.4239501953125,1.3419511318206787,7.285309022719844e-10,1.0,2.0361077785491943,2.0361058712005615,0.8788629174232483,21.29505502668861
14.0,668.4239501953125,1.3419511318206787,7.285309022719844e-10,10.0,2.0361077785491943,2.0361058712005615,0.8788629174232483,0.32708835604311265
14.0,668.4239501953125,1.3419511318206787,7.285309022719844e-10,30.0,2.0361077785491943,2.0361058712005615,0.8788629174232483,0.22345094578012367
14.0,668.4239501953125,1.3419511318206787,7.285309022719844e-10,60.0,2.0361077785491943,2.0361058712005615,0.8788629174232483,0.022622498269923234
14.0,668.4239501953125,1.3419511318206787,7.285309022719844e-10,90.0,2.0361077785491943,2.0361058712005615,0.8788629174232483,0.0015577720420933252
14.0,668.4239501953125,1.3419511318206787,7.285309022719844e-10,120.0,2.0361077785491943,2.0361058712005615,0.8788629174232483,0.001873052379884146
14.0,668.4239501953125,1.3419511318206787,7.285309022719844e-10,150.0,2.0361077785491943,2.0361058712005615,0.8788629174232483,0.010898326937986796
14.0,668.4239501953125,1.3419511318206787,7.285309022719844e-10,170.0,2.0361077785491943,2.0361058712005615,0.8788629174232483,0.0015385417259296543
14.0,668.4239501953125,1.3419511318206787,7.285309022719844e-10,179.0,2.0361077785491943,2.0361058712005615,0.8788629174232483,0.007419155588654505
14.0,668.4239501953125,1.3419511318206787,7.285309022719844e-10,179.9,2.0361077785491943,2.0361058712005615,0.8788629174232483,0.004163144000509636
14.0,668.4239501953125,1.3419511318206787,7.285309022719844e-10,180.0,2.0361077785491943,2.0361058712005615,0.8788629174232483,0.0038207899362977978
15.0,1336.847900390625,1.3419511318206787,7.285309022719844e-10,0.0,2.018157720565796,2.0181548595428467,0.8787866830825806,71760.30707128147
15.0,1336.847900390625,1.3419511318206787,7.285309022719844e-10,0.1,2.018157720565796,2.0181548595428467,0.8787866830825806,14812.381333364076
15.0,1336.847900390625,1.3419511318206787,7.285309022719844e-10,1.0,2.018157720565796,2.0181548595428467,0.8787866830825806,4.8747453687372975
15.0,1336.847900390625,1.3419511318206787,7.285309022719844e-10,10.0,2.018157720565796,2.0181548595428467,0.8787866830825806,0.6318285369736819
15.0,1336.847900390625,1.3419511318206787,7.285309022719844e-10,30.0,2.018157720565796,2.0181548595428467,0.8787866830825806,0.1333752579764978
15.0,1336.847900390625,1.3419511318206787,7.285309022719844e-10,60.0,2.018157720565796,2.0181548595428467,0.8787866830825806,0.009055500860090306
15.0,1336.847900390625,1.3419511318206787,7.285309022719844e-10,90.0,2.018157720565796,2.0181548595428467,0.8787866830825806,0.000660472381676088
15.0,1336.847900390625,1.3419511318206787,7.285309022719844e-10,120.0,2.018157720565796,2.0181548595428467,0.8787866830825806,0.00268473028827882
15.0,1336.847900390625,1.3419511318206787,7.285309022719844e-10,150.0,2.018157720565796,2.0181548595428467,0.8787866830825806,0.012037441003187996
15.0,1336.847900390625,1.3419511318206787,7.285309022719844e-10,170.0,2.018157720565796,2.0181548595428467,0.8787866830825806,0.0052607386767584575
15.0,1336.847900390625,1.3419511318206787,7.285309022719844e-10,179.0,2.018157720565796,2.0181548595428467,0.8787866830825806,0.010222938780476143
15.0,1336.847900390625,1.3419511318206787,7.285309022719844e-10,179.9,2.018157720565796,2.0181548595428467,0.8787866830825806,0.01943918473182309
15.0,1336.847900390625,1.3419511318206787,7.285309022719844e-10,180.0,2.018157720565796,2.0181548595428467,0.8787866830825806,0.003916981276908259
16.0,2.454369306564331,1.3311318159103394,1.5712583234517297e-08,0.0,1.1812726259231567,1.1812725067138672,0.6963763236999512,0.5770320531662793
16.0,2.454369306564331,1.3311318159103394,1.5712583234517297e-08,0.1,1.1812726259231567,1.1812725067138672,0.6963763236999512,0.5770290118066506
16.0,2.454369306564331,1.3311318159103394,1.5712583234517297e-08,1.0,1.1812726259231567,1.1812725067138672,0.6963763236999512,0.5767291247469424
16.0,2.454369306564331,1.3311318159103394,1.5712583234517297e-08,10.0,1.1812726259231567,1.1812725067138672,0.6963763236999512,0.5475087871613533
16.0,2.454369306564331,1.3311318159103394,1.5712583234517297e-08,30.0,1.1812726259231567,1.1812725067138672,0.6963763236999512,0.3595390589407841
16.0,2.454369306564331,1.3311318159103394,1.5712583234517297e-08,60.0,1.1812726259231567,1.1812725067138672,0.6963763236999512,0.0870280437106217
16.0,2.454369306564331,1.3311318159103394,1.5712583234517297e-08,90.0,1.1812726259231567,1.1812725067138672,0.6963763236999512,0.009940736820327733
16.0,2.454369306564331,1.3311318159103394,1.5712583234517297e-08,120.0,1.1812726259231567,1.1812725067138672,0.6963763236999512,0.005792759141510667
16.0,2.454369306564331,1.3311318159103394,1.5712583234517297e-08,150.0,1.1812726259231567,1.1812725067138672,0.6963763236999512,0.012817032102269315
16.0,2.454369306564331,1.3311318159103394,1.5712583234517297e-08,170.0,1.1812726259231567,1.1812725067138672,0.6963763236999512,0.01665705112446883
16.0,2.454369306564331,1.3311318159103394,1.5712583234517297e-08,179.0,1.1812726259231567,1.1812725067138672,0.6963763236999512,0.01720685975428801
16.0,2.454369306564331,1.3311318159103394,1.5712583234517297e-08,179.9,1.1812726259231567,1.1812725067138672,0.6963763236999512,0.01721244803177101
16.0,2.454369306564331,1.3311318159103394,1.5712583234517297e-08,180.0,1.1812726259231567,1.1812725067138672,0.6963763236999512,0.01721250467382754
17.0,4.908738613128662,1.3311318159103394,1.5712583234517297e-08,0.0,3.56636118888855,3.5663609504699707,0.845038115978241,2.021372487877423
17.0,4.908738613128662,1.3311318159103394,1.5712583234517297e-08,0.1,3.56636118888855,3.5663609504699707,0.845038115978241,2.021333234481554
17.0,4.908738613128662,1.3311318159103394,1.5712583234517297e-08,1.0,3.56636118888855,3.5663609504699707,0.845038115978241,2.017440057701539
17.0,4.908738613128662,1.3311318159103394,1.5712583234517297e-08,10.0,3.56636118888855,3.5663609504699707,0.845038115978241,1.6600640017884447
17.0,4.908738613128662,1.3311318159103394,1.5712583234517297e-08,30.0,3.56636118888855,3.5663609504699707,0.845038115978241,0.2841601250478401
17.0,4.908738613128662,1.3311318159103394,1.5712583234517297e-08,60.0,3.56636118888855,3.5663609504699707,0.845038115978241,0.035756582611199086
17.0,4.908738613128662,1.3311318159103394,1.5712583234517297e-08,90.0,3.56636118888855,3.5663609504699707,0.845038115978241,0.006533145805027569
17.0,4.908738613128662,1.3311318159103394,1.5712583234517297e-08,120.0,3.56636118888855,3.5663609504699707,0.845038115978241,0.0019531865615332305
17.0,4.908738613128662,1.3311318159103394,1.5712583234517297e-08,150.0,3.56636118888855,3.5663609504699707,0.845038115978241,0.007190926631821554
17.0,4.908738613128662,1.3311318159103394,1.5712583234517297e-08,170.0,3.56636118888855,3.5663609504699707,0.845038115978241,0.008344357274270558
17.0,4.908738613128662,1.3311318159103394,1.5712583234517297e-08,179.0,3.56636118888855,3.5663609504699707,0.845038115978241,0.009737962164909958
17.0,4.908738613128662,1.3311318159103394,1.5712583234517297e-08,179.9,3.56636118888855,3.5663609504699707,0.845038115978241,0.009754839365208691
17.0,4.908738613128662,1.3311318159103394,1.5712583234517297e-08,180.0,3.56636118888855,3.5663609504699707,0.845038115978241,0.009755009731433376
18.0,19.63495445251465,1.3311318159103394,1.5712583234517297e-08,0.0,2.1410040855407715,2.1410024166107178,0.7598435282707214,16.997704052694825
18.0,19.63495445251465,1.3311318159103394,1.5712583234517297e-08,0.1,2.1410040855407715,2.1410024166107178,0.7598435282707214,16.991065512265198
18.0,19.63495445251465,1.3311318159103394,1.5712583234517297e-08,1.0,2.1410040855407715,2.1410024166107178,0.7598435282707214,16.34409387741892
18.0,19.63495445251465,1.3311318159103394,1.5712583234517297e-08,10.0,2.1410040855407715,2.1410024166107178,0.7598435282707214,0.35284845098250117
18.0,19.63495445251465,1.3311318159103394,1.5712583234517297e-08,30.0,2.1410040855407715,2.1410024166107178,0.7598435282707214,0.09316647111753862
18.0,19.63495445251465,1.3311318159103394,1.5712583234517297e-08,60.0,2.1410040855407715,2.1410024166107178,0.7598435282707214,0.020856658192197418
18.0,19.63495445251465,1.3311318159103394,1.5712583234517297e-08,90.0,2.1410040855407715,2.1410024166107178,0.7598435282707214,0.009702270700742284
18.0,19.63495445251465,1.3311318159103394,1.5712583234517297e-08,120.0,2.1410040855407715,2.1410024166107178,0.7598435282707214,0.004406917971658751
18.0,19.63495445251465,1.3311318159103394,1.5712583234517297e-08,150.0,2.1410040855407715,2.1410024166107178,0.7598435282707214,0.01816884454126976
18.0,19.63495445251465,1.3311318159103394,1.5712583234517297e-08,170.0,2.1410040855407715,2.1410024166107178,0.7598435282707214,0.07482470132719965
18.0,19.63495445251465,1.3311318159103394,1.5712583234517297e-08,179.0,2.1410040855407715,2.1410024166107178,0.7598435282707214,0.11071136234687905
18.0,19.63495445251465,1.3311318159103394,1.5712583234517297e-08,179.9,2.1410040855407715,2.1410024166107178,0.7598435282707214,0.11946341275626783
18.0,19.63495445251465,1.3311318159103394,1.5712583234517297e-08,180.0,2.1410040855407715,2.1410024166107178,0.7598435282707214,0.11955559589139499
19.0,49.08738708496094,1.3311318159103394,1.5712583234517297e-08,0.0,2.001108407974243,2.001105785369873,0.8502689003944397,97.20097236955716
19.0,49.08738708496094,1.3311318159103394,1.5712583234517297e-08,0.1,2.001108407974243,2.001105785369873,0.8502689003944397,96.9943266394322
19.0,49.08738708496094,1.3311318159103394,1.5712583234517297e-08,1.0,2.001108407974243,2.001105785369873,0.8502689003944397,78.21553498329126
19.0,49.08738708496094,1.3311318159103394,1.5712583234517297e-08,10.0,2.001108407974243,2.001105785369873,0.8502689003944397,0.45634460274912525
19.0,49.08738708496094,1.3311318159103394,1.5712583234517297e-08,30.0,2.001108407974243,2.001105785369873,0.8502689003944397,0.2996881353378068
19.0,49.08738708496094,1.3311318159103394,1.5712583234517297e-08,60.0,2.001108407974243,2.001105785369873,0.8502689003944397,0.013703893740090003
19.0,49.08738708496094,1.3311318159103394,1.5712583234517297e-08,90.0,2.001108407974243,2.001105785369873,0.8502689003944397,0.002894937050488178
19.0,49.08738708496094,1.3311318159103394,1.5712583234517297e-08,120.0,2.001108407974243,2.001105785369873,0.8502689003944397,0.006577154425273194
19.0,49.08738708496094,1.3311318159103394,1.5712583234517297e-08,150.0,2.001108407974243,2.001105785369873,0.8502689003944397,0.014776146227915026
19.0,49.08738708496094,1.3311318159103394,1.5712583234517297e-08,170.0,2.001108407974243,2.001105785369873,0.8502689003944397,0.00548940710981199
19.0,49.08738708496094,1.3311318159103394,1.5712583234517297e-08,179.0,2.001108407974243,2.001105785369873,0.8502689003944397,0.0031101674772318886
19.0,49.08738708496094,1.3311318159103394,1.5712583234517297e-08,179.9,2.001108407974243,2.001105785369873,0.8502689003944397,0.0032998946273296676
19.0,49.08738708496094,1.3311318159103394,1.5712583234517297e-08,180.0,2.001108407974243,2.001105785369873,0.8502689003944397,0.003318391138134977
20.0,98.17477416992188,1.3311318159103394,1.5712583234517297e-08,0.0,2.024937868118286,2.024932384490967,0.8657719492912292,388.65194342416754
20.0,98.17477416992188,1.3311318159103394,1.5712583234517297e-08,0.1,2.024937868118286,2.024932384490967,0.8657719492912292,385.58604472309713
20.0,98.17477416992188,1.3311318159103394,1.5712583234517297e-08,1.0,2.024937868118286,2.024932384490967,0.8657719492912292,165.35772385020576
20.0,98.17477416992188,1.3311318159103394,1.5712583234517297e-08,10.0,2.024937868118286,2.024932384490967,0.8657719492912292,0.08486312192417272
20.0,98.17477416992188,1.3311318159103394,1.5712583234517297e-08,30.0,2.024937868118286,2.024932384490967,0.8657719492912292,0.26412194516256887
20.0,98.17477416992188,1.3311318159103394,1.5712583234517297e-08,60.0,2.024937868118286,2.024932384490967,0.8657719492912292,0.030075714925627873
20.0,98.17477416992188,1.3311318159103394,1.5712583234517297e-08,90.0,2.024937868118286,2.024932384490967,0.8657719492912292,0.0014692901333246706
20.0,98.17477416992188,1.3311318159103394,1.5712583234517297e-08,120.0,2.024937868118286,2.024932384490967,0.8657719492912292,0.0021451756000010107
20.0,98.17477416992188,1.3311318159103394,1.5712583234517297e-08,150.0,2.024937868118286,2.024932384490967,0.8657719492912292,0.01622021173682535
20.0,98.17477416992188,1.3311318159103394,1.5712583234517297e-08,170.0,2.024937868118286,2.024932384490967,0.8657719492912292,0.008520872062212841
20.0,98.17477416992188,1.3311318159103394,1.5712583234517297e-08,179.0,2.024937868118286,2.024932384490967,0.8657719492912292,0.015952499046153652
20.0,98.17477416992188,1.3311318159103394,1.5712583234517297e-08,179.9,2.024937868118286,2.024932384490967,0.8657719492912292,0.007970243612132439
20.0,98.17477416992188,1.3311318159103394,1.5712583234517297e-08,180.0,2.024937868118286,2.024932384490967,0.8657719492912292,0.008090365974324264
21.0,245.43692016601562,1.3311318159103394,1.5712583234517297e-08,0.0,2.07503080368042,2.0750162601470947,0.8777279257774353,2491.2179756383343
21.0,245.43692016601562,1.3311318159103394,1.5712583234517297e-08,0.1,2.07503080368042,2.0750162601470947,0.8777279257774353,2377.523388006941
21.0,245.43692016601562,1.3311318159103394,1.5712583234517297e-08,1.0,2.07503080368042,2.0750162601470947,0.8777279257774353,13.52877015411637
21.0,245.43692016601562,1.3311318159103394,1.5712583234517297e-08,10.0,2.07503080368042,2.0750162601470947,0.8777279257774353,0.6785238752218735
21.0,245.43692016601562,1.3311318159103394,1.5712583234517297e-08,30.0,2.07503080368042,2.0750162601470947,0.8777279257774353,0.20614654770976973
21.0,245.43692016601562,1.3311318159103394,1.5712583234517297e-08,60.0,2.07503080368042,2.0750162601470947,0.8777279257774353,0.00989178597435017
21.0,245.43692016601562,1.3311318159103394,1.5712583234517297e-08,90.0,2.07503080368042,2.0750162601470947,0.8777279257774353,0.0012833989093326565
21.0,245.43692016601562,1.3311318159103394,1.5712583234517297e-08,120.0,2.07503080368042,2.0750162601470947,0.8777279257774353,0.001749965245507542
21.0,245.43692016601562,1.3311318159103394,1.5712583234517297e-08,150.0,2.07503080368042,2.0750162601470947,0.8777279257774353,0.01496537547810418
21.0,245.43692016601562,1.3311318159103394,1.5712583234517297e-08,170.0,2.07503080368042,2.0750162601470947,0.8777279257774353,0.006794528591849421
21.0,245.43692016601562,1.3311318159103394,1.5712583234517297e-08,179.0,2.07503080368042,2.0750162601470947,0.8777279257774353,0.01652990457359399
21.0,245.43692016601562,1.3311318159103394,1.5712583234517297e-08,179.9,2.07503080368042,2.0750162601470947,0.8777279257774353,0.010134996938076629
21.0,245.43692016601562,1.3311318159103394,1.5712583234517297e-08,180.0,2.07503080368042,2.0750162601470947,0.8777279257774353,0.010667621689858688
22.0,490.87384033203125,1.3311318159103394,1.5712583234517297e-08,0.0,2.0472755432128906,2.0472471714019775,0.8792168498039246,9818.028614115543
22.0,490.87384033203125,1.3311318159103394,1.5712583234517297e-08,0.1,2.0472755432128906,2.0472471714019775,0.8792168498039246,8135.996576563784
22.0,490.87384033203125,1.3311318159103394,1.5712583234517297e-08,1.0,2.0472755432128906,2.0472471714019775,0.8792168498039246,48.54052059785457
22.0,490.87384033203125,1.3311318159103394,1.5712583234517297e-08,10.0,2.0472755432128906,2.0472471714019775,0.8792168498039246,0.4241149797561292
22.0,490.87384033203125,1.3311318159103394,1.5712583234517297e-08,30.0,2.0472755432128906,2.0472471714019775,0.8792168498039246,0.12209303182794283
22.0,490.87384033203125,1.3311318159103394,1.5712583234517297e-08,60.0,2.0472755432128906,2.0472471714019775,0.8792168498039246,0.022844048418881453
22.0,490.87384033203125,1.3311318159103394,1.5712583234517297e-08,90.0,2.0472755432128906,2.0472471714019775,0.8792168498039246,0.0013313247991437985
22.0,490.87384033203125,1.3311318159103394,1.5712583234517297e-08,120.0,2.0472755432128906,2.0472471714019775,0.8792168498039246,0.002452678253402744
22.0,490.87384033203125,1.3311318159103394,1.5712583234517297e-08,150.0,2.0472755432128906,2.0472471714019775,0.8792168498039246,0.013200773628766725
22.0,490.87384033203125,1.3311318159103394,1.5712583234517297e-08,170.0,2.0472755432128906,2.0472471714019775,0.8792168498039246,0.006757262693941849
22.0,490.87384033203125,1.3311318159103394,1.5712583234517297e-08,179.0,2.0472755432128906,2.0472471714019775,0.8792168498039246,0.007319617869182475
22.0,490.87384033203125,1.3311318159103394,1.5712583234517297e-08,179.9,2.0472755432128906,2.0472471714019775,0.8792168498039246,0.022147839095374357
22.0,490.87384033203125,1.3311318159103394,1.5712583234517297e-08,180.0,2.0472755432128906,2.0472471714019775,0.8792168498039246,0.026321394120131774
23.0,981.7476806640625,1.3311318159103394,1.5712583234517297e-08,0.0,2.019503355026245,2.0194480419158936,0.8818328976631165,38728.14918696689
23.0,981.7476806640625,1.3311318159103394,1.5712583234517297e-08,0.1,2.019503355026245,2.0194480419158936,0.8818328976631165,17500.42370833991
23.0,981.7476806640625,1.3311318159103394,1.5712583234517297e-08,1.0,2.019503355026245,2.0194480419158936,0.8818328976631165,9.53675130692445
23.0,981.7476806640625,1.3311318159103394,1.5712583234517297e-08,10.0,2.019503355026245,2.0194480419158936,0.8818328976631165,0.3816240640651958
23.0,981.7476806640625,1.3311318159103394,1.5712583234517297e-08,30.0,2.019503355026245,2.0194480419158936,0.8818328976631165,0.19469720309291524
23.0,981.7476806640625,1.3311318159103394,1.5712583234517297e-08,60.0,2.019503355026245,2.0194480419158936,0.8818328976631165,0.013414525547770643
23.0,981.7476806640625,1.3311318159103394,1.5712583234517297e-08,90.0,2.019503355026245,2.0194480419158936,0.8818328976631165,0.0005397355324288992
23.0,981.7476806640625,1.3311318159103394,1.5712583234517297e-08,120.0,2.019503355026245,2.0194480419158936,0.8818328976631165,0.0015368932311829054
23.0,981.7476806640625,1.3311318159103394,1.5712583234517297e-08,150.0,2.019503355026245,2.0194480419158936,0.8818328976631165,0.0073996497275673565
23.0,981.7476806640625,1.3311318159103394,1.5712583234517297e-08,170.0,2.019503355026245,2.0194480419158936,0.8818328976631165,0.001018278260345975
23.0,981.7476806640625,1.3311318159103394,1.5712583234517297e-08,179.0,2.019503355026245,2.0194480419158936,0.8818328976631165,0.01756783376930745
23.0,981.7476806640625,1.3311318159103394,1.5712583234517297e-08,179.9,2.019503355026245,2.0194480419158936,0.8818328976631165,0.010458551640863996
23.0,981.7476806640625,1.3311318159103394,1.5712583234517297e-08,180.0,2.019503355026245,2.0194480419158936,0.8818328976631165,0.12824007467097778
24.0,1.815949559211731,1.324372410774231,3.547385176716489e-07,0.0,0.5168423056602478,0.5168400406837463,0.6200923323631287,0.3857945625428923
24.0,1.815949559211731,1.324372410774231,3.547385176716489e-07,0.1,0.5168423056602478,0.5168400406837463,0.6200923323631287,0.38579317968317745
24.0,1.815949559211731,1.324372410774231,3.547385176716489e-07,1.0,0.5168423056602478,0.5168400406837463,0.6200923323631287,0.38566336545651714
24.0,1.815949559211731,1.324372410774231,3.547385176716489e-07,10.0,0.5168423056602478,0.5168400406837463,0.6200923323631287,0.3729142672421764
24.0,1.815949559211731,1.324372410774231,3.547385176716489e-07,30.0,0.5168423056602478,0.5168400406837463,0.6200923323631287,0.28494878038143995
24.0,1.815949559211731,1.324372410774231,3.547385176716489e-07,60.0,0.5168423056602478,0.5168400406837463,0.6200923323631287,0.11949399190151158
24.0,1.815949559211731,1.324372410774231,3.547385176716489e-07,90.0,0.5168423056602478,0.5168400406837463,0.6200923323631287,0.03276637232131739
24.0,1.815949559211731,1.324372410774231,3.547385176716489e-07,120.0,0.5168423056602478,0.5168400406837463,0.6200923323631287,0.007318780018863612
24.0,1.815949559211731,1.324372410774231,3.547385176716489e-07,150.0,0.5168423056602478,0.5168400406837463,0.6200923323631287,0.0025992865448694357
24.0,1.815949559211731,1.324372410774231,3.547385176716489e-07,170.0,0.5168423056602478,0.5168400406837463,0.6200923323631287,0.002526065698881633
24.0,1.815949559211731,1.324372410774231,3.547385176716489e-07,179.0,0.5168423056602478,0.5168400406837463,0.6200923323631287,0.002562245781593605
24.0,1.815949559211731,1.324372410774231,3.547385176716489e-07,179.9,0.5168423056602478,0.5168400406837463,0.6200923323631287,0.00256265964420558
24.0,1.815949559211731,1.324372410774231,3.547385176716489e-07,180.0,0.5168423056602478,0.5168400406837463,0.6200923323631287,0.0025626641101670483
25.0,3.631899118423462,1.324372410774231,3.547385176716489e-07,0.0,2.341080665588379,2.3410751819610596,0.8115352988243103,1.1669221419583389
25.0,3.631899118423462,1.324372410774231,3.547385176716489e-07,0.1,2.341080665588379,2.3410751819610596,0.8115352988243103,1.1669096157596377
25.0,3.631899118423462,1.324372410774231,3.547385176716489e-07,1.0,2.341080665588379,2.3410751819610596,0.8115352988243103,1.1656774254237412
25.0,3.631899118423462,1.324372410774231,3.547385176716489e-07,10.0,2.341080665588379,2.3410751819610596,0.8115352988243103,1.0483238958121976
25.0,3.631899118423462,1.324372410774231,3.547385176716489e-07,30.0,2.341080665588379,2.3410751819610596,0.8115352988243103,0.4289060731733878
25.0,3.631899118423462,1.324372410774231,3.547385176716489e-07,60.0,2.341080665588379,2.3410751819610596,0.8115352988243103,0.016768854805802938
25.0,3.631899118423462,1.324372410774231,3.547385176716489e-07,90.0,2.341080665588379,2.3410751819610596,0.8115352988243103,0.009473121073688508
25.0,3.631899118423462,1.324372410774231,3.547385176716489e-07,120.0,2.341080665588379,2.3410751819610596,0.8115352988243103,0.003918711058160793
25.0,3.631899118423462,1.324372410774231,3.547385176716489e-07,150.0,2.341080665588379,2.3410751819610596,0.8115352988243103,0.007298624043407027
25.0,3.631899118423462,1.324372410774231,3.547385176716489e-07,170.0,2.341080665588379,2.3410751819610596,0.8115352988243103,0.01303585839176844
25.0,3.631899118423462,1.324372410774231,3.547385176716489e-07,179.0,2.341080665588379,2.3410751819610596,0.8115352988243103,0.0141813009291454
25.0,3.631899118423462,1.324372410774231,3.547385176716489e-07,179.9,2.341080665588379,2.3410751819610596,0.8115352988243103,0.014193395896029557
25.0,3.631899118423462,1.324372410774231,3.547385176716489e-07,180.0,2.341080665588379,2.3410751819610596,0.8115352988243103,0.01419351773304854
26.0,14.527596473693848,1.324372410774231,3.547385176716489e-07,0.0,2.311141014099121,2.3111188411712646,0.7901695370674133,9.942109660634092
26.0,14.527596473693848,1.324372410774231,3.547385176716489e-07,0.1,2.311141014099121,2.3111188411712646,0.7901695370674133,9.940597900241169
26.0,14.527596473693848,1.324372410774231,3.547385176716489e-07,1.0,2.311141014099121,2.3111188411712646,0.7901695370674133,9.792153833475524
26.0,14.527596473693848,1.324372410774231,3.547385176716489e-07,10.0,2.311141014099121,2.3111188411712646,0.7901695370674133,2.1557596584853895
26.0,14.527596473693848,1.324372410774231,3.547385176716489e-07,30.0,2.311141014099121,2.3111188411712646,0.7901695370674133,0.20728331387063498
26.0,14.527596473693848,1.324372410774231,3.547385176716489e-07,60.0,2.311141014099121,2.3111188411712646,0.7901695370674133,0.014739311221397343
26.0,14.527596473693848,1.324372410774231,3.547385176716489e-07,90.0,2.311141014099121,2.3111188411712646,0.7901695370674133,0.007721601179995987
26.0,14.527596473693848,1.324372410774231,3.547385176716489e-07,120.0,2.311141014099121,2.3111188411712646,0.7901695370674133,0.010641985387311838
26.0,14.527596473693848,1.324372410774231,3.547385176716489e-07,150.0,2.311141014099121,2.3111188411712646,0.7901695370674133,0.006827740995960754
26.0,14.527596473693848,1.324372410774231,3.547385176716489e-07,170.0,2.311141014099121,2.3111188411712646,0.7901695370674133,0.05439687541822526
26.0,14.527596473693848,1.324372410774231,3.547385176716489e-07,179.0,2.311141014099121,2.3111188411712646,0.7901695370674133,0.030507295496404577
26.0,14.527596473693848,1.324372410774231,3.547385176716489e-07,179.9,2.311141014099121,2.3111188411712646,0.7901695370674133,0.03146875630591435
26.0,14.527596473693848,1.324372410774231,3.547385176716489e-07,180.0,2.311141014099121,2.3111188411712646,0.7901695370674133,0.03147881722036248
27.0,36.31898880004883,1.324372410774231,3.547385176716489e-07,0.0,2.364686965942383,2.3646328449249268,0.855088472366333,62.274613869607734
27.0,36.31898880004883,1.324372410774231,3.547385176716489e-07,0.1,2.364686965942383,2.3646328449249268,0.855088472366333,62.21366277494395
27.0,36.31898880004883,1.324372410774231,3.547385176716489e-07,1.0,2.364686965942383,2.3646328449249268,0.855088472366333,56.42715674496405
27.0,36.31898880004883,1.324372410774231,3.547385176716489e-07,10.0,2.364686965942383,2.3646328449249268,0.855088472366333,0.5040056245182373
27.0,36.31898880004883,1.324372410774231,3.547385176716489e-07,30.0,2.364686965942383,2.3646328449249268,0.855088472366333,0.19642937326796678
27.0,36.31898880004883,1.324372410774231,3.547385176716489e-07,60.0,2.364686965942383,2.3646328449249268,0.855088472366333,0.0182351711979295
27.0,36.31898880004883,1.324372410774231,3.547385176716489e-07,90.0,2.364686965942383,2.3646328449249268,0.855088472366333,0.006198118102929055
27.0,36.31898880004883,1.324372410774231,3.547385176716489e-07,120.0,2.364686965942383,2.3646328449249268,0.855088472366333,0.0029006207768751896
27.0,36.31898880004883,1.324372410774231,3.547385176716489e-07,150.0,2.364686965942383,2.3646328449249268,0.855088472366333,0.014847080254355284
27.0,36.31898880004883,1.324372410774231,3.547385176716489e-07,170.0,2.364686965942383,2.3646328449249268,0.855088472366333,0.01906153298352155
27.0,36.31898880004883,1.324372410774231,3.547385176716489e-07,179.0,2.364686965942383,2.3646328449249268,0.855088472366333,0.0042108236908138695
27.0,36.31898880004883,1.324372410774231,3.547385176716489e-07,179.9,2.364686965942383,2.3646328449249268,0.855088472366333,0.005530259011295114
27.0,36.31898880004883,1.324372410774231,3.547385176716489e-07,180.0,2.364686965942383,2.3646328449249268,0.855088472366333,0.005550340510554937
28.0,72.63797760009766,1.324372410774231,3.547385176716489e-07,0.0,2.1242358684539795,2.1241414546966553,0.8631283044815063,222.99990853404216
28.0,72.63797760009766,1.324372410774231,3.547385176716489e-07,0.1,2.1242358684539795,2.1241414546966553,0.8631283044815063,222.05850852536045
28.0,72.63797760009766,1.324372410774231,3.547385176716489e-07,1.0,2.1242358684539795,2.1241414546966553,0.8631283044815063,143.90815246963467
28.0,72.63797760009766,1.324372410774231,3.547385176716489e-07,10.0,2.1242358684539795,2.1241414546966553,0.8631283044815063,0.5398340967068822
28.0,72.63797760009766,1.324372410774231,3.547385176716489e-07,30.0,2.1242358684539795,2.1241414546966553,0.8631283044815063,0.1727404640973699
28.0,72.63797760009766,1.324372410774231,3.547385176716489e-07,60.0,2.1242358684539795,2.1241414546966553,0.8631283044815063,0.020589838720186892
28.0,72.63797760009766,1.324372410774231,3.547385176716489e-07,90.0,2.1242358684539795,2.1241414546966553,0.8631283044815063,0.0024911637389895967
28.0,72.63797760009766,1.324372410774231,3.547385176716489e-07,120.0,2.1242358684539795,2.1241414546966553,0.8631283044815063,0.0023383246395815007
28.0,72.63797760009766,1.324372410774231,3.547385176716489e-07,150.0,2.1242358684539795,2.1241414546966553,0.8631283044815063,0.015334970459888079
28.0,72.63797760009766,1.324372410774231,3.547385176716489e-07,170.0,2.1242358684539795,2.1241414546966553,0.8631283044815063,0.011744901303602666
28.0,72.63797760009766,1.324372410774231,3.547385176716489e-07,179.0,2.1242358684539795,2.1241414546966553,0.8631283044815063,0.004815468781976288
28.0,72.63797760009766,1.324372410774231,3.547385176716489e-07,179.9,2.1242358684539795,2.1241414546966553,0.8631283044815063,0.004087046197427241
28.0,72.63797760009766,1.324372410774231,3.547385176716489e-07,180.0,2.1242358684539795,2.1241414546966553,0.8631283044815063,0.0041483885183934005
29.0,181.59495544433594,1.324372410774231,3.547385176716489e-07,0.0,2.1170766353607178,2.1168160438537598,0.875085175037384,1391.2039073860967
29.0,181.59495544433594,1.324372410774231,3.547385176716489e-07,0.1,2.1170766353607178,2.1168160438537598,0.875085175037384,1356.0983724058785
29.0,181.59495544433594,1.324372410774231,3.547385176716489e-07,1.0,2.1170766353607178,2.1168160438537598,0.875085175037384,41.85223137389048
29.0,181.59495544433594,1.324372410774231,3.547385176716489e-07,10.0,2.1170766353607178,2.1168160438537598,0.875085175037384,0.32613415925090666
29.0,181.59495544433594,1.324372410774231,3.547385176716489e-07,30.0,2.1170766353607178,2.1168160438537598,0.875085175037384,0.10069942744861717
29.0,181.59495544433594,1.324372410774231,3.547385176716489e-07,60.0,2.1170766353607178,2.1168160438537598,0.875085175037384,0.02359014888499823
29.0,181.59495544433594,1.324372410774231,3.547385176716489e-07,90.0,2.1170766353607178,2.1168160438537598,0.875085175037384,0.0010178633919695156
29.0,181.59495544433594,1.324372410774231,3.547385176716489e-07,120.0,2.1170766353607178,2.1168160438537598,0.875085175037384,0.0005380102101529114
29.0,181.59495544433594,1.324372410774231,3.547385176716489e-07,150.0,2.1170766353607178,2.1168160438537598,0.875085175037384,0.018782640902145216
29.0,181.59495544433594,1.324372410774231,3.547385176716489e-07,170.0,2.1170766353607178,2.1168160438537598,0.875085175037384,0.006206349477145715
29.0,181.59495544433594,1.324372410774231,3.547385176716489e-07,179.0,2.1170766353607178,2.1168160438537598,0.875085175037384,0.05166864683397197
29.0,181.59495544433594,1.324372410774231,3.547385176716489e-07,179.9,2.1170766353607178,2.1168160438537598,0.875085175037384,0.12781845849731788
29.0,181.59495544433594,1.324372410774231,3.547385176716489e-07,180.0,2.1170766353607178,2.1168160438537598,0.875085175037384,0.13640427014025328
30.0,363.1899108886719,1.324372410774231,3.547385176716489e-07,0.0,2.0429515838623047,2.0424838066101074,0.8789823055267334,5363.360380805467
30.0,363.1899108886719,1.324372410774231,3.547385176716489e-07,0.1,2.0429515838623047,2.0424838066101074,0.8789823055267334,4836.092878304842
30.0,363.1899108886719,1.324372410774231,3.547385176716489e-07,1.0,2.0429515838623047,2.0424838066101074,0.8789823055267334,16.31734450515668
30.0,363.1899108886719,1.324372410774231,3.547385176716489e-07,10.0,2.0429515838623047,2.0424838066101074,0.8789823055267334,0.4481671039166826
30.0,363.1899108886719,1.324372410774231,3.547385176716489e-07,30.0,2.0429515838623047,2.0424838066101074,0.8789823055267334,0.261059722413724
30.0,363.1899108886719,1.324372410774231,3.547385176716489e-07,60.0,2.0429515838623047,2.0424838066101074,0.8789823055267334,0.017241744651306807
30.0,363.1899108886719,1.324372410774231,3.547385176716489e-07,90.0,2.0429515838623047,2.0424838066101074,0.8789823055267334,0.0012466316101827218
30.0,363.1899108886719,1.324372410774231,3.547385176716489e-07,120.0,2.0429515838623047,2.0424838066101074,0.8789823055267334,0.003065399851893212
30.0,363.1899108886719,1.324372410774231,3.547385176716489e-07,150.0,2.0429515838623047,2.0424838066101074,0.8789823055267334,0.008795418051174127
30.0,363.1899108886719,1.324372410774231,3.547385176716489e-07,170.0,2.0429515838623047,2.0424838066101074,0.8789823055267334,0.0030560652939662595
30.0,363.1899108886719,1.324372410774231,3.547385176716489e-07,179.0,2.0429515838623047,2.0424838066101074,0.8789823055267334,0.024538579505717095
30.0,363.1899108886719,1.324372410774231,3.547385176716489e-07,179.9,2.0429515838623047,2.0424838066101074,0.8789823055267334,0.16235708873204047
30.0,363.1899108886719,1.324372410774231,3.547385176716489e-07,180.0,2.0429515838623047,2.0424838066101074,0.8789823055267334,0.19827857157603945
31.0,726.3798217773438,1.324372410774231,3.547385176716489e-07,0.0,2.026826858520508,2.0259246826171875,0.882512629032135,21295.359427468302
31.0,726.3798217773438,1.324372410774231,3.547385176716489e-07,0.1,2.026826858520508,2.0259246826171875,0.882512629032135,13962.143258665908
31.0,726.3798217773438,1.324372410774231,3.547385176716489e-07,1.0,2.026826858520508,2.0259246826171875,0.882512629032135,10.12387407373247
31.0,726.3798217773438,1.324372410774231,3.547385176716489e-07,10.0,2.026826858520508,2.0259246826171875,0.882512629032135,0.3765994480493265
31.0,726.3798217773438,1.324372410774231,3.547385176716489e-07,30.0,2.026826858520508,2.0259246826171875,0.882512629032135,0.22690842486351695
31.0,726.3798217773438,1.324372410774231,3.547385176716489e-07,60.0,2.026826858520508,2.0259246826171875,0.882512629032135,0.008859685683946109
31.0,726.3798217773438,1.324372410774231,3.547385176716489e-07,90.0,2.026826858520508,2.0259246826171875,0.882512629032135,0.0009474806788848584
31.0,726.3798217773438,1.324372410774231,3.547385176716489e-07,120.0,2.026826858520508,2.0259246826171875,0.882512629032135,0.0013788177272701047
31.0,726.3798217773438,1.324372410774231,3.547385176716489e-07,150.0,2.026826858520508,2.0259246826171875,0.882512629032135,0.010769254263693025
31.0,726.3798217773438,1.324372410774231,3.547385176716489e-07,170.0,2.026826858520508,2.0259246826171875,0.882512629032135,0.005526353218730502
31.0,726.3798217773438,1.324372410774231,3.547385176716489e-07,179.0,2.026826858520508,2.0259246826171875,0.882512629032135,0.00935197546285043
31.0,726.3798217773438,1.324372410774231,3.547385176716489e-07,179.9,2.026826858520508,2.0259246826171875,0.882512629032135,0.05416272875465097
31.0,726.3798217773438,1.324372410774231,3.547385176716489e-07,180.0,2.026826858520508,2.0259246826171875,0.882512629032135,0.12104174926198359
32.0,1.7380852699279785,1.3235605955123901,5.056697318650549e-07,0.0,0.4549720287322998,0.45496895909309387,0.584470808506012,0.36045520783249363
32.0,1.7380852699279785,1.3235605955123901,5.056697318650549e-07,0.1,0.4549720287322998,0.45496895909309387,0.584470808506012,0.3604540227807379
32.0,1.7380852699279785,1.3235605955123901,5.056697318650549e-07,1.0,0.4549720287322998,0.45496895909309387,0.584470808506012,0.3603385693078744
32.0,1.7380852699279785,1.3235605955123901,5.056697318650549e-07,10.0,0.4549720287322998,0.45496895909309387,0.584470808506012,0.3489894376291846
32.0,1.7380852699279785,1.3235605955123901,5.056697318650549e-07,30.0,0.4549720287322998,0.45496895909309387,0.584470808506012,0.2702184491009283
32.0,1.7380852699279785,1.3235605955123901,5.056697318650549e-07,60.0,0.4549720287322998,0.45496895909309387,0.584470808506012,0.11900837653469147
32.0,1.7380852699279785,1.3235605955123901,5.056697318650549e-07,90.0,0.4549720287322998,0.45496895909309387,0.584470808506012,0.036769535215874664
32.0,1.7380852699279785,1.3235605955123901,5.056697318650549e-07,120.0,0.4549720287322998,0.45496895909309387,0.584470808506012,0.011310323109627892
32.0,1.7380852699279785,1.3235605955123901,5.056697318650549e-07,150.0,0.4549720287322998,0.45496895909309387,0.584470808506012,0.00542530374169677
32.0,1.7380852699279785,1.3235605955123901,5.056697318650549e-07,170.0,0.4549720287322998,0.45496895909309387,0.584470808506012,0.004731011707393056
32.0,1.7380852699279785,1.3235605955123901,5.056697318650549e-07,179.0,0.4549720287322998,0.45496895909309387,0.584470808506012,0.0046788530416506
32.0,1.7380852699279785,1.3235605955123901,5.056697318650549e-07,179.9,0.4549720287322998,0.45496895909309387,0.584470808506012,0.004678370544201532
32.0,1.7380852699279785,1.3235605955123901,5.056697318650549e-07,180.0,0.4549720287322998,0.45496895909309387,0.584470808506012,0.004678364997535275
33.0,3.476170539855957,1.3235605955123901,5.056697318650549e-07,0.0,2.1825506687164307,2.1825435161590576,0.8055902719497681,1.069297982681931
33.0,3.476170539855957,1.3235605955123901,5.056697318650549e-07,0.1,2.1825506687164307,2.1825435161590576,0.8055902719497681,1.0692875766483736
33.0,3.476170539855957,1.3235605955123901,5.056697318650549e-07,1.0,2.1825506687164307,2.1825435161590576,0.8055902719497681,1.0682581923241565
33.0,3.476170539855957,1.3235605955123901,5.056697318650549e-07,10.0,2.1825506687164307,2.1825435161590576,0.8055902719497681,0.9698395835105318
33.0,3.476170539855957,1.3235605955123901,5.056697318650549e-07,30.0,2.1825506687164307,2.1825435161590576,0.8055902719497681,0.4326665084193342
33.0,3.476170539855957,1.3235605955123901,5.056697318650549e-07,60.0,2.1825506687164307,2.1825435161590576,0.8055902719497681,0.02105811548679668
33.0,3.476170539855957,1.3235605955123901,5.056697318650549e-07,90.0,2.1825506687164307,2.1825435161590576,0.8055902719497681,0.009756676550501626
33.0,3.476170539855957,1.3235605955123901,5.056697318650549e-07,120.0,2.1825506687164307,2.1825435161590576,0.8055902719497681,0.004390268100370633
33.0,3.476170539855957,1.3235605955123901,5.056697318650549e-07,150.0,2.1825506687164307,2.1825435161590576,0.8055902719497681,0.005892562901565224
33.0,3.476170539855957,1.3235605955123901,5.056697318650549e-07,170.0,2.1825506687164307,2.1825435161590576,0.8055902719497681,0.011791182380781619
33.0,3.476170539855957,1.3235605955123901,5.056697318650549e-07,179.0,2.1825506687164307,2.1825435161590576,0.8055902719497681,0.012928351290003803
33.0,3.476170539855957,1.3235605955123901,5.056697318650549e-07,179.9,2.1825506687164307,2.1825435161590576,0.8055902719497681,0.012940287213321399
33.0,3.476170539855957,1.3235605955123901,5.056697318650549e-07,180.0,2.1825506687164307,2.1825435161590576,0.8055902719497681,0.012940407558984469
34.0,13.904682159423828,1.3235605955123901,5.056697318650549e-07,0.0,2.169387102127075,2.16935396194458,0.7219184637069702,8.825847581321558
34.0,13.904682159423828,1.3235605955123901,5.056697318650549e-07,0.1,2.169387102127075,2.16935396194458,0.7219184637069702,8.824442157777666
34.0,13.904682159423828,1.3235605955123901,5.056697318650549e-07,1.0,2.169387102127075,2.16935396194458,0.7219184637069702,8.68640166040038
34.0,13.904682159423828,1.3235605955123901,5.056697318650549e-07,10.0,2.169387102127075,2.16935396194458,0.7219184637069702,1.7887792880928206
34.0,13.904682159423828,1.3235605955123901,5.056697318650549e-07,30.0,2.169387102127075,2.16935396194458,0.7219184637069702,0.251591221066179
34.0,13.904682159423828,1.3235605955123901,5.056697318650549e-07,60.0,2.169387102127075,2.16935396194458,0.7219184637069702,0.05376602878951333
34.0,13.904682159423828,1.3235605955123901,5.056697318650549e-07,90.0,2.169387102127075,2.16935396194458,0.7219184637069702,0.004208422193805084
34.0,13.904682159423828,1.3235605955123901,5.056697318650549e-07,120.0,2.169387102127075,2.16935396194458,0.7219184637069702,0.009771522559813634
34.0,13.904682159423828,1.3235605955123901,5.056697318650549e-07,150.0,2.169387102127075,2.16935396194458,0.7219184637069702,0.01239777948965656
34.0,13.904682159423828,1.3235605955123901,5.056697318650549e-07,170.0,2.169387102127075,2.16935396194458,0.7219184637069702,0.06865890352206441
34.0,13.904682159423828,1.3235605955123901,5.056697318650549e-07,179.0,2.169387102127075,2.16935396194458,0.7219184637069702,0.06674835591157062
34.0,13.904682159423828,1.3235605955123901,5.056697318650549e-07,179.9,2.169387102127075,2.16935396194458,0.7219184637069702,0.06887000005029881
34.0,13.904682159423828,1.3235605955123901,5.056697318650549e-07,180.0,2.169387102127075,2.16935396194458,0.7219184637069702,0.06889194749703033
35.0,34.7617073059082,1.3235605955123901,5.056697318650549e-07,0.0,2.2978098392486572,2.2977352142333984,0.8338811993598938,55.32112508329682
35.0,34.7617073059082,1.3235605955123901,5.056697318650549e-07,0.1,2.2978098392486572,2.2977352142333984,0.8338811993598938,55.26969584893987
35.0,34.7617073059082,1.3235605955123901,5.056697318650549e-07,1.0,2.2978098392486572,2.2977352142333984,0.8338811993598938,50.37829974906261
35.0,34.7617073059082,1.3235605955123901,5.056697318650549e-07,10.0,2.2978098392486572,2.2977352142333984,0.8338811993598938,0.05994737733783688
35.0,34.7617073059082,1.3235605955123901,5.056697318650549e-07,30.0,2.2978098392486572,2.2977352142333984,0.8338811993598938,0.11248852454879855
35.0,34.7617073059082,1.3235605955123901,5.056697318650549e-07,60.0,2.2978098392486572,2.2977352142333984,0.8338811993598938,0.04503289383183705
35.0,34.7617073059082,1.3235605955123901,5.056697318650549e-07,90.0,2.2978098392486572,2.2977352142333984,0.8338811993598938,0.0037127382192978934
35.0,34.7617073059082,1.3235605955123901,5.056697318650549e-07,120.0,2.2978098392486572,2.2977352142333984,0.8338811993598938,0.004873939077772823
35.0,34.7617073059082,1.3235605955123901,5.056697318650549e-07,150.0,2.2978098392486572,2.2977352142333984,0.8338811993598938,0.02341582345000378
35.0,34.7617073059082,1.3235605955123901,5.056697318650549e-07,170.0,2.2978098392486572,2.2977352142333984,0.8338811993598938,0.020685773176604576
35.0,34.7617073059082,1.3235605955123901,5.056697318650549e-07,179.0,2.2978098392486572,2.2977352142333984,0.8338811993598938,0.008158070559750347
35.0,34.7617073059082,1.3235605955123901,5.056697318650549e-07,179.9,2.2978098392486572,2.2977352142333984,0.8338811993598938,0.01054084932292299
35.0,34.7617073059082,1.3235605955123901,5.056697318650549e-07,180.0,2.2978098392486572,2.2977352142333984,0.8338811993598938,0.01057259676930766
36.0,69.5234146118164,1.3235605955123901,5.056697318650549e-07,0.0,2.0051021575927734,2.0049760341644287,0.8674114346504211,194.5266046301762
36.0,69.5234146118164,1.3235605955123901,5.056697318650549e-07,0.1,2.0051021575927734,2.0049760341644287,0.8674114346504211,193.73550392359704
36.0,69.5234146118164,1.3235605955123901,5.056697318650549e-07,1.0,2.0051021575927734,2.0049760341644287,0.8674114346504211,127.32335851893986
36.0,69.5234146118164,1.3235605955123901,5.056697318650549e-07,10.0,2.0051021575927734,2.0049760341644287,0.8674114346504211,0.6028383525314003
36.0,69.5234146118164,1.3235605955123901,5.056697318650549e-07,30.0,2.0051021575927734,2.0049760341644287,0.8674114346504211,0.08656491169582463
36.0,69.5234146118164,1.3235605955123901,5.056697318650549e-07,60.0,2.0051021575927734,2.0049760341644287,0.8674114346504211,0.02652401621609085
36.0,69.5234146118164,1.3235605955123901,5.056697318650549e-07,90.0,2.0051021575927734,2.0049760341644287,0.8674114346504211,0.0014024505885278046
36.0,69.5234146118164,1.3235605955123901,5.056697318650549e-07,120.0,2.0051021575927734,2.0049760341644287,0.8674114346504211,0.0035214484468967873
36.0,69.5234146118164,1.3235605955123901,5.056697318650549e-07,150.0,2.0051021575927734,2.0049760341644287,0.8674114346504211,0.0052678841958415995
36.0,69.5234146118164,1.3235605955123901,5.056697318650549e-07,170.0,2.0051021575927734,2.0049760341644287,0.8674114346504211,0.008132433093008032
36.0,69.5234146118164,1.3235605955123901,5.056697318650549e-07,179.0,2.0051021575927734,2.0049760341644287,0.8674114346504211,0.01088996259307032
36.0,69.5234146118164,1.3235605955123901,5.056697318650549e-07,179.9,2.0051021575927734,2.0049760341644287,0.8674114346504211,0.012297183502866136
36.0,69.5234146118164,1.3235605955123901,5.056697318650549e-07,180.0,2.0051021575927734,2.0049760341644287,0.8674114346504211,0.012371665250213614
37.0,173.80853271484375,1.3235605955123901,5.056697318650549e-07,0.0,2.0942888259887695,2.0939722061157227,0.8744931817054749,1262.4209859101254
37.0,173.80853271484375,1.3235605955123901,5.056697318650549e-07,0.1,2.0942888259887695,2.0939722061157227,0.8744931817054749,1233.042932932499
37.0,173.80853271484375,1.3235605955123901,5.056697318650549e-07,1.0,2.0942888259887695,2.0939722061157227,0.8744931817054749,54.81084156489372
37.0,173.80853271484375,1.3235605955123901,5.056697318650549e-07,10.0,2.0942888259887695,2.0939722061157227,0.8744931817054749,0.13455186731701077
37.0,173.80853271484375,1.3235605955123901,5.056697318650549e-07,30.0,2.0942888259887695,2.0939722061157227,0.8744931817054749,0.15855460598501597
37.0,173.80853271484375,1.3235605955123901,5.056697318650549e-07,60.0,2.0942888259887695,2.0939722061157227,0.8744931817054749,0.02304520286181055
37.0,173.80853271484375,1.3235605955123901,5.056697318650549e-07,90.0,2.0942888259887695,2.0939722061157227,0.8744931817054749,0.001002413738014461
37.0,173.80853271484375,1.3235605955123901,5.056697318650549e-07,120.0,2.0942888259887695,2.0939722061157227,0.8744931817054749,0.0018946127388053797
37.0,173.80853271484375,1.3235605955123901,5.056697318650549e-07,150.0,2.0942888259887695,2.0939722061157227,0.8744931817054749,0.013471919187758488
37.0,173.80853271484375,1.3235605955123901,5.056697318650549e-07,170.0,2.0942888259887695,2.0939722061157227,0.8744931817054749,0.004873218090496188
37.0,173.80853271484375,1.3235605955123901,5.056697318650549e-07,179.0,2.0942888259887695,2.0939722061157227,0.8744931817054749,0.021000193470166656
37.0,173.80853271484375,1.3235605955123901,5.056697318650549e-07,179.9,2.0942888259887695,2.0939722061157227,0.8744931817054749,0.0030240616563806037
37.0,173.80853271484375,1.3235605955123901,5.056697318650549e-07,180.0,2.0942888259887695,2.0939722061157227,0.8744931817054749,0.0030861248815214825
38.0,347.6170654296875,1.3235605955123901,5.056697318650549e-07,0.0,2.062121629714966,2.0614633560180664,0.8811713457107544,4963.7394629015635
38.0,347.6170654296875,1.3235605955123901,5.056697318650549e-07,0.1,2.062121629714966,2.0614633560180664,0.8811713457107544,4520.153602984965
38.0,347.6170654296875,1.3235605955123901,5.056697318650549e-07,1.0,2.062121629714966,2.0614633560180664,0.8811713457107544,25.422531518711697
38.0,347.6170654296875,1.3235605955123901,5.056697318650549e-07,10.0,2.062121629714966,2.0614633560180664,0.8811713457107544,0.8002956376666998
38.0,347.6170654296875,1.3235605955123901,5.056697318650549e-07,30.0,2.062121629714966,2.0614633560180664,0.8811713457107544,0.08826859776747452
38.0,347.6170654296875,1.3235605955123901,5.056697318650549e-07,60.0,2.062121629714966,2.0614633560180664,0.8811713457107544,0.013246311725109336
38.0,347.6170654296875,1.3235605955123901,5.056697318650549e-07,90.0,2.062121629714966,2.0614633560180664,0.8811713457107544,0.0013133848687835493
38.0,347.6170654296875,1.3235605955123901,5.056697318650549e-07,120.0,2.062121629714966,2.0614633560180664,0.8811713457107544,0.0016211597505941162
38.0,347.6170654296875,1.3235605955123901,5.056697318650549e-07,150.0,2.062121629714966,2.0614633560180664,0.8811713457107544,0.010794263568768597
38.0,347.6170654296875,1.3235605955123901,5.056697318650549e-07,170.0,2.062121629714966,2.0614633560180664,0.8811713457107544,0.0020266049420770366
38.0,347.6170654296875,1.3235605955123901,5.056697318650549e-07,179.0,2.062121629714966,2.0614633560180664,0.8811713457107544,0.013704276384026996
38.0,347.6170654296875,1.3235605955123901,5.056697318650549e-07,179.9,2.062121629714966,2.0614633560180664,0.8811713457107544,0.054575480923102486
38.0,347.6170654296875,1.3235605955123901,5.056697318650549e-07,180.0,2.062121629714966,2.0614633560180664,0.8811713457107544,0.06229065715274585
39.0,695.234130859375,1.3235605955123901,5.056697318650549e-07,0.0,2.034097194671631,2.0328824520111084,0.8843527436256409,19574.6648957854
39.0,695.234130859375,1.3235605955123901,5.056697318650549e-07,0.1,2.034097194671631,2.0328824520111084,0.8843527436256409,13336.141936223015
39.0,695.234130859375,1.3235605955123901,5.056697318650549e-07,1.0,2.034097194671631,2.0328824520111084,0.8843527436256409,16.660908135037666
39.0,695.234130859375,1.3235605955123901,5.056697318650549e-07,10.0,2.034097194671631,2.0328824520111084,0.8843527436256409,0.6632143121630333
39.0,695.234130859375,1.3235605955123901,5.056697318650549e-07,30.0,2.034097194671631,2.0328824520111084,0.8843527436256409,0.27155075911849225
39.0,695.234130859375,1.3235605955123901,5.056697318650549e-07,60.0,2.034097194671631,2.0328824520111084,0.8843527436256409,0.011340165728858804
39.0,695.234130859375,1.3235605955123901,5.056697318650549e-07,90.0,2.034097194671631,2.0328824520111084,0.8843527436256409,0.0010880249515873703
39.0,695.234130859375,1.3235605955123901,5.056697318650549e-07,120.0,2.034097194671631,2.0328824520111084,0.8843527436256409,0.001368008335699867
39.0,695.234130859375,1.3235605955123901,5.056697318650549e-07,150.0,2.034097194671631,2.0328824520111084,0.8843527436256409,0.009537461657662451
39.0,695.234130859375,1.3235605955123901,5.056697318650549e-07,170.0,2.034097194671631,2.0328824520111084,0.8843527436256409,0.0023486916813607863
39.0,695.234130859375,1.3235605955123901,5.056697318650549e-07,179.0,2.034097194671631,2.0328824520111084,0.8843527436256409,0.009212205662675187
39.0,695.234130859375,1.3235605955123901,5.056697318650549e-07,179.9,2.034097194671631,2.0328824520111084,0.8843527436256409,0.04215061472622011
39.0,695.234130859375,1.3235605955123901,5.056697318650549e-07,180.0,2.034097194671631,2.0328824520111084,0.8843527436256409,0.07125799490914503
40.0,1.0,1.0099999904632568,0.0,0.0,8.118701953208074e-05,8.118701953208074e-05,0.16730241477489471,0.17493045954435305
40.0,1.0,1.0099999904632568,0.0,0.1,8.118701953208074e-05,8.118701953208074e-05,0.16730241477489471,0.1749300936913612
40.0,1.0,1.0099999904632568,0.0,1.0,8.118701953208074e-05,8.118701953208074e-05,0.16730241477489471,0.17489319429935002
40.0,1.0,1.0099999904632568,0.0,10.0,8.118701953208074e-05,8.118701953208074e-05,0.16730241477489471,0.1712522089621647
40.0,1.0,1.0099999904632568,0.0,30.0,8.118701953208074e-05,8.118701953208074e-05,0.16730241477489471,0.14507085871692693
40.0,1.0,1.0099999904632568,0.0,60.0,8.118701953208074e-05,8.118701953208074e-05,0.16730241477489471,0.08927964914430762
40.0,1.0,1.0099999904632568,0.0,90.0,8.118701953208074e-05,8.118701953208074e-05,0.16730241477489471,0.05789540340613868
40.0,1.0,1.0099999904632568,0.0,120.0,8.118701953208074e-05,8.118701953208074e-05,0.16730241477489471,0.05825213677127582
40.0,1.0,1.0099999904632568,0.0,150.0,8.118701953208074e-05,8.118701953208074e-05,0.16730241477489471,0.06929379771521023
40.0,1.0,1.0099999904632568,0.0,170.0,8.118701953208074e-05,8.118701953208074e-05,0.16730241477489471,0.07392175198306185
40.0,1.0,1.0099999904632568,0.0,179.0,8.118701953208074e-05,8.118701953208074e-05,0.16730241477489471,0.07453119048623058
40.0,1.0,1.0099999904632568,0.0,179.9,8.118701953208074e-05,8.118701953208074e-05,0.16730241477489471,0.07453731964738929
40.0,1.0,1.0099999904632568,0.0,180.0,8.118701953208074e-05,8.118701953208074e-05,0.16730241477489471,0.07453738333272425
41.0,2.0,1.0099999904632568,0.0,0.0,0.0005527645698748529,0.0005527645698748529,0.610630214214325,0.41299060933004966
41.0,2.0,1.0099999904632568,0.0,0.1,0.0005527645698748529,0.0005527645698748529,0.610630214214325,0.41298897200591583
41.0,2.0,1.0099999904632568,0.0,1.0,0.0005527645698748529,0.0005527645698748529,0.610630214214325,0.41282715462901837
41.0,2.0,1.0099999904632568,0.0,10.0,0.0005527645698748529,0.0005527645698748529,0.610630214214325,0.3969906009011006
41.0,2.0,1.0099999904632568,0.0,30.0,0.0005527645698748529,0.0005527645698748529,0.610630214214325,0.2907083274519218
41.0,2.0,1.0099999904632568,0.0,60.0,0.0005527645698748529,0.0005527645698748529,0.610630214214325,0.10997707614000303
41.0,2.0,1.0099999904632568,0.0,90.0,0.0005527645698748529,0.0005527645698748529,0.610630214214325,0.03225212956947865
41.0,2.0,1.0099999904632568,0.0,120.0,0.0005527645698748529,0.0005527645698748529,0.610630214214325,0.011414172225443837
41.0,2.0,1.0099999904632568,0.0,150.0,0.0005527645698748529,0.0005527645698748529,0.610630214214325,0.0045602691395991895
41.0,2.0,1.0099999904632568,0.0,170.0,0.0005527645698748529,0.0005527645698748529,0.610630214214325,0.0030231638791877245
41.0,2.0,1.0099999904632568,0.0,179.0,0.0005527645698748529,0.0005527645698748529,0.610630214214325,0.0028502838425679008
41.0,2.0,1.0099999904632568,0.0,179.9,0.0005527645698748529,0.0005527645698748529,0.610630214214325,0.0028485763857571548
41.0,2.0,1.0099999904632568,0.0,180.0,0.0005527645698748529,0.0005527645698748529,0.610630214214325,0.0028485597132434214
42.0,10.0,1.0099999904632568,0.0,0.0,0.019568849354982376,0.019568849354982376,0.9713946580886841,7.339149767074357
42.0,10.0,1.0099999904632568,0.0,0.1,0.019568849354982376,0.019568849354982376,0.9713946580886841,7.338690095115502
42.0,10.0,1.0099999904632568,0.0,1.0,0.019568849354982376,0.019568849354982376,0.9713946580886841,7.293135152236458
42.0,10.0,1.0099999904632568,0.0,10.0,0.019568849354982376,0.019568849354982376,0.9713946580886841,3.80546454089752
42.0,10.0,1.0099999904632568,0.0,30.0,0.019568849354982376,0.019568849354982376,0.9713946580886841,0.03305526322083117
42.0,10.0,1.0099999904632568,0.0,60.0,0.019568849354982376,0.019568849354982376,0.9713946580886841,0.0023597292915454714
42.0,10.0,1.0099999904632568,0.0,90.0,0.019568849354982376,0.019568849354982376,0.9713946580886841,3.683220654505186e-05
42.0,10.0,1.0099999904632568,0.0,120.0,0.019568849354982376,0.019568849354982376,0.9713946580886841,3.690720334294561e-05
42.0,10.0,1.0099999904632568,0.0,150.0,0.019568849354982376,0.019568849354982376,0.9713946580886841,0.00023068316294937716
42.0,10.0,1.0099999904632568,0.0,170.0,0.019568849354982376,0.019568849354982376,0.9713946580886841,2.7401941008062417e-05
42.0,10.0,1.0099999904632568,0.0,179.0,0.019568849354982376,0.019568849354982376,0.9713946580886841,1.469370743164488e-05
42.0,10.0,1.0099999904632568,0.0,179.9,0.019568849354982376,0.019568849354982376,0.9713946580886841,1.4587071728845195e-05
42.0,10.0,1.0099999904632568,0.0,180.0,0.019568849354982376,0.019568849354982376,0.9713946580886841,1.4585987017740504e-05
43.0,100.0,1.0099999904632568,0.0,0.0,1.6129109859466553,1.6129109859466553,0.9993395805358887,702.2290934059274
43.0,100.0,1.0099999904632568,0.0,0.1,1.6129109859466553,1.6129109859466553,0.9993395805358887,697.8265811289758
43.0,100.0,1.0099999904632568,0.0,1.0,1.6129109859466553,1.6129109859466553,0.9993395805358887,363.2651353645046
43.0,100.0,1.0099999904632568,0.0,10.0,1.6129109859466553,1.6129109859466553,0.9993395805358887,0.014584731673535842
43.0,100.0,1.0099999904632568,0.0,30.0,1.6129109859466553,1.6129109859466553,0.9993395805358887,0.0001315245660180743
43.0,100.0,1.0099999904632568,0.0,60.0,1.6129109859466553,1.6129109859466553,0.9993395805358887,4.556737073983376e-05
43.0,100.0,1.0099999904632568,0.0,90.0,1.6129109859466553,1.6129109859466553,0.9993395805358887,1.1257441468194302e-07
43.0,100.0,1.0099999904632568,0.0,120.0,1.6129109859466553,1.6129109859466553,0.9993395805358887,1.698573809775768e-06
43.0,100.0,1.0099999904632568,0.0,150.0,1.6129109859466553,1.6129109859466553,0.9993395805358887,4.433800540224381e-06
43.0,100.0,1.0099999904632568,0.0,170.0,1.6129109859466553,1.6129109859466553,0.9993395805358887,4.960188379208379e-06
43.0,100.0,1.0099999904632568,0.0,179.0,1.6129109859466553,1.6129109859466553,0.9993395805358887,2.055066871258624e-06
43.0,100.0,1.0099999904632568,0.0,179.9,1.6129109859466553,1.6129109859466553,0.9993395805358887,2.180535607970749e-06
43.0,100.0,1.0099999904632568,0.0,180.0,1.6129109859466553,1.6129109859466553,0.9993395805358887,2.1819998293431633e-06
44.0,512.0,1.0099999904632568,0.0,0.0,2.3703157901763916,2.3703157901763916,0.999352216720581,12486.54986048334
44.0,512.0,1.0099999904632568,0.0,0.1,2.3703157901763916,2.3703157901763916,0.999352216720581,10497.601619225927
44.0,512.0,1.0099999904632568,0.0,1.0,2.3703157901763916,2.3703157901763916,0.999352216720581,40.20586637927759
44.0,512.0,1.0099999904632568,0.0,10.0,2.3703157901763916,2.3703157901763916,0.999352216720581,0.024165625660592317
44.0,512.0,1.0099999904632568,0.0,30.0,2.3703157901763916,2.3703157901763916,0.999352216720581,0.0016935925548108707
44.0,512.0,1.0099999904632568,0.0,60.0,2.3703157901763916,2.3703157901763916,0.999352216720581,1.550054084925164e-05
44.0,512.0,1.0099999904632568,0.0,90.0,2.3703157901763916,2.3703157901763916,0.999352216720581,4.374881512889529e-06
44.0,512.0,1.0099999904632568,0.0,120.0,2.3703157901763916,2.3703157901763916,0.999352216720581,3.464281719108296e-06
44.0,512.0,1.0099999904632568,0.0,150.0,2.3703157901763916,2.3703157901763916,0.999352216720581,3.3316798766710657e-06
44.0,512.0,1.0099999904632568,0.0,170.0,2.3703157901763916,2.3703157901763916,0.999352216720581,3.29545181921984e-06
44.0,512.0,1.0099999904632568,0.0,179.0,2.3703157901763916,2.3703157901763916,0.999352216720581,2.06702246998431e-06
44.0,512.0,1.0099999904632568,0.0,179.9,2.3703157901763916,2.3703157901763916,0.999352216720581,1.4894336783694038e-06
44.0,512.0,1.0099999904632568,0.0,180.0,2.3703157901763916,2.3703157901763916,0.999352216720581,1.4281095216420229e-06
45.0,1024.0,1.0099999904632568,0.0,0.0,1.8287379741668701,1.8287379741668701,0.9989859461784363,38151.45391484568
45.0,1024.0,1.0099999904632568,0.0,0.1,1.8287379741668701,1.8287379741668701,0.9989859461784363,14244.347489958736
45.0,1024.0,1.0099999904632568,0.0,1.0,1.8287379741668701,1.8287379741668701,0.9989859461784363,252.75812327220441
45.0,1024.0,1.0099999904632568,0.0,10.0,1.8287379741668701,1.8287379741668701,0.9989859461784363,0.09429876386891062
45.0,1024.0,1.0099999904632568,0.0,30.0,1.8287379741668701,1.8287379741668701,0.9989859461784363,0.0036345861547171397
45.0,1024.0,1.0099999904632568,0.0,60.0,1.8287379741668701,1.8287379741668701,0.9989859461784363,0.00011911046377305229
45.0,1024.0,1.0099999904632568,0.0,90.0,1.8287379741668701,1.8287379741668701,0.9989859461784363,5.89157852793057e-07
45.0,1024.0,1.0099999904632568,0.0,120.0,1.8287379741668701,1.8287379741668701,0.9989859461784363,3.442371445886103e-06
45.0,1024.0,1.0099999904632568,0.0,150.0,1.8287379741668701,1.8287379741668701,0.9989859461784363,4.358840928037602e-06
45.0,1024.0,1.0099999904632568,0.0,170.0,1.8287379741668701,1.8287379741668701,0.9989859461784363,4.030647849562743e-06
45.0,1024.0,1.0099999904632568,0.0,179.0,1.8287379741668701,1.8287379741668701,0.9989859461784363,5.360509020201093e-07
45.0,1024.0,1.0099999904632568,0.0,179.9,1.8287379741668701,1.8287379741668701,0.9989859461784363,4.922155820649338e-07
45.0,1024.0,1.0099999904632568,0.0,180.0,1.8287379741668701,1.8287379741668701,0.9989859461784363,6.854837177364207e-07
46.0,2048.0,1.0099999904632568,0.0,0.0,2.027947425842285,2.027947425842285,0.9987923502922058,169555.39688536414
46.0,2048.0,1.0099999904632568,0.0,0.1,2.027947425842285,2.027947425842285,0.9987923502922058,1216.0382535924525
46.0,2048.0,1.0099999904632568,0.0,1.0,2.027947425842285,2.027947425842285,0.9987923502922058,101.20970129650311
46.0,2048.0,1.0099999904632568,0.0,10.0,2.027947425842285,2.027947425842285,0.9987923502922058,0.051798794902749704
46.0,2048.0,1.0099999904632568,0.0,30.0,2.027947425842285,2.027947425842285,0.9987923502922058,0.003462601442287921
46.0,2048.0,1.0099999904632568,0.0,60.0,2.027947425842285,2.027947425842285,0.9987923502922058,0.00010437709102653561
46.0,2048.0,1.0099999904632568,0.0,90.0,2.027947425842285,2.027947425842285,0.9987923502922058,4.781048356886778e-05
46.0,2048.0,1.0099999904632568,0.0,120.0,2.027947425842285,2.027947425842285,0.9987923502922058,3.2630688162168884e-06
46.0,2048.0,1.0099999904632568,0.0,150.0,2.027947425842285,2.027947425842285,0.9987923502922058,5.567238787063115e-06
46.0,2048.0,1.0099999904632568,0.0,170.0,2.027947425842285,2.027947425842285,0.9987923502922058,4.774229853724084e-06
46.0,2048.0,1.0099999904632568,0.0,179.0,2.027947425842285,2.027947425842285,0.9987923502922058,1.5477688666637328e-05
46.0,2048.0,1.0099999904632568,0.0,179.9,2.027947425842285,2.027947425842285,0.9987923502922058,0.0002168361118847187
46.0,2048.0,1.0099999904632568,0.0,180.0,2.027947425842285,2.027947425842285,0.9987923502922058,1.4349151489721708e-06
47.0,1.0,1.3300000429153442,0.0,0.0,0.09392402321100235,0.09392402321100235,0.18451671302318573,0.1783089390137286
47.0,1.0,1.3300000429153442,0.0,0.1,0.09392402321100235,0.09392402321100235,0.18451671302318573,0.17830855609550106
47.0,1.0,1.3300000429153442,0.0,1.0,0.09392402321100235,0.09392402321100235,0.18451671302318573,0.17827202036899417
47.0,1.0,1.3300000429153442,0.0,10.0,0.09392402321100235,0.09392402321100235,0.18451671302318573,0.17466404443872546
47.0,1.0,1.3300000429153442,0.0,30.0,0.09392402321100235,0.09392402321100235,0.18451671302318573,0.14858032508847085
47.0,1.0,1.3300000429153442,0.0,60.0,0.09392402321100235,0.09392402321100235,0.18451671302318573,0.09175948151362025
47.0,1.0,1.3300000429153442,0.0,90.0,0.09392402321100235,0.09392402321100235,0.18451671302318573,0.05761505668089901
47.0,1.0,1.3300000429153442,0.0,120.0,0.09392402321100235,0.09392402321100235,0.18451671302318573,0.05575881626206512
47.0,1.0,1.3300000429153442,0.0,150.0,0.09392402321100235,0.09392402321100235,0.18451671302318573,0.0663225602053818
47.0,1.0,1.3300000429153442,0.0,170.0,0.09392402321100235,0.09392402321100235,0.18451671302318573,0.07105962868082825
47.0,1.0,1.3300000429153442,0.0,179.0,0.09392402321100235,0.09392402321100235,0.18451671302318573,0.07169263930569722
47.0,1.0,1.3300000429153442,0.0,179.9,0.09392402321100235,0.09392402321100235,0.18451671302318573,0.07169902999455581
47.0,1.0,1.3300000429153442,0.0,180.0,0.09392402321100235,0.09392402321100235,0.18451671302318573,0.0716990904616682
48.0,2.0,1.3300000429153442,0.0,0.0,0.7129485607147217,0.7129485607147217,0.6697216033935547,0.43954369879994615
48.0,2.0,1.3300000429153442,0.0,0.1,0.7129485607147217,0.7129485607147217,0.6697216033935547,0.4395420088346971
48.0,2.0,1.3300000429153442,0.0,1.0,0.7129485607147217,0.7129485607147217,0.6697216033935547,0.4393760077229539
48.0,2.0,1.3300000429153442,0.0,10.0,0.7129485607147217,0.7129485607147217,0.6697216033935547,0.423102548160848
48.0,2.0,1.3300000429153442,0.0,30.0,0.7129485607147217,0.7129485607147217,0.6697216033935547,0.31256974640915375
48.0,2.0,1.3300000429153442,0.0,60.0,0.7129485607147217,0.7129485607147217,0.6697216033935547,0.11591259466004536
48.0,2.0,1.3300000429153442,0.0,90.0,0.7129485607147217,0.7129485607147217,0.6697216033935547,0.0238355594852436
48.0,2.0,1.3300000429153442,0.0,120.0,0.7129485607147217,0.7129485607147217,0.6697216033935547,0.0022643947989121017
48.0,2.0,1.3300000429153442,0.0,150.0,0.7129485607147217,0.7129485607147217,0.6697216033935547,0.002524716940055077
48.0,2.0,1.3300000429153442,0.0,170.0,0.7129485607147217,0.7129485607147217,0.6697216033935547,0.004542393902229957
48.0,2.0,1.3300000429153442,0.0,179.0,0.7129485607147217,0.7129485607147217,0.6697216033935547,0.0048618770221896465
48.0,2.0,1.3300000429153442,0.0,179.9,0.7129485607147217,0.7129485607147217,0.6697216033935547,0.004865153709336757
48.0,2.0,1.3300000429153442,0.0,180.0,0.7129485607147217,0.7129485607147217,0.6697216033935547,0.004865185889179779
49.0,10.0,1.3300000429153442,0.0,0.0,2.2065482139587402,2.2065482139587402,0.7124590277671814,5.155688875623469
49.0,10.0,1.3300000429153442,0.0,0.1,2.2065482139587402,2.2065482139587402,0.7124590277671814,5.155060757105574
49.0,10.0,1.3300000429153442,0.0,1.0,2.2065482139587402,2.2065482139587402,0.7124590277671814,5.093214029955834
49.0,10.0,1.3300000429153442,0.0,10.0,2.2065482139587402,2.2065482139587402,0.7124590277671814,1.2406077802917759
49.0,10.0,1.3300000429153442,0.0,30.0,2.2065482139587402,2.2065482139587402,0.7124590277671814,0.31940522725664683
49.0,10.0,1.3300000429153442,0.0,60.0,2.2065482139587402,2.2065482139587402,0.7124590277671814,0.053858595393540785
49.0,10.0,1.3300000429153442,0.0,90.0,2.2065482139587402,2.2065482139587402,0.7124590277671814,0.01209201915312708
49.0,10.0,1.3300000429153442,0.0,120.0,2.2065482139587402,2.2065482139587402,0.7124590277671814,0.010326207430268112
49.0,10.0,1.3300000429153442,0.0,150.0,2.2065482139587402,2.2065482139587402,0.7124590277671814,0.014411533628722184
49.0,10.0,1.3300000429153442,0.0,170.0,2.2065482139587402,2.2065482139587402,0.7124590277671814,0.02022645170936015
49.0,10.0,1.3300000429153442,0.0,179.0,2.2065482139587402,2.2065482139587402,0.7124590277671814,0.01988174289131672
49.0,10.0,1.3300000429153442,0.0,179.9,2.2065482139587402,2.2065482139587402,0.7124590277671814,0.020234869827948868
49.0,10.0,1.3300000429153442,0.0,180.0,2.2065482139587402,2.2065482139587402,0.7124590277671814,0.02023849314545426
50.0,100.0,1.3300000429153442,0.0,0.0,2.1010327339172363,2.1010327339172363,0.868340253829956,418.2318179834463
50.0,100.0,1.3300000429153442,0.0,0.1,2.1010327339172363,2.1010327339172363,0.868340253829956,414.90703779905857
50.0,100.0,1.3300000429153442,0.0,1.0,2.1010327339172363,2.1010327339172363,0.868340253829956,177.77986223903406
50.0,100.0,1.3300000429153442,0.0,10.0,2.1010327339172363,2.1010327339172363,0.868340253829956,0.5268805152457445
50.0,100.0,1.3300000429153442,0.0,30.0,2.1010327339172363,2.1010327339172363,0.868340253829956,0.08772957144541098
50.0,100.0,1.3300000429153442,0.0,60.0,2.1010327339172363,2.1010327339172363,0.868340253829956,0.012371033541720273
50.0,100.0,1.3300000429153442,0.0,90.0,2.1010327339172363,2.1010327339172363,0.868340253829956,0.001173603766333758
50.0,100.0,1.3300000429153442,0.0,120.0,2.1010327339172363,2.1010327339172363,0.868340253829956,0.0013662208917009353
50.0,100.0,1.3300000429153442,0.0,150.0,2.1010327339172363,2.1010327339172363,0.868340253829956,0.010744315227226369
50.0,100.0,1.3300000429153442,0.0,170.0,2.1010327339172363,2.1010327339172363,0.868340253829956,0.007933065136025852
50.0,100.0,1.3300000429153442,0.0,179.0,2.1010327339172363,2.1010327339172363,0.868340253829956,0.006821599623271102
50.0,100.0,1.3300000429153442,0.0,179.9,2.1010327339172363,2.1010327339172363,0.868340253829956,0.08289453249505906
50.0,100.0,1.3300000429153442,0.0,180.0,2.1010327339172363,2.1010327339172363,0.868340253829956,0.08457959541790973
51.0,512.0,1.3300000429153442,0.0,0.0,2.0456671714782715,2.0456671714782715,0.8816686272621155,10674.054938869504
51.0,512.0,1.3300000429153442,0.0,0.1,2.0456671714782715,2.0456671714782715,0.8816686272621155,8699.049505385063
51.0,512.0,1.3300000429153442,0.0,1.0,2.0456671714782715,2.0456671714782715,0.8816686272621155,40.10140616349226
51.0,512.0,1.3300000429153442,0.0,10.0,2.0456671714782715,2.0456671714782715,0.8816686272621155,0.2959764598604423
51.0,512.0,1.3300000429153442,0.0,30.0,2.0456671714782715,2.0456671714782715,0.8816686272621155,0.27384442513394536
51.0,512.0,1.3300000429153442,0.0,60.0,2.0456671714782715,2.0456671714782715,0.8816686272621155,0.01134331384706404
51.0,512.0,1.3300000429153442,0.0,90.0,2.0456671714782715,2.0456671714782715,0.8816686272621155,0.001276045460713393
51.0,512.0,1.3300000429153442,0.0,120.0,2.0456671714782715,2.0456671714782715,0.8816686272621155,0.0019605892773037407
51.0,512.0,1.3300000429153442,0.0,150.0,2.0456671714782715,2.0456671714782715,0.8816686272621155,0.014369855556884872
51.0,512.0,1.3300000429153442,0.0,170.0,2.0456671714782715,2.0456671714782715,0.8816686272621155,0.0033858097925468667
51.0,512.0,1.3300000429153442,0.0,179.0,2.0456671714782715,2.0456671714782715,0.8816686272621155,0.001708093554640864
51.0,512.0,1.3300000429153442,0.0,179.9,2.0456671714782715,2.0456671714782715,0.8816686272621155,0.02811328095025913
51.0,512.0,1.3300000429153442,0.0,180.0,2.0456671714782715,2.0456671714782715,0.8816686272621155,0.0433679167357946
52.0,1024.0,1.3300000429153442,0.0,0.0,2.022791624069214,2.022791624069214,0.8832396864891052,42202.92642284366
52.0,1024.0,1.3300000429153442,0.0,0.1,2.022791624069214,2.022791624069214,0.8832396864891052,17726.07794496529
52.0,1024.0,1.3300000429153442,0.0,1.0,2.022791624069214,2.022791624069214,0.8832396864891052,14.623814292747214
52.0,1024.0,1.3300000429153442,0.0,10.0,2.022791624069214,2.022791624069214,0.8832396864891052,0.6473639049362863
52.0,1024.0,1.3300000429153442,0.0,30.0,2.022791624069214,2.022791624069214,0.8832396864891052,0.2551232496108386
52.0,1024.0,1.3300000429153442,0.0,60.0,2.022791624069214,2.022791624069214,0.8832396864891052,0.01591534577852742
52.0,1024.0,1.3300000429153442,0.0,90.0,2.022791624069214,2.022791624069214,0.8832396864891052,0.0015515358749967586
52.0,1024.0,1.3300000429153442,0.0,120.0,2.022791624069214,2.022791624069214,0.8832396864891052,0.0028307365944733624
52.0,1024.0,1.3300000429153442,0.0,150.0,2.022791624069214,2.022791624069214,0.8832396864891052,0.005762508235355276
52.0,1024.0,1.3300000429153442,0.0,170.0,2.022791624069214,2.022791624069214,0.8832396864891052,0.0023859081881081436
52.0,1024.0,1.3300000429153442,0.0,179.0,2.022791624069214,2.022791624069214,0.8832396864891052,0.007497143931679379
52.0,1024.0,1.3300000429153442,0.0,179.9,2.022791624069214,2.022791624069214,0.8832396864891052,0.007544619271223016
52.0,1024.0,1.3300000429153442,0.0,180.0,2.022791624069214,2.022791624069214,0.8832396864891052,0.0432220626757999
53.0,2048.0,1.3300000429153442,0.0,0.0,2.009341239929199,2.009341239929199,0.8828970193862915,167684.11030366973
53.0,2048.0,1.3300000429153442,0.0,0.1,2.009341239929199,2.009341239929199,0.8828970193862915,510.19917336637855
53.0,2048.0,1.3300000429153442,0.0,1.0,2.009341239929199,2.009341239929199,0.8828970193862915,5.605729236545507
53.0,2048.0,1.3300000429153442,0.0,10.0,2.009341239929199,2.009341239929199,0.8828970193862915,0.4905041560275376
53.0,2048.0,1.3300000429153442,0.0,30.0,2.009341239929199,2.009341239929199,0.8828970193862915,0.24373250705755975
53.0,2048.0,1.3300000429153442,0.0,60.0,2.009341239929199,2.009341239929199,0.8828970193862915,0.012038944628319156
53.0,2048.0,1.3300000429153442,0.0,90.0,2.009341239929199,2.009341239929199,0.8828970193862915,0.0006980018117261911
53.0,2048.0,1.3300000429153442,0.0,120.0,2.009341239929199,2.009341239929199,0.8828970193862915,0.0010900675103277346
53.0,2048.0,1.3300000429153442,0.0,150.0,2.009341239929199,2.009341239929199,0.8828970193862915,0.012305575765977803
53.0,2048.0,1.3300000429153442,0.0,170.0,2.009341239929199,2.009341239929199,0.8828970193862915,0.004047749164018781
53.0,2048.0,1.3300000429153442,0.0,179.0,2.009341239929199,2.009341239929199,0.8828970193862915,0.011109415885890862
53.0,2048.0,1.3300000429153442,0.0,179.9,2.009341239929199,2.009341239929199,0.8828970193862915,0.0730523397881079
53.0,2048.0,1.3300000429153442,0.0,180.0,2.009341239929199,2.009341239929199,0.8828970193862915,0.2993834518965038
54.0,1.0,1.5,0.05000000074505806,0.0,0.3505401015281677,0.2096942961215973,0.20251472294330597,0.18272557880450752
54.0,1.0,1.5,0.05000000074505806,0.1,0.3505401015281677,0.2096942961215973,0.20251472294330597,0.18272519549042085
54.0,1.0,1.5,0.05000000074505806,1.0,0.3505401015281677,0.2096942961215973,0.20251472294330597,0.18268817214606956
54.0,1.0,1.5,0.05000000074505806,10.0,0.3505401015281677,0.2096942961215973,0.20251472294330597,0.17903020443918016
54.0,1.0,1.5,0.05000000074505806,30.0,0.3505401015281677,0.2096942961215973,0.20251472294330597,0.15250828414756729
54.0,1.0,1.5,0.05000000074505806,60.0,0.3505401015281677,0.2096942961215973,0.20251472294330597,0.09400392405235587
54.0,1.0,1.5,0.05000000074505806,90.0,0.3505401015281677,0.2096942961215973,0.20251472294330597,0.05734478122240477
54.0,1.0,1.5,0.05000000074505806,120.0,0.3505401015281677,0.2096942961215973,0.20251472294330597,0.05341621748616382
54.0,1.0,1.5,0.05000000074505806,150.0,0.3505401015281677,0.2096942961215973,0.20251472294330597,0.063022820347791
54.0,1.0,1.5,0.05000000074505806,170.0,0.3505401015281677,0.2096942961215973,0.20251472294330597,0.0675735630617276
54.0,1.0,1.5,0.05000000074505806,179.0,0.3505401015281677,0.2096942961215973,0.20251472294330597,0.0681876145220988
54.0,1.0,1.5,0.05000000074505806,179.9,0.3505401015281677,0.2096942961215973,0.20251472294330597,0.06819380429583004
54.0,1.0,1.5,0.05000000074505806,180.0,0.3505401015281677,0.2096942961215973,0.20251472294330597,0.06819386880816883
55.0,2.0,1.5,0.05000000074505806,0.0,1.8699036836624146,1.4874106645584106,0.644367516040802,0.4333820174576061
55.0,2.0,1.5,0.05000000074505806,0.1,1.8699036836624146,1.4874106645584106,0.644367516040802,0.4333803944299126
55.0,2.0,1.5,0.05000000074505806,1.0,1.8699036836624146,1.4874106645584106,0.644367516040802,0.433213425398301
55.0,2.0,1.5,0.05000000074505806,10.0,1.8699036836624146,1.4874106645584106,0.644367516040802,0.4168613135475738
55.0,2.0,1.5,0.05000000074505806,30.0,1.8699036836624146,1.4874106645584106,0.644367516040802,0.3062511806314696
55.0,2.0,1.5,0.05000000074505806,60.0,1.8699036836624146,1.4874106645584106,0.644367516040802,0.11267813227619168
55.0,2.0,1.5,0.05000000074505806,90.0,1.8699036836624146,1.4874106645584106,0.644367516040802,0.025187738711653727
55.0,2.0,1.5,0.05000000074505806,120.0,1.8699036836624146,1.4874106645584106,0.644367516040802,0.005264552119875951
55.0,2.0,1.5,0.05000000074505806,150.0,1.8699036836624146,1.4874106645584106,0.644367516040802,0.006622389084095028
55.0,2.0,1.5,0.05000000074505806,170.0,1.8699036836624146,1.4874106645584106,0.644367516040802,0.009428510110755524
55.0,2.0,1.5,0.05000000074505806,179.0,1.8699036836624146,1.4874106645584106,0.644367516040802,0.009872247694936692
55.0,2.0,1.5,0.05000000074505806,179.9,1.8699036836624146,1.4874106645584106,0.644367516040802,0.009876800353977137
55.0,2.0,1.5,0.05000000074505806,180.0,1.8699036836624146,1.4874106645584106,0.644367516040802,0.009876845648831518
56.0,10.0,1.5,0.05000000074505806,0.0,2.5589535236358643,1.484789252281189,0.8896796107292175,8.7749373587517
56.0,10.0,1.5,0.05000000074505806,0.1,2.5589535236358643,1.484789252281189,0.8896796107292175,8.774166360441765
56.0,10.0,1.5,0.05000000074505806,1.0,2.5589535236358643,1.484789252281189,0.8896796107292175,8.69839064582859
56.0,10.0,1.5,0.05000000074505806,10.0,2.5589535236358643,1.484789252281189,0.8896796107292175,3.4774325523181018
56.0,10.0,1.5,0.05000000074505806,30.0,2.5589535236358643,1.484789252281189,0.8896796107292175,0.04623501250222805
56.0,10.0,1.5,0.05000000074505806,60.0,2.5589535236358643,1.484789252281189,0.8896796107292175,0.027092633733722414
56.0,10.0,1.5,0.05000000074505806,90.0,2.5589535236358643,1.484789252281189,0.8896796107292175,0.0067761245317847765
56.0,10.0,1.5,0.05000000074505806,120.0,2.5589535236358643,1.484789252281189,0.8896796107292175,0.0035947747374659913
56.0,10.0,1.5,0.05000000074505806,150.0,2.5589535236358643,1.484789252281189,0.8896796107292175,0.005380053481677352
56.0,10.0,1.5,0.05000000074505806,170.0,2.5589535236358643,1.484789252281189,0.8896796107292175,0.004878412659934184
56.0,10.0,1.5,0.05000000074505806,179.0,2.5589535236358643,1.484789252281189,0.8896796107292175,0.01892526641372722
56.0,10.0,1.5,0.05000000074505806,179.9,2.5589535236358643,1.484789252281189,0.8896796107292175,0.019302360002006302
56.0,10.0,1.5,0.05000000074505806,180.0,2.5589535236358643,1.484789252281189,0.8896796107292175,0.019306203614369577
57.0,100.0,1.5,0.05000000074505806,0.0,2.090745449066162,1.1309432983398438,0.9514915347099304,770.8584420066219
57.0,100.0,1.5,0.05000000074505806,0.1,2.090745449066162,1.1309432983398438,0.9514915347099304,764.7342314918634
57.0,100.0,1.5,0.05000000074505806,1.0,2.090745449066162,1.1309432983398438,0.9514915347099304,326.8369705066072
57.0,100.0,1.5,0.05000000074505806,10.0,2.090745449066162,1.1309432983398438,0.9514915347099304,0.3665550133680054
57.0,100.0,1.5,0.05000000074505806,30.0,2.090745449066162,1.1309432983398438,0.9514915347099304,0.022338068595356853
57.0,100.0,1.5,0.05000000074505806,60.0,2.090745449066162,1.1309432983398438,0.9514915347099304,0.006353523685657906
57.0,100.0,1.5,0.05000000074505806,90.0,2.090745449066162,1.1309432983398438,0.9514915347099304,0.003567742775354353
57.0,100.0,1.5,0.05000000074505806,120.0,2.090745449066162,1.1309432983398438,0.9514915347099304,0.002949407942245017
57.0,100.0,1.5,0.05000000074505806,150.0,2.090745449066162,1.1309432983398438,0.9514915347099304,0.0028473437386386325
57.0,100.0,1.5,0.05000000074505806,170.0,2.090745449066162,1.1309432983398438,0.9514915347099304,0.002841738816733044
57.0,100.0,1.5,0.05000000074505806,179.0,2.090745449066162,1.1309432983398438,0.9514915347099304,0.0028416893633491573
57.0,100.0,1.5,0.05000000074505806,179.9,2.090745449066162,1.1309432983398438,0.9514915347099304,0.002841760927153444
57.0,100.0,1.5,0.05000000074505806,180.0,2.090745449066162,1.1309432983398438,0.9514915347099304,0.002841758612337214
58.0,512.0,1.5,0.05000000074505806,0.0,2.0308268070220947,1.1107611656188965,0.9520835280418396,19372.63257357741
58.0,512.0,1.5,0.05000000074505806,0.1,2.0308268070220947,1.1107611656188965,0.9520835280418396,15761.58390028309
58.0,512.0,1.5,0.05000000074505806,1.0,2.0308268070220947,1.1107611656188965,0.9520835280418396,57.64512289532157
58.0,512.0,1.5,0.05000000074505806,10.0,2.0308268070220947,1.1107611656188965,0.9520835280418396,0.10610448105162433
58.0,512.0,1.5,0.05000000074505806,30.0,2.0308268070220947,1.1107611656188965,0.9520835280418396,0.01861312166776027
58.0,512.0,1.5,0.05000000074505806,60.0,2.0308268070220947,1.1107611656188965,0.9520835280418396,0.006436588275273839
58.0,512.0,1.5,0.05000000074505806,90.0,2.0308268070220947,1.1107611656188965,0.9520835280418396,0.003631472721247806
58.0,512.0,1.5,0.05000000074505806,120.0,2.0308268070220947,1.1107611656188965,0.9520835280418396,0.0030030494279259527
58.0,512.0,1.5,0.05000000074505806,150.0,2.0308268070220947,1.1107611656188965,0.9520835280418396,0.0028990245498140815
58.0,512.0,1.5,0.05000000074505806,170.0,2.0308268070220947,1.1107611656188965,0.9520835280418396,0.0028932634045113117
58.0,512.0,1.5,0.05000000074505806,179.0,2.0308268070220947,1.1107611656188965,0.9520835280418396,0.002893191661751349
58.0,512.0,1.5,0.05000000074505806,179.9,2.0308268070220947,1.1107611656188965,0.9520835280418396,0.0028931956226147296
58.0,512.0,1.5,0.05000000074505806,180.0,2.0308268070220947,1.1107611656188965,0.9520835280418396,0.002893193793895284
59.0,1024.0,1.5,0.05000000074505806,0.0,2.0194694995880127,1.1051898002624512,0.9520029425621033,76993.44719894337
59.0,1024.0,1.5,0.05000000074505806,0.1,2.0194694995880127,1.1051898002624512,0.9520029425621033,32281.53926971903
59.0,1024.0,1.5,0.05000000074505806,1.0,2.0194694995880127,1.1051898002624512,0.9520029425621033,34.02077294585391
59.0,1024.0,1.5,0.05000000074505806,10.0,2.0194694995880127,1.1051898002624512,0.9520029425621033,0.059220590722774615
59.0,1024.0,1.5,0.05000000074505806,30.0,2.0194694995880127,1.1051898002624512,0.9520029425621033,0.018419309050560027
59.0,1024.0,1.5,0.05000000074505806,60.0,2.0194694995880127,1.1051898002624512,0.9520029425621033,0.006467432969260004
59.0,1024.0,1.5,0.05000000074505806,90.0,2.0194694995880127,1.1051898002624512,0.9520029425621033,0.003649853569632376
59.0,1024.0,1.5,0.05000000074505806,120.0,2.0194694995880127,1.1051898002624512,0.9520029425621033,0.0030182076478478693
59.0,1024.0,1.5,0.05000000074505806,150.0,2.0194694995880127,1.1051898002624512,0.9520029425621033,0.0029136367530715047
59.0,1024.0,1.5,0.05000000074505806,170.0,2.0194694995880127,1.1051898002624512,0.9520029425621033,0.002907843693177672
59.0,1024.0,1.5,0.05000000074505806,179.0,2.0194694995880127,1.1051898002624512,0.9520029425621033,0.002907779148134415
59.0,1024.0,1.5,0.05000000074505806,179.9,2.0194694995880127,1.1051898002624512,0.9520029425621033,0.0029077738909257566
59.0,1024.0,1.5,0.05000000074505806,180.0,2.0194694995880127,1.1051898002624512,0.9520029425621033,0.0029077748004209727
60.0,2048.0,1.5,0.05000000074505806,0.0,2.012288808822632,1.1011264324188232,0.9519009590148926,306881.4474730572
60.0,2048.0,1.5,0.05000000074505806,0.1,2.012288808822632,1.1011264324188232,0.9519009590148926,989.3503924420309
60.0,2048.0,1.5,0.05000000074505806,1.0,2.012288808822632,1.1011264324188232,0.9519009590148926,4.646622240153142
60.0,2048.0,1.5,0.05000000074505806,10.0,2.012288808822632,1.1011264324188232,0.9519009590148926,0.0545318573074599
60.0,2048.0,1.5,0.05000000074505806,30.0,2.012288808822632,1.1011264324188232,0.9519009590148926,0.018391009776487225
60.0,2048.0,1.5,0.05000000074505806,60.0,2.012288808822632,1.1011264324188232,0.9519009590148926,0.006491140021515668
60.0,2048.0,1.5,0.05000000074505806,90.0,2.012288808822632,1.1011264324188232,0.9519009590148926,0.003663386388683726
60.0,2048.0,1.5,0.05000000074505806,120.0,2.012288808822632,1.1011264324188232,0.9519009590148926,0.003029358236441167
60.0,2048.0,1.5,0.05000000074505806,150.0,2.012288808822632,1.1011264324188232,0.9519009590148926,0.0029243876769598485
60.0,2048.0,1.5,0.05000000074505806,170.0,2.012288808822632,1.1011264324188232,0.9519009590148926,0.002918572816321958
60.0,2048.0,1.5,0.05000000074505806,179.0,2.012288808822632,1.1011264324188232,0.9519009590148926,0.002918504187582645
60.0,2048.0,1.5,0.05000000074505806,179.9,2.012288808822632,1.1011264324188232,0.9519009590148926,0.0029185058431278237
60.0,2048.0,1.5,0.05000000074505806,180.0,2.012288808822632,1.1011264324188232,0.9519009590148926,0.002918505534936203
61.0,1.0,2.0,0.009999999776482582,0.0,0.8237098455429077,0.7920414805412292,0.27732425928115845,0.20087198505534926
61.0,1.0,2.0,0.009999999776482582,0.1,0.8237098455429077,0.7920414805412292,0.27732425928115845,0.20087163637355918
61.0,1.0,2.0,0.009999999776482582,1.0,0.8237098455429077,0.7920414805412292,0.27732425928115845,0.20083255895985902
61.0,1.0,2.0,0.009999999776482582,10.0,0.8237098455429077,0.7920414805412292,0.27732425928115845,0.19696935053943568
61.0,1.0,2.0,0.009999999776482582,30.0,0.8237098455429077,0.7920414805412292,0.27732425928115845,0.1686586131627348
61.0,1.0,2.0,0.009999999776482582,60.0,0.8237098455429077,0.7920414805412292,0.27732425928115845,0.10333066513427176
61.0,1.0,2.0,0.009999999776482582,90.0,0.8237098455429077,0.7920414805412292,0.27732425928115845,0.05639388203702514
61.0,1.0,2.0,0.009999999776482582,120.0,0.8237098455429077,0.7920414805412292,0.27732425928115845,0.04374533296445038
61.0,1.0,2.0,0.009999999776482582,150.0,0.8237098455429077,0.7920414805412292,0.27732425928115845,0.04908114894742619
61.0,1.0,2.0,0.009999999776482582,170.0,0.8237098455429077,0.7920414805412292,0.27732425928115845,0.05272629685227555
61.0,1.0,2.0,0.009999999776482582,179.0,0.8237098455429077,0.7920414805412292,0.27732425928115845,0.05324367109164716
61.0,1.0,2.0,0.009999999776482582,179.9,0.8237098455429077,0.7920414805412292,0.27732425928115845,0.053248911931234044
61.0,1.0,2.0,0.009999999776482582,180.0,0.8237098455429077,0.7920414805412292,0.27732425928115845,0.053248970013309506
62.0,2.0,2.0,0.009999999776482582,0.0,4.732055187225342,4.5548272132873535,0.5206042528152466,0.46703166120078876
62.0,2.0,2.0,0.009999999776482582,0.1,4.732055187225342,4.5548272132873535,0.5206042528152466,0.4670292986721355
62.0,2.0,2.0,0.009999999776482582,1.0,4.732055187225342,4.5548272132873535,0.5206042528152466,0.4667886833558662
62.0,2.0,2.0,0.009999999776482582,10.0,4.732055187225342,4.5548272132873535,0.5206042528152466,0.4433035130342821
62.0,2.0,2.0,0.009999999776482582,30.0,4.732055187225342,4.5548272132873535,0.5206042528152466,0.29051101129071577
62.0,2.0,2.0,0.009999999776482582,60.0,4.732055187225342,4.5548272132873535,0.5206042528152466,0.07349475380427985
62.0,2.0,2.0,0.009999999776482582,90.0,4.732055187225342,4.5548272132873535,0.5206042528152466,0.037999043227655585
62.0,2.0,2.0,0.009999999776482582,120.0,4.732055187225342,4.5548272132873535,0.5206042528152466,0.03014833831499495
62.0,2.0,2.0,0.009999999776482582,150.0,4.732055187225342,4.5548272132873535,0.5206042528152466,0.016905865821981527
62.0,2.0,2.0,0.009999999776482582,170.0,4.732055187225342,4.5548272132873535,0.5206042528152466,0.019286829091007197
62.0,2.0,2.0,0.009999999776482582,179.0,4.732055187225342,4.5548272132873535,0.5206042528152466,0.020066692356982687
62.0,2.0,2.0,0.009999999776482582,179.9,4.732055187225342,4.5548272132873535,0.5206042528152466,0.020075144614501283
62.0,2.0,2.0,0.009999999776482582,180.0,4.732055187225342,4.5548272132873535,0.5206042528152466,0.020075231030679173
63.0,10.0,2.0,0.009999999776482582,0.0,2.1345300674438477,1.71506929397583,0.6793549060821533,5.464799976041893
63.0,10.0,2.0,0.009999999776482582,0.1,2.1345300674438477,1.71506929397583,0.6793549060821533,5.464213016022006
63.0,10.0,2.0,0.009999999776482582,1.0,2.1345300674438477,1.71506929397583,0.6793549060821533,5.406330406012642
63.0,10.0,2.0,0.009999999776482582,10.0,2.1345300674438477,1.71506929397583,0.6793549060821533,1.6283670207003962
63.0,10.0,2.0,0.009999999776482582,30.0,2.1345300674438477,1.71506929397583,0.6793549060821533,0.2898028687286436
63.0,10.0,2.0,0.009999999776482582,60.0,2.1345300674438477,1.71506929397583,0.6793549060821533,0.02436309288893302
63.0,10.0,2.0,0.009999999776482582,90.0,2.1345300674438477,1.71506929397583,0.6793549060821533,0.02467272361247829
63.0,10.0,2.0,0.009999999776482582,120.0,2.1345300674438477,1.71506929397583,0.6793549060821533,0.012845495352093197
63.0,10.0,2.0,0.009999999776482582,150.0,2.1345300674438477,1.71506929397583,0.6793549060821533,0.026229763172026188
63.0,10.0,2.0,0.009999999776482582,170.0,2.1345300674438477,1.71506929397583,0.6793549060821533,0.04299610110555254
63.0,10.0,2.0,0.009999999776482582,179.0,2.1345300674438477,1.71506929397583,0.6793549060821533,0.09167954836375877
63.0,10.0,2.0,0.009999999776482582,179.9,2.1345300674438477,1.71506929397583,0.6793549060821533,0.09254567344725625
63.0,10.0,2.0,0.009999999776482582,180.0,2.1345300674438477,1.71506929397583,0.6793549060821533,0.09255449345971513
64.0,100.0,2.0,0.009999999776482582,0.0,2.0943539142608643,1.224945306777954,0.8900744318962097,714.2975222019181
64.0,100.0,2.0,0.009999999776482582,0.1,2.0943539142608643,1.224945306777954,0.8900744318962097,708.6359637585078
64.0,100.0,2.0,0.009999999776482582,1.0,2.0943539142608643,1.224945306777954,0.8900744318962097,303.59959285229246
64.0,100.0,2.0,0.009999999776482582,10.0,2.0943539142608643,1.224945306777954,0.8900744318962097,0.36517727194865157
64.0,100.0,2.0,0.009999999776482582,30.0,2.0943539142608643,1.224945306777954,0.8900744318962097,0.03898005765641312
64.0,100.0,2.0,0.009999999776482582,60.0,2.0943539142608643,1.224945306777954,0.8900744318962097,0.009556195075525927
64.0,100.0,2.0,0.009999999776482582,90.0,2.0943539142608643,1.224945306777954,0.8900744318962097,0.008481759589408088
64.0,100.0,2.0,0.009999999776482582,120.0,2.0943539142608643,1.224945306777954,0.8900744318962097,0.007330201451751552
64.0,100.0,2.0,0.009999999776482582,150.0,2.0943539142608643,1.224945306777954,0.8900744318962097,0.007304617259756683
64.0,100.0,2.0,0.009999999776482582,170.0,2.0943539142608643,1.224945306777954,0.8900744318962097,0.006346990519246494
64.0,100.0,2.0,0.009999999776482582,179.0,2.0943539142608643,1.224945306777954,0.8900744318962097,0.016430182573639276
64.0,100.0,2.0,0.009999999776482582,179.9,2.0943539142608643,1.224945306777954,0.8900744318962097,0.017593236494329118
64.0,100.0,2.0,0.009999999776482582,180.0,2.0943539142608643,1.224945306777954,0.8900744318962097,0.017605785875496716
65.0,512.0,2.0,0.009999999776482582,0.0,2.03085994720459,1.1797399520874023,0.8946763873100281,18240.588141467033
65.0,512.0,2.0,0.009999999776482582,0.1,2.03085994720459,1.1797399520874023,0.8946763873100281,14840.515315934967
65.0,512.0,2.0,0.009999999776482582,1.0,2.03085994720459,1.1797399520874023,0.8946763873100281,54.28327941635521
65.0,512.0,2.0,0.009999999776482582,10.0,2.03085994720459,1.1797399520874023,0.8946763873100281,0.10215993170119023
65.0,512.0,2.0,0.009999999776482582,30.0,2.03085994720459,1.1797399520874023,0.8946763873100281,0.021314522783621143
65.0,512.0,2.0,0.009999999776482582,60.0,2.03085994720459,1.1797399520874023,0.8946763873100281,0.01088917423034345
65.0,512.0,2.0,0.009999999776482582,90.0,2.03085994720459,1.1797399520874023,0.8946763873100281,0.008274055926121847
65.0,512.0,2.0,0.009999999776482582,120.0,2.03085994720459,1.1797399520874023,0.8946763873100281,0.007620098740434023
65.0,512.0,2.0,0.009999999776482582,150.0,2.03085994720459,1.1797399520874023,0.8946763873100281,0.007502370179338669
65.0,512.0,2.0,0.009999999776482582,170.0,2.03085994720459,1.1797399520874023,0.8946763873100281,0.007495579015266595
65.0,512.0,2.0,0.009999999776482582,179.0,2.03085994720459,1.1797399520874023,0.8946763873100281,0.0074955067444489555
65.0,512.0,2.0,0.009999999776482582,179.9,2.03085994720459,1.1797399520874023,0.8946763873100281,0.007495490135287669
65.0,512.0,2.0,0.009999999776482582,180.0,2.03085994720459,1.1797399520874023,0.8946763873100281,0.007495492543963798
66.0,1024.0,2.0,0.009999999776482582,0.0,2.0195095539093018,1.1738132238388062,0.8943161368370056,72495.20183282548
66.0,1024.0,2.0,0.009999999776482582,0.1,2.0195095539093018,1.1738132238388062,0.8943161368370056,30394.980524681956
66.0,1024.0,2.0,0.009999999776482582,1.0,2.0195095539093018,1.1738132238388062,0.8943161368370056,32.03858646832866
66.0,1024.0,2.0,0.009999999776482582,10.0,2.0195095539093018,1.1738132238388062,0.8943161368370056,0.057522892893887234
66.0,1024.0,2.0,0.009999999776482582,30.0,2.0195095539093018,1.1738132238388062,0.8943161368370056,0.021079830364267627
66.0,1024.0,2.0,0.009999999776482582,60.0,2.0195095539093018,1.1738132238388062,0.8943161368370056,0.010942449911686797
66.0,1024.0,2.0,0.009999999776482582,90.0,2.0195095539093018,1.1738132238388062,0.8943161368370056,0.008315723827764502
66.0,1024.0,2.0,0.009999999776482582,120.0,2.0195095539093018,1.1738132238388062,0.8943161368370056,0.007658278538327173
66.0,1024.0,2.0,0.009999999776482582,150.0,2.0195095539093018,1.1738132238388062,0.8943161368370056,0.007540239071578903
66.0,1024.0,2.0,0.009999999776482582,170.0,2.0195095539093018,1.1738132238388062,0.8943161368370056,0.007533422190882085
66.0,1024.0,2.0,0.009999999776482582,179.0,2.0195095539093018,1.1738132238388062,0.8943161368370056,0.007533353546641208
66.0,1024.0,2.0,0.009999999776482582,179.9,2.0195095539093018,1.1738132238388062,0.8943161368370056,0.007533326418167162
66.0,1024.0,2.0,0.009999999776482582,180.0,2.0195095539093018,1.1738132238388062,0.8943161368370056,0.0075333339263168346
67.0,2048.0,2.0,0.009999999776482582,0.0,2.0123164653778076,1.1695736646652222,0.8940110206604004,288929.7629505643
67.0,2048.0,2.0,0.009999999776482582,0.1,2.0123164653778076,1.1695736646652222,0.8940110206604004,931.3122055577098
67.0,2048.0,2.0,0.009999999776482582,1.0,2.0123164653778076,1.1695736646652222,0.8940110206604004,4.3812060568187965
67.0,2048.0,2.0,0.009999999776482582,10.0,2.0123164653778076,1.1695736646652222,0.8940110206604004,0.05277604133284789
67.0,2048.0,2.0,0.009999999776482582,30.0,2.0123164653778076,1.1695736646652222,0.8940110206604004,0.02104278465084445
67.0,2048.0,2.0,0.009999999776482582,60.0,2.0123164653778076,1.1695736646652222,0.8940110206604004,0.010981037215814756
67.0,2048.0,2.0,0.009999999776482582,90.0,2.0123164653778076,1.1695736646652222,0.8940110206604004,0.008345825760048897
67.0,2048.0,2.0,0.009999999776482582,120.0,2.0123164653778076,1.1695736646652222,0.8940110206604004,0.007686003471741939
67.0,2048.0,2.0,0.009999999776482582,150.0,2.0123164653778076,1.1695736646652222,0.8940110206604004,0.00756756583186389
67.0,2048.0,2.0,0.009999999776482582,170.0,2.0123164653778076,1.1695736646652222,0.8940110206604004,0.0075607151813163855
67.0,2048.0,2.0,0.009999999776482582,179.0,2.0123164653778076,1.1695736646652222,0.8940110206604004,0.007560649484195954
67.0,2048.0,2.0,0.009999999776482582,179.9,2.0123164653778076,1.1695736646652222,0.8940110206604004,0.007560653310136026
67.0,2048.0,2.0,0.009999999776482582,180.0,2.0123164653778076,1.1695736646652222,0.8940110206604004,0.0075606231717831535
