id,x,n_real,n_imag,angle_deg,qext,qsca,g,phase_sr1
0,3.5532991886138916,1.3446881771087646,9.033612191622353e-10,0.0,2.4887233039749193,2.488723290548414,0.8019806476741629,1.1206272925411414
0,3.5532991886138916,1.3446881771087646,9.033612191622353e-10,0.1,2.4887233039749193,2.488723290548414,0.8019806476741629,1.1206157200584301
0,3.5532991886138916,1.3446881771087646,9.033612191622353e-10,1.0,2.4887233039749193,2.488723290548414,0.8019806476741629,1.1194705904045306
0,3.5532991886138916,1.3446881771087646,9.033612191622353e-10,10.0,2.4887233039749193,2.488723290548414,0.8019806476741629,1.0102607993890853
0,3.5532991886138916,1.3446881771087646,9.033612191622353e-10,30.0,2.4887233039749193,2.488723290548414,0.8019806476741629,0.42691063535038554
0,3.5532991886138916,1.3446881771087646,9.033612191622353e-10,60.0,2.4887233039749193,2.488723290548414,0.8019806476741629,0.019436941447815544
0,3.5532991886138916,1.3446881771087646,9.033612191622353e-10,90.0,2.4887233039749193,2.488723290548414,0.8019806476741629,0.009868261625210801
0,3.5532991886138916,1.3446881771087646,9.033612191622353e-10,120.0,2.4887233039749193,2.488723290548414,0.8019806476741629,0.004630458698345148
0,3.5532991886138916,1.3446881771087646,9.033612191622353e-10,150.0,2.4887233039749193,2.488723290548414,0.8019806476741629,0.007681809050136421
0,3.5532991886138916,1.3446881771087646,9.033612191622353e-10,170.0,2.4887233039749193,2.488723290548414,0.8019806476741629,0.013935822401542081
0,3.5532991886138916,1.3446881771087646,9.033612191622353e-10,179.0,2.4887233039749193,2.488723290548414,0.8019806476741629,0.015189461460146908
0,3.5532991886138916,1.3446881771087646,9.033612191622353e-10,179.9,2.4887233039749193,2.488723290548414,0.8019806476741629,0.015202695798026725
0,3.5532991886138916,1.3446881771087646,9.033612191622353e-10,180.0,2.4887233039749193,2.488723290548414,0.8019806476741629,0.015202829550884978
1,7.106598377227783,1.3446881771087646,9.033612191622353e-10,0.0,3.65815326636005,3.6581532368206364,0.811685831975639,3.719637397662553
1,7.106598377227783,1.3446881771087646,9.033612191622353e-10,0.1,3.65815326636005,3.6581532368206364,0.811685831975639,3.7194655260281397
1,7.106598377227783,1.3446881771087646,9.033612191622353e-10,1.0,3.65815326636005,3.6581532368206364,0.811685831975639,3.702484392339776
1,7.106598377227783,1.3446881771087646,9.033612191622353e-10,10.0,3.65815326636005,3.6581532368206364,0.811685831975639,2.309779656936278
1,7.106598377227783,1.3446881771087646,9.033612191622353e-10,30.0,3.65815326636005,3.6581532368206364,0.811685831975639,0.13075981008678322
1,7.106598377227783,1.3446881771087646,9.033612191622353e-10,60.0,3.65815326636005,3.6581532368206364,0.811685831975639,0.026642755555035934
1,7.106598377227783,1.3446881771087646,9.033612191622353e-10,90.0,3.65815326636005,3.6581532368206364,0.811685831975639,0.006989823097159234
1,7.106598377227783,1.3446881771087646,9.033612191622353e-10,120.0,3.65815326636005,3.6581532368206364,0.811685831975639,0.008147277472375432
1,7.106598377227783,1.3446881771087646,9.033612191622353e-10,150.0,3.65815326636005,3.6581532368206364,0.811685831975639,0.0182111405116959
1,7.106598377227783,1.3446881771087646,9.033612191622353e-10,170.0,3.65815326636005,3.6581532368206364,0.811685831975639,0.005960037468430584
1,7.106598377227783,1.3446881771087646,9.033612191622353e-10,179.0,3.65815326636005,3.6581532368206364,0.811685831975639,0.006236236656457074
1,7.106598377227783,1.3446881771087646,9.033612191622353e-10,179.9,3.65815326636005,3.6581532368206364,0.811685831975639,0.006274183035120526
1,7.106598377227783,1.3446881771087646,9.033612191622353e-10,180.0,3.65815326636005,3.6581532368206364,0.811685831975639,0.006274570820132996
2,28.426393508911133,1.3446881771087646,9.033612191622353e-10,0.0,1.9623500650508143,1.9623499631588202,0.8057587467704275,32.43273109554387
2,28.426393508911133,1.3446881771087646,9.033612191622353e-10,0.1,1.9623500650508143,1.9623499631588202,0.8057587467704275,32.40870826832897
2,28.426393508911133,1.3446881771087646,9.033612191622353e-10,1.0,1.9623500650508143,1.9623499631588202,0.8057587467704275,30.099741027396792
2,28.426393508911133,1.3446881771087646,9.033612191622353e-10,10.0,1.9623500650508143,1.9623499631588202,0.8057587467704275,2.304813918891754
2,28.426393508911133,1.3446881771087646,9.033612191622353e-10,30.0,1.9623500650508143,1.9623499631588202,0.8057587467704275,0.10867903465104113
2,28.426393508911133,1.3446881771087646,9.033612191622353e-10,60.0,1.9623500650508143,1.9623499631588202,0.8057587467704275,0.03356601960507399
2,28.426393508911133,1.3446881771087646,9.033612191622353e-10,90.0,1.9623500650508143,1.9623499631588202,0.8057587467704275,0.004367345137356013
2,28.426393508911133,1.3446881771087646,9.033612191622353e-10,120.0,1.9623500650508143,1.9623499631588202,0.8057587467704275,0.0008716772191802108
2,28.426393508911133,1.3446881771087646,9.033612191622353e-10,150.0,1.9623500650508143,1.9623499631588202,0.8057587467704275,0.016584667602794687
2,28.426393508911133,1.3446881771087646,9.033612191622353e-10,170.0,1.9623500650508143,1.9623499631588202,0.8057587467704275,0.005121472435732309
2,28.426393508911133,1.3446881771087646,9.033612191622353e-10,179.0,1.9623500650508143,1.9623499631588202,0.8057587467704275,0.012515144454761437
2,28.426393508911133,1.3446881771087646,9.033612191622353e-10,179.9,1.9623500650508143,1.9623499631588202,0.8057587467704275,0.013385450422073505
2,28.426393508911133,1.3446881771087646,9.033612191622353e-10,180.0,1.9623500650508143,1.9623499631588202,0.8057587467704275,0.01339717735399115
3,71.06598663330078,1.3446881771087646,9.033612191622353e-10,0.0,2.1951169599725033,2.195116711472957,0.871488262855792,221.56717620419016
3,71.06598663330078,1.3446881771087646,9.033612191622353e-10,0.1,2.1951169599725033,2.195116711472957,0.871488262855792,220.7146953763362
3,71.06598663330078,1.3446881771087646,9.033612191622353e-10,1.0,2.1951169599725033,2.195116711472957,0.871488262855792,148.91950003496603
3,71.06598663330078,1.3446881771087646,9.033612191622353e-10,10.0,2.1951169599725033,2.195116711472957,0.871488262855792,0.9673972565302101
3,71.06598663330078,1.3446881771087646,9.033612191622353e-10,30.0,2.1951169599725033,2.195116711472957,0.871488262855792,0.21516122551692207
3,71.06598663330078,1.3446881771087646,9.033612191622353e-10,60.0,2.1951169599725033,2.195116711472957,0.871488262855792,0.028349458897053075
3,71.06598663330078,1.3446881771087646,9.033612191622353e-10,90.0,2.1951169599725033,2.195116711472957,0.871488262855792,0.0014071982226796457
3,71.06598663330078,1.3446881771087646,9.033612191622353e-10,120.0,2.1951169599725033,2.195116711472957,0.871488262855792,0.0020675927409423995
3,71.06598663330078,1.3446881771087646,9.033612191622353e-10,150.0,2.1951169599725033,2.195116711472957,0.871488262855792,0.008575488990313566
3,71.06598663330078,1.3446881771087646,9.033612191622353e-10,170.0,2.1951169599725033,2.195116711472957,0.871488262855792,0.014947966437731473
3,71.06598663330078,1.3446881771087646,9.033612191622353e-10,179.0,2.1951169599725033,2.195116711472957,0.871488262855792,0.02873770319265679
3,71.06598663330078,1.3446881771087646,9.033612191622353e-10,179.9,2.1951169599725033,2.195116711472957,0.871488262855792,0.03814591376793368
3,71.06598663330078,1.3446881771087646,9.033612191622353e-10,180.0,2.1951169599725033,2.195116711472957,0.871488262855792,0.03836258270790681
4,142.13197326660156,1.3446881771087646,9.033612191622353e-10,0.0,2.1084663408797244,2.1084658237788476,0.8632407185460608,847.5868435868715
4,142.13197326660156,1.3446881771087646,9.033612191622353e-10,0.1,2.1084663408797244,2.1084658237788476,0.8632407185460608,834.3174216144835
4,142.13197326660156,1.3446881771087646,9.033612191622353e-10,1.0,2.1084663408797244,2.1084658237788476,0.8632407185460608,134.02165587799482
4,142.13197326660156,1.3446881771087646,9.033612191622353e-10,10.0,2.1084663408797244,2.1084658237788476,0.8632407185460608,0.848121137634814
4,142.13197326660156,1.3446881771087646,9.033612191622353e-10,30.0,2.1084663408797244,2.1084658237788476,0.8632407185460608,0.11229424755073046
4,142.13197326660156,1.3446881771087646,9.033612191622353e-10,60.0,2.1084663408797244,2.1084658237788476,0.8632407185460608,0.03221161578940421
4,142.13197326660156,1.3446881771087646,9.033612191622353e-10,90.0,2.1084663408797244,2.1084658237788476,0.8632407185460608,0.0011171671442064893
4,142.13197326660156,1.3446881771087646,9.033612191622353e-10,120.0,2.1084663408797244,2.1084658237788476,0.8632407185460608,0.009550462494407604
4,142.13197326660156,1.3446881771087646,9.033612191622353e-10,150.0,2.1084663408797244,2.1084658237788476,0.8632407185460608,0.02366865971512282
4,142.13197326660156,1.3446881771087646,9.033612191622353e-10,170.0,2.1084663408797244,2.1084658237788476,0.8632407185460608,0.01590048632288122
4,142.13197326660156,1.3446881771087646,9.033612191622353e-10,179.0,2.1084663408797244,2.1084658237788476,0.8632407185460608,0.03216525919043013
4,142.13197326660156,1.3446881771087646,9.033612191622353e-10,179.9,2.1084663408797244,2.1084658237788476,0.8632407185460608,0.19325711877896615
4,142.13197326660156,1.3446881771087646,9.033612191622353e-10,180.0,2.1084663408797244,2.1084658237788476,0.8632407185460608,0.19948485419823006
5,355.3299255371094,1.3446881771087646,9.033612191622353e-10,0.0,2.0429332558745323,2.042932127162809,0.8738104588525987,5138.313400240545
5,355.3299255371094,1.3446881771087646,9.033612191622353e-10,0.1,2.0429332558745323,2.042932127162809,0.8738104588525987,4654.929292191857
5,355.3299255371094,1.3446881771087646,9.033612191622353e-10,1.0,2.0429332558745323,2.042932127162809,0.8738104588525987,26.432553857569452
5,355.3299255371094,1.3446881771087646,9.033612191622353e-10,10.0,2.0429332558745323,2.042932127162809,0.8738104588525987,0.23693995864153827
5,355.3299255371094,1.3446881771087646,9.033612191622353e-10,30.0,2.0429332558745323,2.042932127162809,0.8738104588525987,0.2263892350578187
5,355.3299255371094,1.3446881771087646,9.033612191622353e-10,60.0,2.0429332558745323,2.042932127162809,0.8738104588525987,0.02850685442570808
5,355.3299255371094,1.3446881771087646,9.033612191622353e-10,90.0,2.0429332558745323,2.042932127162809,0.8738104588525987,0.0012735711449241127
5,355.3299255371094,1.3446881771087646,9.033612191622353e-10,120.0,2.0429332558745323,2.042932127162809,0.8738104588525987,0.001130133138834983
5,355.3299255371094,1.3446881771087646,9.033612191622353e-10,150.0,2.0429332558745323,2.042932127162809,0.8738104588525987,0.009940729878240627
5,355.3299255371094,1.3446881771087646,9.033612191622353e-10,170.0,2.0429332558745323,2.042932127162809,0.8738104588525987,0.007156319229771597
5,355.3299255371094,1.3446881771087646,9.033612191622353e-10,179.0,2.0429332558745323,2.042932127162809,0.8738104588525987,0.012738607776189579
5,355.3299255371094,1.3446881771087646,9.033612191622353e-10,179.9,2.0429332558745323,2.042932127162809,0.8738104588525987,0.0066037195842931305
5,355.3299255371094,1.3446881771087646,9.033612191622353e-10,180.0,2.0429332558745323,2.042932127162809,0.8738104588525987,0.007358799487584255
6,710.6598510742188,1.3446881771087646,9.033612191622353e-10,0.0,2.0283744757053097,2.0283720730648573,0.8749857967090738,20389.03551271233
6,710.6598510742188,1.3446881771087646,9.033612191622353e-10,0.1,2.0283744757053097,2.0283720730648573,0.8749857967090738,13626.273336776334
6,710.6598510742188,1.3446881771087646,9.033612191622353e-10,1.0,2.0283744757053097,2.0283720730648573,0.8749857967090738,16.054701135700075
6,710.6598510742188,1.3446881771087646,9.033612191622353e-10,10.0,2.0283744757053097,2.0283720730648573,0.8749857967090738,0.816557406005138
6,710.6598510742188,1.3446881771087646,9.033612191622353e-10,30.0,2.0283744757053097,2.0283720730648573,0.8749857967090738,0.14506904691526878
6,710.6598510742188,1.3446881771087646,9.033612191622353e-10,60.0,2.0283744757053097,2.0283720730648573,0.8749857967090738,0.013759950230560996
6,710.6598510742188,1.3446881771087646,9.033612191622353e-10,90.0,2.0283744757053097,2.0283720730648573,0.8749857967090738,0.0009415028748813559
6,710.6598510742188,1.3446881771087646,9.033612191622353e-10,120.0,2.0283744757053097,2.0283720730648573,0.8749857967090738,0.0032413175501071487
6,710.6598510742188,1.3446881771087646,9.033612191622353e-10,150.0,2.0283744757053097,2.0283720730648573,0.8749857967090738,0.007083721070080878
6,710.6598510742188,1.3446881771087646,9.033612191622353e-10,170.0,2.0283744757053097,2.0283720730648573,0.8749857967090738,0.0051984835241953836
6,710.6598510742188,1.3446881771087646,9.033612191622353e-10,179.0,2.0283744757053097,2.0283720730648573,0.8749857967090738,0.012238364993941531
6,710.6598510742188,1.3446881771087646,9.033612191622353e-10,179.9,2.0283744757053097,2.0283720730648573,0.8749857967090738,0.060537321573529916
6,710.6598510742188,1.3446881771087646,9.033612191622353e-10,180.0,2.0283744757053097,2.0283720730648573,0.8749857967090738,0.12608928975827927
7,1421.3197021484375,1.3446881771087646,9.033612191622353e-10,0.0,2.0188059293323968,2.018801510253751,0.8784167375540318,81150.44272309201
7,1421.3197021484375,1.3446881771087646,9.033612191622353e-10,0.1,2.0188059293323968,2.018801510253751,0.8784167375540318,13079.9690634241
7,1421.3197021484375,1.3446881771087646,9.033612191622353e-10,1.0,2.0188059293323968,2.018801510253751,0.8784167375540318,10.770754947975128
7,1421.3197021484375,1.3446881771087646,9.033612191622353e-10,10.0,2.0188059293323968,2.018801510253751,0.8784167375540318,0.7247271395755889
7,1421.3197021484375,1.3446881771087646,9.033612191622353e-10,30.0,2.0188059293323968,2.018801510253751,0.8784167375540318,0.14714885649329212
7,1421.3197021484375,1.3446881771087646,9.033612191622353e-10,60.0,2.0188059293323968,2.018801510253751,0.8784167375540318,0.014269489331778447
7,1421.3197021484375,1.3446881771087646,9.033612191622353e-10,90.0,2.0188059293323968,2.018801510253751,0.8784167375540318,0.000986100608176746
7,1421.3197021484375,1.3446881771087646,9.033612191622353e-10,120.0,2.0188059293323968,2.018801510253751,0.8784167375540318,0.0038295934440231035
7,1421.3197021484375,1.3446881771087646,9.033612191622353e-10,150.0,2.0188059293323968,2.018801510253751,0.8784167375540318,0.01821849055407864
7,1421.3197021484375,1.3446881771087646,9.033612191622353e-10,170.0,2.0188059293323968,2.018801510253751,0.8784167375540318,0.0020691700051858764
7,1421.3197021484375,1.3446881771087646,9.033612191622353e-10,179.0,2.0188059293323968,2.018801510253751,0.8784167375540318,0.004813609458662563
7,1421.3197021484375,1.3446881771087646,9.033612191622353e-10,179.9,2.0188059293323968,2.018801510253751,0.8784167375540318,0.008737808461779573
7,1421.3197021484375,1.3446881771087646,9.033612191622353e-10,180.0,2.0188059293323968,2.018801510253751,0.8784167375540318,0.11284432628395562
8,3.3421199321746826,1.3419511318206787,7.285309022719844e-10,0.0,2.2579173873441105,2.2579173772923764,0.7960503582308871,0.9948998864738494
8,3.3421199321746826,1.3419511318206787,7.285309022719844e-10,0.1,2.2579173873441105,2.2579173772923764,0.7960503582308871,0.9948908783168499
8,3.3421199321746826,1.3419511318206787,7.285309022719844e-10,1.0,2.2579173873441105,2.2579173772923764,0.7960503582308871,0.9939994484819636
8,3.3421199321746826,1.3419511318206787,7.285309022719844e-10,10.0,2.2579173873441105,2.2579173772923764,0.7960503582308871,0.9085344586264271
8,3.3421199321746826,1.3419511318206787,7.285309022719844e-10,30.0,2.2579173873441105,2.2579173772923764,0.7960503582308871,0.430398027371405
8,3.3421199321746826,1.3419511318206787,7.285309022719844e-10,60.0,2.2579173873441105,2.2579173772923764,0.7960503582308871,0.026304506058667347
8,3.3421199321746826,1.3419511318206787,7.285309022719844e-10,90.0,2.2579173873441105,2.2579173772923764,0.7960503582308871,0.01004255293263726
8,3.3421199321746826,1.3419511318206787,7.285309022719844e-10,120.0,2.2579173873441105,2.2579173772923764,0.7960503582308871,0.0055374514157630365
8,3.3421199321746826,1.3419511318206787,7.285309022719844e-10,150.0,2.2579173873441105,2.2579173772923764,0.7960503582308871,0.004826489137721848
8,3.3421199321746826,1.3419511318206787,7.285309022719844e-10,170.0,2.2579173873441105,2.2579173772923764,0.7960503582308871,0.01018262946531359
8,3.3421199321746826,1.3419511318206787,7.285309022719844e-10,179.0,2.2579173873441105,2.2579173772923764,0.7960503582308871,0.011252137306473908
8,3.3421199321746826,1.3419511318206787,7.285309022719844e-10,179.9,2.2579173873441105,2.2579173772923764,0.7960503582308871,0.011263389779267675
8,3.3421199321746826,1.3419511318206787,7.285309022719844e-10,180.0,2.2579173873441105,2.2579173772923764,0.7960503582308871,0.01126350349825714
9,6.684239864349365,1.3419511318206787,7.285309022719844e-10,0.0,3.8602583005467,3.8602582789411968,0.8371477200850301,3.4418537963418796
9,6.684239864349365,1.3419511318206787,7.285309022719844e-10,0.1,3.8602583005467,3.8602582789411968,0.8371477200850301,3.441720470115899
9,6.684239864349365,1.3419511318206787,7.285309022719844e-10,1.0,3.8602583005467,3.8602582789411968,0.8371477200850301,3.428543314380013
9,6.684239864349365,1.3419511318206787,7.285309022719844e-10,10.0,3.8602583005467,3.8602582789411968,0.8371477200850301,2.312291281932315
9,6.684239864349365,1.3419511318206787,7.285309022719844e-10,30.0,3.8602583005467,3.8602582789411968,0.8371477200850301,0.08916920566805499
9,6.684239864349365,1.3419511318206787,7.285309022719844e-10,60.0,3.8602583005467,3.8602582789411968,0.8371477200850301,0.015538855893738912
9,6.684239864349365,1.3419511318206787,7.285309022719844e-10,90.0,3.8602583005467,3.8602582789411968,0.8371477200850301,0.0069798665883051775
9,6.684239864349365,1.3419511318206787,7.285309022719844e-10,120.0,3.8602583005467,3.8602582789411968,0.8371477200850301,0.007328766420447901
9,6.684239864349365,1.3419511318206787,7.285309022719844e-10,150.0,3.8602583005467,3.8602582789411968,0.8371477200850301,0.011506247965921194
9,6.684239864349365,1.3419511318206787,7.285309022719844e-10,170.0,3.8602583005467,3.8602582789411968,0.8371477200850301,0.005305593010335094
9,6.684239864349365,1.3419511318206787,7.285309022719844e-10,179.0,3.8602583005467,3.8602582789411968,0.8371477200850301,0.007633407471530841
9,6.684239864349365,1.3419511318206787,7.285309022719844e-10,179.9,3.8602583005467,3.8602582789411968,0.8371477200850301,0.007677607949111708
9,6.684239864349365,1.3419511318206787,7.285309022719844e-10,180.0,3.8602583005467,3.8602582789411968,0.8371477200850301,0.007678056963581666
10,26.73695945739746,1.3419511318206787,7.285309022719844e-10,0.0,2.437583894853408,2.4375837112458623,0.7981402954232354,35.375965387107414
10,26.73695945739746,1.3419511318206787,7.285309022719844e-10,0.1,2.437583894853408,2.4375837112458623,0.7981402954232354,35.35426656448065
10,26.73695945739746,1.3419511318206787,7.285309022719844e-10,1.0,2.437583894853408,2.4375837112458623,0.7981402954232354,33.26167266165777
10,26.73695945739746,1.3419511318206787,7.285309022719844e-10,10.0,2.437583894853408,2.4375837112458623,0.7981402954232354,0.9522140081673897
10,26.73695945739746,1.3419511318206787,7.285309022719844e-10,30.0,2.437583894853408,2.4375837112458623,0.7981402954232354,0.26510188301030896
10,26.73695945739746,1.3419511318206787,7.285309022719844e-10,60.0,2.437583894853408,2.4375837112458623,0.7981402954232354,0.03901648818081847
10,26.73695945739746,1.3419511318206787,7.285309022719844e-10,90.0,2.437583894853408,2.4375837112458623,0.7981402954232354,0.003269012456194764
10,26.73695945739746,1.3419511318206787,7.285309022719844e-10,120.0,2.437583894853408,2.4375837112458623,0.7981402954232354,0.0024730571951875084
10,26.73695945739746,1.3419511318206787,7.285309022719844e-10,150.0,2.437583894853408,2.4375837112458623,0.7981402954232354,0.04585237152069723
10,26.73695945739746,1.3419511318206787,7.285309022719844e-10,170.0,2.437583894853408,2.4375837112458623,0.7981402954232354,0.010570042385026618
10,26.73695945739746,1.3419511318206787,7.285309022719844e-10,179.0,2.437583894853408,2.4375837112458623,0.7981402954232354,0.15952440989420244
10,26.73695945739746,1.3419511318206787,7.285309022719844e-10,179.9,2.437583894853408,2.4375837112458623,0.7981402954232354,0.18266362324989568
10,26.73695945739746,1.3419511318206787,7.285309022719844e-10,180.0,2.437583894853408,2.4375837112458623,0.7981402954232354,0.18291295285890322
11,66.84239959716797,1.3419511318206787,7.285309022719844e-10,0.0,2.016117935843021,2.01611775434058,0.8515680955386257,179.90764252768003
11,66.84239959716797,1.3419511318206787,7.285309022719844e-10,0.1,2.016117935843021,2.01611775434058,0.8515680955386257,179.21995074795515
11,66.84239959716797,1.3419511318206787,7.285309022719844e-10,1.0,2.016117935843021,2.01611775434058,0.8515680955386257,120.94544847716949
11,66.84239959716797,1.3419511318206787,7.285309022719844e-10,10.0,2.016117935843021,2.01611775434058,0.8515680955386257,0.3548028235559235
11,66.84239959716797,1.3419511318206787,7.285309022719844e-10,30.0,2.016117935843021,2.01611775434058,0.8515680955386257,0.18770753868067047
11,66.84239959716797,1.3419511318206787,7.285309022719844e-10,60.0,2.016117935843021,2.01611775434058,0.8515680955386257,0.0176632676623053
11,66.84239959716797,1.3419511318206787,7.285309022719844e-10,90.0,2.016117935843021,2.01611775434058,0.8515680955386257,0.001492119648640615
11,66.84239959716797,1.3419511318206787,7.285309022719844e-10,120.0,2.016117935843021,2.01611775434058,0.8515680955386257,0.005599860882670028
11,66.84239959716797,1.3419511318206787,7.285309022719844e-10,150.0,2.016117935843021,2.01611775434058,0.8515680955386257,0.014467080570843253
11,66.84239959716797,1.3419511318206787,7.285309022719844e-10,170.0,2.016117935843021,2.01611775434058,0.8515680955386257,0.01080647341974626
11,66.84239959716797,1.3419511318206787,7.285309022719844e-10,179.0,2.016117935843021,2.01611775434058,0.8515680955386257,0.02237851206534958
11,66.84239959716797,1.3419511318206787,7.285309022719844e-10,179.9,2.016117935843021,2.01611775434058,0.8515680955386257,0.026127743656366977
11,66.84239959716797,1.3419511318206787,7.285309022719844e-10,180.0,2.016117935843021,2.01611775434058,0.8515680955386257,0.026224731080369046
12,133.68479919433594,1.3419511318206787,7.285309022719844e-10,0.0,2.1043542828098785,2.1043539275695196,0.8636438717773397,748.4941957079529
12,133.68479919433594,1.3419511318206787,7.285309022719844e-10,0.1,2.1043542828098785,2.1043539275695196,0.8636438717773397,738.0457737552367
12,133.68479919433594,1.3419511318206787,7.285309022719844e-10,1.0,2.1043542828098785,2.1043539275695196,0.8636438717773397,149.45003882984815
12,133.68479919433594,1.3419511318206787,7.285309022719844e-10,10.0,2.1043542828098785,2.1043539275695196,0.8636438717773397,0.9366213719711914
12,133.68479919433594,1.3419511318206787,7.285309022719844e-10,30.0,2.1043542828098785,2.1043539275695196,0.8636438717773397,0.11342872562600136
12,133.68479919433594,1.3419511318206787,7.285309022719844e-10,60.0,2.1043542828098785,2.1043539275695196,0.8636438717773397,0.02145402789403498
12,133.68479919433594,1.3419511318206787,7.285309022719844e-10,90.0,2.1043542828098785,2.1043539275695196,0.8636438717773397,0.001978870178855583
12,133.68479919433594,1.3419511318206787,7.285309022719844e-10,120.0,2.1043542828098785,2.1043539275695196,0.8636438717773397,0.0026931695465961616
12,133.68479919433594,1.3419511318206787,7.285309022719844e-10,150.0,2.1043542828098785,2.1043539275695196,0.8636438717773397,0.017209261146592516
12,133.68479919433594,1.3419511318206787,7.285309022719844e-10,170.0,2.1043542828098785,2.1043539275695196,0.8636438717773397,0.005786237005503189
12,133.68479919433594,1.3419511318206787,7.285309022719844e-10,179.0,2.1043542828098785,2.1043539275695196,0.8636438717773397,0.03523125539670093
12,133.68479919433594,1.3419511318206787,7.285309022719844e-10,179.9,2.1043542828098785,2.1043539275695196,0.8636438717773397,0.014199310502560335
12,133.68479919433594,1.3419511318206787,7.285309022719844e-10,180.0,2.1043542828098785,2.1043539275695196,0.8636438717773397,0.01466286914090864
13,334.21197509765625,1.3419511318206787,7.285309022719844e-10,0.0,2.026752094814768,2.026751230387075,0.8720123255110614,4504.879985819954
13,334.21197509765625,1.3419511318206787,7.285309022719844e-10,0.1,2.026752094814768,2.026751230387075,0.8720123255110614,4124.503226503541
13,334.21197509765625,1.3419511318206787,7.285309022719844e-10,1.0,2.026752094814768,2.026751230387075,0.8720123255110614,53.09099393265643
13,334.21197509765625,1.3419511318206787,7.285309022719844e-10,10.0,2.026752094814768,2.026751230387075,0.8720123255110614,0.7739094583479018
13,334.21197509765625,1.3419511318206787,7.285309022719844e-10,30.0,2.026752094814768,2.026751230387075,0.8720123255110614,0.27994783474741486
13,334.21197509765625,1.3419511318206787,7.285309022719844e-10,60.0,2.026752094814768,2.026751230387075,0.8720123255110614,0.01343332284205602
13,334.21197509765625,1.3419511318206787,7.285309022719844e-10,90.0,2.026752094814768,2.026751230387075,0.8720123255110614,0.0010934478285101405
13,334.21197509765625,1.3419511318206787,7.285309022719844e-10,120.0,2.026752094814768,2.026751230387075,0.8720123255110614,0.0020343560419377625
13,334.21197509765625,1.3419511318206787,7.285309022719844e-10,150.0,2.026752094814768,2.026751230387075,0.8720123255110614,0.008557990197623993
13,334.21197509765625,1.3419511318206787,7.285309022719844e-10,170.0,2.026752094814768,2.026751230387075,0.8720123255110614,0.006928951766141958
13,334.21197509765625,1.3419511318206787,7.285309022719844e-10,179.0,2.026752094814768,2.026751230387075,0.8720123255110614,0.006468092559905564
13,334.21197509765625,1.3419511318206787,7.285309022719844e-10,179.9,2.026752094814768,2.026751230387075,0.8720123255110614,0.08150695468191818
13,334.21197509765625,1.3419511318206787,7.285309022719844e-10,180.0,2.026752094814768,2.026751230387075,0.8720123255110614,0.09889787175479206
14,668.4239501953125,1.3419511318206787,7.285309022719844e-10,0.0,2.0368579776575655,2.036856294207083,0.8786118083568232,18111.710369815304
14,668.4239501953125,1.3419511318206787,7.285309022719844e-10,0.1,2.0368579776575655,2.036856294207083,0.8786118083568232,12727.049063705479
14,668.4239501953125,1.3419511318206787,7.285309022719844e-10,1.0,2.0368579776575655,2.036856294207083,0.8786118083568232,21.2315601211548
14,668.4239501953125,1.3419511318206787,7.285309022719844e-10,10.0,2.0368579776575655,2.036856294207083,0.8786118083568232,0.33171733845000323
14,668.4239501953125,1.3419511318206787,7.285309022719844e-10,30.0,2.0368579776575655,2.036856294207083,0.8786118083568232,0.22735323694086806
14,668.4239501953125,1.3419511318206787,7.285309022719844e-10,60.0,2.0368579776575655,2.036856294207083,0.8786118083568232,0.022831124962849305
14,668.4239501953125,1.3419511318206787,7.285309022719844e-10,90.0,2.0368579776575655,2.036856294207083,0.8786118083568232,0.0014400562552156894
14,668.4239501953125,1.3419511318206787,7.285309022719844e-10,120.0,2.0368579776575655,2.036856294207083,0.8786118083568232,0.0018686710186186937
14,668.4239501953125,1.3419511318206787,7.285309022719844e-10,150.0,2.0368579776575655,2.036856294207083,0.8786118083568232,0.011041194972466896
14,668.4239501953125,1.3419511318206787,7.285309022719844e-10,170.0,2.0368579776575655,2.036856294207083,0.8786118083568232,0.001519151144140937
14,668.4239501953125,1.3419511318206787,7.285309022719844e-10,179.0,2.0368579776575655,2.036856294207083,0.8786118083568232,0.007233867410450867
14,668.4239501953125,1.3419511318206787,7.285309022719844e-10,179.9,2.0368579776575655,2.036856294207083,0.8786118083568232,0.005078207500542541
14,668.4239501953125,1.3419511318206787,7.285309022719844e-10,180.0,2.0368579776575655,2.036856294207083,0.8786118083568232,0.005420829736708365
15,1336.847900390625,1.3419511318206787,7.285309022719844e-10,0.0,2.0172875921876137,2.017284186111446,0.8786942520727219,71729.76785262689
15,1336.847900390625,1.3419511318206787,7.285309022719844e-10,0.1,2.0172875921876137,2.017284186111446,0.8786942520727219,14798.292289397616
15,1336.847900390625,1.3419511318206787,7.285309022719844e-10,1.0,2.0172875921876137,2.017284186111446,0.8786942520727219,5.225085705311591
15,1336.847900390625,1.3419511318206787,7.285309022719844e-10,10.0,2.0172875921876137,2.017284186111446,0.8786942520727219,0.5805706705162025
15,1336.847900390625,1.3419511318206787,7.285309022719844e-10,30.0,2.0172875921876137,2.017284186111446,0.8786942520727219,0.1405259508889145
15,1336.847900390625,1.3419511318206787,7.285309022719844e-10,60.0,2.0172875921876137,2.017284186111446,0.8786942520727219,0.009025153941073498
15,1336.847900390625,1.3419511318206787,7.285309022719844e-10,90.0,2.0172875921876137,2.017284186111446,0.8786942520727219,0.0009043227525447449
15,1336.847900390625,1.3419511318206787,7.285309022719844e-10,120.0,2.0172875921876137,2.017284186111446,0.8786942520727219,0.002429394136735407
15,1336.847900390625,1.3419511318206787,7.285309022719844e-10,150.0,2.0172875921876137,2.017284186111446,0.8786942520727219,0.011204329508598102
15,1336.847900390625,1.3419511318206787,7.285309022719844e-10,170.0,2.0172875921876137,2.017284186111446,0.8786942520727219,0.006813927740163244
15,1336.847900390625,1.3419511318206787,7.285309022719844e-10,179.0,2.0172875921876137,2.017284186111446,0.8786942520727219,0.009808985009662723
15,1336.847900390625,1.3419511318206787,7.285309022719844e-10,179.9,2.0172875921876137,2.017284186111446,0.8786942520727219,0.01858122569622031
15,1336.847900390625,1.3419511318206787,7.285309022719844e-10,180.0,2.0172875921876137,2.017284186111446,0.8786942520727219,0.001748956519780132
16,2.454369306564331,1.3311318159103394,1.5712583234517297e-08,0.0,1.1812725395383823,1.1812723923494657,0.6963763736118931,0.5770320973092941
16,2.454369306564331,1.3311318159103394,1.5712583234517297e-08,0.1,1.1812725395383823,1.1812723923494657,0.6963763736118931,0.577029067159268
16,2.454369306564331,1.3311318159103394,1.5712583234517297e-08,1.0,1.1812725395383823,1.1812723923494657,0.6963763736118931,0.5767291606866645
16,2.454369306564331,1.3311318159103394,1.5712583234517297e-08,10.0,1.1812725395383823,1.1812723923494657,0.6963763736118931,0.5475088629395531
16,2.454369306564331,1.3311318159103394,1.5712583234517297e-08,30.0,1.1812725395383823,1.1812723923494657,0.6963763736118931,0.3595390918221507
16,2.454369306564331,1.3311318159103394,1.5712583234517297e-08,60.0,1.1812725395383823,1.1812723923494657,0.6963763736118931,0.08702805817696198
16,2.454369306564331,1.3311318159103394,1.5712583234517297e-08,90.0,1.1812725395383823,1.1812723923494657,0.6963763736118931,0.009940736909034612
16,2.454369306564331,1.3311318159103394,1.5712583234517297e-08,120.0,1.1812725395383823,1.1812723923494657,0.6963763736118931,0.005792759970228109
16,2.454369306564331,1.3311318159103394,1.5712583234517297e-08,150.0,1.1812725395383823,1.1812723923494657,0.6963763736118931,0.012817031775926612
16,2.454369306564331,1.3311318159103394,1.5712583234517297e-08,170.0,1.1812725395383823,1.1812723923494657,0.6963763736118931,0.016657052267949453
16,2.454369306564331,1.3311318159103394,1.5712583234517297e-08,179.0,1.1812725395383823,1.1812723923494657,0.6963763736118931,0.017206861097544598
16,2.454369306564331,1.3311318159103394,1.5712583234517297e-08,179.9,1.1812725395383823,1.1812723923494657,0.6963763736118931,0.01721244895880632
16,2.454369306564331,1.3311318159103394,1.5712583234517297e-08,180.0,1.1812725395383823,1.1812723923494657,0.6963763736118931,0.01721250541099913
17,4.908738613128662,1.3311318159103394,1.5712583234517297e-08,0.0,3.566361489261389,3.5663611568783,0.8450379456768327,2.021372567244298
17,4.908738613128662,1.3311318159103394,1.5712583234517297e-08,0.1,3.566361489261389,3.5663611568783,0.8450379456768327,2.0213332069239276
17,4.908738613128662,1.3311318159103394,1.5712583234517297e-08,1.0,3.566361489261389,3.5663611568783,0.8450379456768327,2.0174398970469842
17,4.908738613128662,1.3311318159103394,1.5712583234517297e-08,10.0,3.566361489261389,3.5663611568783,0.8450379456768327,1.6600638014881313
17,4.908738613128662,1.3311318159103394,1.5712583234517297e-08,30.0,3.566361489261389,3.5663611568783,0.8450379456768327,0.28416012054816586
17,4.908738613128662,1.3311318159103394,1.5712583234517297e-08,60.0,3.566361489261389,3.5663611568783,0.8450379456768327,0.03575657989045898
17,4.908738613128662,1.3311318159103394,1.5712583234517297e-08,90.0,3.566361489261389,3.5663611568783,0.8450379456768327,0.0065331462513209876
17,4.908738613128662,1.3311318159103394,1.5712583234517297e-08,120.0,3.566361489261389,3.5663611568783,0.8450379456768327,0.0019531865428811506
17,4.908738613128662,1.3311318159103394,1.5712583234517297e-08,150.0,3.566361489261389,3.5663611568783,0.8450379456768327,0.007190927243601981
17,4.908738613128662,1.3311318159103394,1.5712583234517297e-08,170.0,3.566361489261389,3.5663611568783,0.8450379456768327,0.008344356817282775
17,4.908738613128662,1.3311318159103394,1.5712583234517297e-08,179.0,3.566361489261389,3.5663611568783,0.8450379456768327,0.009737962021602355
17,4.908738613128662,1.3311318159103394,1.5712583234517297e-08,179.9,3.566361489261389,3.5663611568783,0.8450379456768327,0.009754838630707079
17,4.908738613128662,1.3311318159103394,1.5712583234517297e-08,180.0,3.566361489261389,3.5663611568783,0.8450379456768327,0.009755009423813113
18,19.63495445251465,1.3311318159103394,1.5712583234517297e-08,0.0,2.141004110379672,2.1410024254405338,0.7598434637756831,16.99770456229125
18,19.63495445251465,1.3311318159103394,1.5712583234517297e-08,0.1,2.141004110379672,2.1410024254405338,0.7598434637756831,16.991065632762208
18,19.63495445251465,1.3311318159103394,1.5712583234517297e-08,1.0,2.141004110379672,2.1410024254405338,0.7598434637756831,16.344092809254562
18,19.63495445251465,1.3311318159103394,1.5712583234517297e-08,10.0,2.141004110379672,2.1410024254405338,0.7598434637756831,0.35284844468371435
18,19.63495445251465,1.3311318159103394,1.5712583234517297e-08,30.0,2.141004110379672,2.1410024254405338,0.7598434637756831,0.09316646274016849
18,19.63495445251465,1.3311318159103394,1.5712583234517297e-08,60.0,2.141004110379672,2.1410024254405338,0.7598434637756831,0.020856655278593362
18,19.63495445251465,1.3311318159103394,1.5712583234517297e-08,90.0,2.141004110379672,2.1410024254405338,0.7598434637756831,0.00970227094726884
18,19.63495445251465,1.3311318159103394,1.5712583234517297e-08,120.0,2.141004110379672,2.1410024254405338,0.7598434637756831,0.004406918583530781
18,19.63495445251465,1.3311318159103394,1.5712583234517297e-08,150.0,2.141004110379672,2.1410024254405338,0.7598434637756831,0.01816885127449711
18,19.63495445251465,1.3311318159103394,1.5712583234517297e-08,170.0,2.141004110379672,2.1410024254405338,0.7598434637756831,0.07482469713617525
18,19.63495445251465,1.3311318159103394,1.5712583234517297e-08,179.0,2.141004110379672,2.1410024254405338,0.7598434637756831,0.11071135694073134
18,19.63495445251465,1.3311318159103394,1.5712583234517297e-08,179.9,2.141004110379672,2.1410024254405338,0.7598434637756831,0.1194634133001455
18,19.63495445251465,1.3311318159103394,1.5712583234517297e-08,180.0,2.141004110379672,2.1410024254405338,0.7598434637756831,0.11955558094801359
19,49.08738708496094,1.3311318159103394,1.5712583234517297e-08,0.0,2.0011090590571117,2.0011061415982203,0.8502686048969185,97.20101899609848
19,49.08738708496094,1.3311318159103394,1.5712583234517297e-08,0.1,2.0011090590571117,2.0011061415982203,0.8502686048969185,96.99432880958199
19,49.08738708496094,1.3311318159103394,1.5712583234517297e-08,1.0,2.0011090590571117,2.0011061415982203,0.8502686048969185,78.21553452638211
19,49.08738708496094,1.3311318159103394,1.5712583234517297e-08,10.0,2.0011090590571117,2.0011061415982203,0.8502686048969185,0.45634365449487696
19,49.08738708496094,1.3311318159103394,1.5712583234517297e-08,30.0,2.0011090590571117,2.0011061415982203,0.8502686048969185,0.2996880193562954
19,49.08738708496094,1.3311318159103394,1.5712583234517297e-08,60.0,2.0011090590571117,2.0011061415982203,0.8502686048969185,0.013703896985355802
19,49.08738708496094,1.3311318159103394,1.5712583234517297e-08,90.0,2.0011090590571117,2.0011061415982203,0.8502686048969185,0.0028949318243783207
19,49.08738708496094,1.3311318159103394,1.5712583234517297e-08,120.0,2.0011090590571117,2.0011061415982203,0.8502686048969185,0.006577155724391768
19,49.08738708496094,1.3311318159103394,1.5712583234517297e-08,150.0,2.0011090590571117,2.0011061415982203,0.8502686048969185,0.014776129973144682
19,49.08738708496094,1.3311318159103394,1.5712583234517297e-08,170.0,2.0011090590571117,2.0011061415982203,0.8502686048969185,0.005489417586664549
19,49.08738708496094,1.3311318159103394,1.5712583234517297e-08,179.0,2.0011090590571117,2.0011061415982203,0.8502686048969185,0.0031101750307361547
19,49.08738708496094,1.3311318159103394,1.5712583234517297e-08,179.9,2.0011090590571117,2.0011061415982203,0.8502686048969185,0.0032999072508697698
19,49.08738708496094,1.3311318159103394,1.5712583234517297e-08,180.0,2.0011090590571117,2.0011061415982203,0.8502686048969185,0.0033184013565681248
20,98.17477416992188,1.3311318159103394,1.5712583234517297e-08,0.0,2.024938400505319,2.0249328304205387,0.8657686553009984,388.65213797124096
20,98.17477416992188,1.3311318159103394,1.5712583234517297e-08,0.1,2.024938400505319,2.0249328304205387,0.8657686553009984,385.5860908460144
20,98.17477416992188,1.3311318159103394,1.5712583234517297e-08,1.0,2.024938400505319,2.0249328304205387,0.8657686553009984,165.35693374228532
20,98.17477416992188,1.3311318159103394,1.5712583234517297e-08,10.0,2.024938400505319,2.0249328304205387,0.8657686553009984,0.08485836057490227
20,98.17477416992188,1.3311318159103394,1.5712583234517297e-08,30.0,2.024938400505319,2.0249328304205387,0.8657686553009984,0.2641165708915636
20,98.17477416992188,1.3311318159103394,1.5712583234517297e-08,60.0,2.024938400505319,2.0249328304205387,0.8657686553009984,0.030078414101450433
20,98.17477416992188,1.3311318159103394,1.5712583234517297e-08,90.0,2.024938400505319,2.0249328304205387,0.8657686553009984,0.0014692962511478767
20,98.17477416992188,1.3311318159103394,1.5712583234517297e-08,120.0,2.024938400505319,2.0249328304205387,0.8657686553009984,0.0021451034389412134
20,98.17477416992188,1.3311318159103394,1.5712583234517297e-08,150.0,2.024938400505319,2.0249328304205387,0.8657686553009984,0.016220322316282114
20,98.17477416992188,1.3311318159103394,1.5712583234517297e-08,170.0,2.024938400505319,2.0249328304205387,0.8657686553009984,0.008520676146407806
20,98.17477416992188,1.3311318159103394,1.5712583234517297e-08,179.0,2.024938400505319,2.0249328304205387,0.8657686553009984,0.015951686992256534
20,98.17477416992188,1.3311318159103394,1.5712583234517297e-08,179.9,2.024938400505319,2.0249328304205387,0.8657686553009984,0.007970270659076873
20,98.17477416992188,1.3311318159103394,1.5712583234517297e-08,180.0,2.024938400505319,2.0249328304205387,0.8657686553009984,0.008090433371078967
21,245.43692016601562,1.3311318159103394,1.5712583234517297e-08,0.0,2.0751465570370535,2.0751330255091402,0.8777112913048801,2491.349057402289
21,245.43692016601562,1.3311318159103394,1.5712583234517297e-08,0.1,2.0751465570370535,2.0751330255091402,0.8777112913048801,2377.6506100525244
21,245.43692016601562,1.3311318159103394,1.5712583234517297e-08,1.0,2.0751465570370535,2.0751330255091402,0.8777112913048801,13.51938458678465
21,245.43692016601562,1.3311318159103394,1.5712583234517297e-08,10.0,2.0751465570370535,2.0751330255091402,0.8777112913048801,0.6775309896899079
21,245.43692016601562,1.3311318159103394,1.5712583234517297e-08,30.0,2.0751465570370535,2.0751330255091402,0.8777112913048801,0.20652403132007302
21,245.43692016601562,1.3311318159103394,1.5712583234517297e-08,60.0,2.0751465570370535,2.0751330255091402,0.8777112913048801,0.009907697435450596
21,245.43692016601562,1.3311318159103394,1.5712583234517297e-08,90.0,2.0751465570370535,2.0751330255091402,0.8777112913048801,0.0012821934035920995
21,245.43692016601562,1.3311318159103394,1.5712583234517297e-08,120.0,2.0751465570370535,2.0751330255091402,0.8777112913048801,0.0017609946184876882
21,245.43692016601562,1.3311318159103394,1.5712583234517297e-08,150.0,2.0751465570370535,2.0751330255091402,0.8777112913048801,0.014968843241324099
21,245.43692016601562,1.3311318159103394,1.5712583234517297e-08,170.0,2.0751465570370535,2.0751330255091402,0.8777112913048801,0.006785073504379717
21,245.43692016601562,1.3311318159103394,1.5712583234517297e-08,179.0,2.0751465570370535,2.0751330255091402,0.8777112913048801,0.016533815247933688
21,245.43692016601562,1.3311318159103394,1.5712583234517297e-08,179.9,2.0751465570370535,2.0751330255091402,0.8777112913048801,0.009878293890318256
21,245.43692016601562,1.3311318159103394,1.5712583234517297e-08,180.0,2.0751465570370535,2.0751330255091402,0.8777112913048801,0.010387520950065983
22,490.87384033203125,1.3311318159103394,1.5712583234517297e-08,0.0,2.046897930233092,2.0468709046307514,0.8792749597841691,9816.181250198017
22,490.87384033203125,1.3311318159103394,1.5712583234517297e-08,0.1,2.046897930233092,2.0468709046307514,0.8792749597841691,8134.747651029577
22,490.87384033203125,1.3311318159103394,1.5712583234517297e-08,1.0,2.046897930233092,2.0468709046307514,0.8792749597841691,48.56136306498749
22,490.87384033203125,1.3311318159103394,1.5712583234517297e-08,10.0,2.046897930233092,2.0468709046307514,0.8792749597841691,0.419830236643671
22,490.87384033203125,1.3311318159103394,1.5712583234517297e-08,30.0,2.046897930233092,2.0468709046307514,0.8792749597841691,0.12181485989685516
22,490.87384033203125,1.3311318159103394,1.5712583234517297e-08,60.0,2.046897930233092,2.0468709046307514,0.8792749597841691,0.022337895397700383
22,490.87384033203125,1.3311318159103394,1.5712583234517297e-08,90.0,2.046897930233092,2.0468709046307514,0.8792749597841691,0.001376511390343422
22,490.87384033203125,1.3311318159103394,1.5712583234517297e-08,120.0,2.046897930233092,2.0468709046307514,0.8792749597841691,0.0024839915308671463
22,490.87384033203125,1.3311318159103394,1.5712583234517297e-08,150.0,2.046897930233092,2.0468709046307514,0.8792749597841691,0.012915143724043598
22,490.87384033203125,1.3311318159103394,1.5712583234517297e-08,170.0,2.046897930233092,2.0468709046307514,0.8792749597841691,0.006620495316482641
22,490.87384033203125,1.3311318159103394,1.5712583234517297e-08,179.0,2.046897930233092,2.0468709046307514,0.8792749597841691,0.007254093898265004
22,490.87384033203125,1.3311318159103394,1.5712583234517297e-08,179.9,2.046897930233092,2.0468709046307514,0.8792749597841691,0.021681460886211833
22,490.87384033203125,1.3311318159103394,1.5712583234517297e-08,180.0,2.046897930233092,2.0468709046307514,0.8792749597841691,0.026092921840997985
23,981.7476806640625,1.3311318159103394,1.5712583234517297e-08,0.0,2.0185366197122874,2.01848317764034,0.8815710985600724,38709.959379914515
23,981.7476806640625,1.3311318159103394,1.5712583234517297e-08,0.1,2.0185366197122874,2.01848317764034,0.8815710985600724,17491.04695364719
23,981.7476806640625,1.3311318159103394,1.5712583234517297e-08,1.0,2.0185366197122874,2.01848317764034,0.8815710985600724,9.809068368985406
23,981.7476806640625,1.3311318159103394,1.5712583234517297e-08,10.0,2.0185366197122874,2.01848317764034,0.8815710985600724,0.39292385520853707
23,981.7476806640625,1.3311318159103394,1.5712583234517297e-08,30.0,2.0185366197122874,2.01848317764034,0.8815710985600724,0.19051100906640459
23,981.7476806640625,1.3311318159103394,1.5712583234517297e-08,60.0,2.0185366197122874,2.01848317764034,0.8815710985600724,0.013575777918087428
23,981.7476806640625,1.3311318159103394,1.5712583234517297e-08,90.0,2.0185366197122874,2.01848317764034,0.8815710985600724,0.00054440400640413
23,981.7476806640625,1.3311318159103394,1.5712583234517297e-08,120.0,2.0185366197122874,2.01848317764034,0.8815710985600724,0.0009922977124100002
23,981.7476806640625,1.3311318159103394,1.5712583234517297e-08,150.0,2.0185366197122874,2.01848317764034,0.8815710985600724,0.007198355089263288
23,981.7476806640625,1.3311318159103394,1.5712583234517297e-08,170.0,2.0185366197122874,2.01848317764034,0.8815710985600724,0.001059724761079095
23,981.7476806640625,1.3311318159103394,1.5712583234517297e-08,179.0,2.0185366197122874,2.01848317764034,0.8815710985600724,0.02022396534182711
23,981.7476806640625,1.3311318159103394,1.5712583234517297e-08,179.9,2.0185366197122874,2.01848317764034,0.8815710985600724,0.009743457895151637
23,981.7476806640625,1.3311318159103394,1.5712583234517297e-08,180.0,2.0185366197122874,2.01848317764034,0.8815710985600724,0.14622871882101354
24,1.815949559211731,1.324372410774231,3.547385176716489e-07,0.0,0.5168423140960924,0.5168400319080368,0.6200924302941748,0.38579453895026705
24,1.815949559211731,1.324372410774231,3.547385176716489e-07,0.1,0.5168423140960924,0.5168400319080368,0.6200924302941748,0.38579322758958406
24,1.815949559211731,1.324372410774231,3.547385176716489e-07,1.0,0.5168423140960924,0.5168400319080368,0.6200924302941748,0.385663426272018
24,1.815949559211731,1.324372410774231,3.547385176716489e-07,10.0,0.5168423140960924,0.5168400319080368,0.6200924302941748,0.3729143046942329
24,1.815949559211731,1.324372410774231,3.547385176716489e-07,30.0,0.5168423140960924,0.5168400319080368,0.6200924302941748,0.28494882919075637
24,1.815949559211731,1.324372410774231,3.547385176716489e-07,60.0,0.5168423140960924,0.5168400319080368,0.6200924302941748,0.11949400358021531
24,1.815949559211731,1.324372410774231,3.547385176716489e-07,90.0,0.5168423140960924,0.5168400319080368,0.6200924302941748,0.03276637701299992
24,1.815949559211731,1.324372410774231,3.547385176716489e-07,120.0,0.5168423140960924,0.5168400319080368,0.6200924302941748,0.007318780899256053
24,1.815949559211731,1.324372410774231,3.547385176716489e-07,150.0,0.5168423140960924,0.5168400319080368,0.6200924302941748,0.002599286638298576
24,1.815949559211731,1.324372410774231,3.547385176716489e-07,170.0,0.5168423140960924,0.5168400319080368,0.6200924302941748,0.002526065955620358
24,1.815949559211731,1.324372410774231,3.547385176716489e-07,179.0,0.5168423140960924,0.5168400319080368,0.6200924302941748,0.002562245871444094
24,1.815949559211731,1.324372410774231,3.547385176716489e-07,179.9,0.5168423140960924,0.5168400319080368,0.6200924302941748,0.0025626598152903956
24,1.815949559211731,1.324372410774231,3.547385176716489e-07,180.0,0.5168423140960924,0.5168400319080368,0.6200924302941748,0.002562664001832337
25,3.631899118423462,1.324372410774231,3.547385176716489e-07,0.0,2.34108069308146,2.341075409719732,0.8115351694837536,1.1669220397510036
25,3.631899118423462,1.324372410774231,3.547385176716489e-07,0.1,2.34108069308146,2.341075409719732,0.8115351694837536,1.1669095868487183
25,3.631899118423462,1.324372410774231,3.547385176716489e-07,1.0,2.34108069308146,2.341075409719732,0.8115351694837536,1.1656773544863972
25,3.631899118423462,1.324372410774231,3.547385176716489e-07,10.0,2.34108069308146,2.341075409719732,0.8115351694837536,1.04832379277957
25,3.631899118423462,1.324372410774231,3.547385176716489e-07,30.0,2.34108069308146,2.341075409719732,0.8115351694837536,0.4289059882969475
25,3.631899118423462,1.324372410774231,3.547385176716489e-07,60.0,2.34108069308146,2.341075409719732,0.8115351694837536,0.016768853411502842
25,3.631899118423462,1.324372410774231,3.547385176716489e-07,90.0,2.34108069308146,2.341075409719732,0.8115351694837536,0.009473121088766304
25,3.631899118423462,1.324372410774231,3.547385176716489e-07,120.0,2.34108069308146,2.341075409719732,0.8115351694837536,0.003918710373689656
25,3.631899118423462,1.324372410774231,3.547385176716489e-07,150.0,2.34108069308146,2.341075409719732,0.8115351694837536,0.0072986238572214195
25,3.631899118423462,1.324372410774231,3.547385176716489e-07,170.0,2.34108069308146,2.341075409719732,0.8115351694837536,0.01303585697673361
25,3.631899118423462,1.324372410774231,3.547385176716489e-07,179.0,2.34108069308146,2.341075409719732,0.8115351694837536,0.014181299453708175
25,3.631899118423462,1.324372410774231,3.547385176716489e-07,179.9,2.34108069308146,2.341075409719732,0.8115351694837536,0.014193392799352103
25,3.631899118423462,1.324372410774231,3.547385176716489e-07,180.0,2.34108069308146,2.341075409719732,0.8115351694837536,0.014193515020953689
26,14.527596473693848,1.324372410774231,3.547385176716489e-07,0.0,2.3111406753774317,2.3111188508424996,0.7901695987076552,9.94210764735661
26,14.527596473693848,1.324372410774231,3.547385176716489e-07,0.1,2.3111406753774317,2.3111188508424996,0.7901695987076552,9.940597136862733
26,14.527596473693848,1.324372410774231,3.547385176716489e-07,1.0,2.3111406753774317,2.3111188508424996,0.7901695987076552,9.792153778644796
26,14.527596473693848,1.324372410774231,3.547385176716489e-07,10.0,2.3111406753774317,2.3111188508424996,0.7901695987076552,2.155759578377775
26,14.527596473693848,1.324372410774231,3.547385176716489e-07,30.0,2.3111406753774317,2.3111188508424996,0.7901695987076552,0.20728331974424796
26,14.527596473693848,1.324372410774231,3.547385176716489e-07,60.0,2.3111406753774317,2.3111188508424996,0.7901695987076552,0.014739313121600714
26,14.527596473693848,1.324372410774231,3.547385176716489e-07,90.0,2.3111406753774317,2.3111188508424996,0.7901695987076552,0.0077216009334055095
26,14.527596473693848,1.324372410774231,3.547385176716489e-07,120.0,2.3111406753774317,2.3111188508424996,0.7901695987076552,0.010641985178210352
26,14.527596473693848,1.324372410774231,3.547385176716489e-07,150.0,2.3111406753774317,2.3111188508424996,0.7901695987076552,0.006827741928382171
26,14.527596473693848,1.324372410774231,3.547385176716489e-07,170.0,2.3111406753774317,2.3111188508424996,0.7901695987076552,0.05439687463718587
26,14.527596473693848,1.324372410774231,3.547385176716489e-07,179.0,2.3111406753774317,2.3111188508424996,0.7901695987076552,0.03050729479333463
26,14.527596473693848,1.324372410774231,3.547385176716489e-07,179.9,2.3111406753774317,2.3111188508424996,0.7901695987076552,0.03146875737185518
26,14.527596473693848,1.324372410774231,3.547385176716489e-07,180.0,2.3111406753774317,2.3111188508424996,0.7901695987076552,0.031478817355365014
27,36.31898880004883,1.324372410774231,3.547385176716489e-07,0.0,2.364687288229071,2.3646328942215877,0.8550885639091779,62.274623319245244
27,36.31898880004883,1.324372410774231,3.547385176716489e-07,0.1,2.364687288229071,2.3646328942215877,0.8550885639091779,62.21365076381268
27,36.31898880004883,1.324372410774231,3.547385176716489e-07,1.0,2.364687288229071,2.3646328942215877,0.8550885639091779,56.42715787194029
27,36.31898880004883,1.324372410774231,3.547385176716489e-07,10.0,2.364687288229071,2.3646328942215877,0.8550885639091779,0.504005501876853
27,36.31898880004883,1.324372410774231,3.547385176716489e-07,30.0,2.364687288229071,2.3646328942215877,0.8550885639091779,0.1964294097454168
27,36.31898880004883,1.324372410774231,3.547385176716489e-07,60.0,2.364687288229071,2.3646328942215877,0.8550885639091779,0.018235168648786073
27,36.31898880004883,1.324372410774231,3.547385176716489e-07,90.0,2.364687288229071,2.3646328942215877,0.8550885639091779,0.006198116484130145
27,36.31898880004883,1.324372410774231,3.547385176716489e-07,120.0,2.364687288229071,2.3646328942215877,0.8550885639091779,0.002900620904877988
27,36.31898880004883,1.324372410774231,3.547385176716489e-07,150.0,2.364687288229071,2.3646328942215877,0.8550885639091779,0.014847079619705205
27,36.31898880004883,1.324372410774231,3.547385176716489e-07,170.0,2.364687288229071,2.3646328942215877,0.8550885639091779,0.01906152829616205
27,36.31898880004883,1.324372410774231,3.547385176716489e-07,179.0,2.364687288229071,2.3646328942215877,0.8550885639091779,0.004210823149124742
27,36.31898880004883,1.324372410774231,3.547385176716489e-07,179.9,2.364687288229071,2.3646328942215877,0.8550885639091779,0.005530258275943651
27,36.31898880004883,1.324372410774231,3.547385176716489e-07,180.0,2.364687288229071,2.3646328942215877,0.8550885639091779,0.0055503416877179575
28,72.63797760009766,1.324372410774231,3.547385176716489e-07,0.0,2.12423561182967,2.1241406729615444,0.863127720969414,222.99992038542132
28,72.63797760009766,1.324372410774231,3.547385176716489e-07,0.1,2.12423561182967,2.1241406729615444,0.863127720969414,222.0583863696001
28,72.63797760009766,1.324372410774231,3.547385176716489e-07,1.0,2.12423561182967,2.1241406729615444,0.863127720969414,143.90803882862602
28,72.63797760009766,1.324372410774231,3.547385176716489e-07,10.0,2.12423561182967,2.1241406729615444,0.863127720969414,0.5398314782874158
28,72.63797760009766,1.324372410774231,3.547385176716489e-07,30.0,2.12423561182967,2.1241406729615444,0.863127720969414,0.1727405443536654
28,72.63797760009766,1.324372410774231,3.547385176716489e-07,60.0,2.12423561182967,2.1241406729615444,0.863127720969414,0.020590101558658983
28,72.63797760009766,1.324372410774231,3.547385176716489e-07,90.0,2.12423561182967,2.1241406729615444,0.863127720969414,0.0024911549066485143
28,72.63797760009766,1.324372410774231,3.547385176716489e-07,120.0,2.12423561182967,2.1241406729615444,0.863127720969414,0.00233836791279209
28,72.63797760009766,1.324372410774231,3.547385176716489e-07,150.0,2.12423561182967,2.1241406729615444,0.863127720969414,0.0153350388971595
28,72.63797760009766,1.324372410774231,3.547385176716489e-07,170.0,2.12423561182967,2.1241406729615444,0.863127720969414,0.011744866561568524
28,72.63797760009766,1.324372410774231,3.547385176716489e-07,179.0,2.12423561182967,2.1241406729615444,0.863127720969414,0.00481537409338367
28,72.63797760009766,1.324372410774231,3.547385176716489e-07,179.9,2.12423561182967,2.1241406729615444,0.863127720969414,0.004086714477803865
28,72.63797760009766,1.324372410774231,3.547385176716489e-07,180.0,2.12423561182967,2.1241406729615444,0.863127720969414,0.004148051686461727
29,181.59495544433594,1.324372410774231,3.547385176716489e-07,0.0,2.1173599020378364,2.1170985472823487,0.8749577195381586,1391.3714101216158
29,181.59495544433594,1.324372410774231,3.547385176716489e-07,0.1,2.1173599020378364,2.1170985472823487,0.8749577195381586,1356.2576067286452
29,181.59495544433594,1.324372410774231,3.547385176716489e-07,1.0,2.1173599020378364,2.1170985472823487,0.8749577195381586,41.824421508429005
29,181.59495544433594,1.324372410774231,3.547385176716489e-07,10.0,2.1173599020378364,2.1170985472823487,0.8749577195381586,0.3267822093383751
29,181.59495544433594,1.324372410774231,3.547385176716489e-07,30.0,2.1173599020378364,2.1170985472823487,0.8749577195381586,0.10043929448191197
29,181.59495544433594,1.324372410774231,3.547385176716489e-07,60.0,2.1173599020378364,2.1170985472823487,0.8749577195381586,0.02362875387154557
29,181.59495544433594,1.324372410774231,3.547385176716489e-07,90.0,2.1173599020378364,2.1170985472823487,0.8749577195381586,0.0009908027982277053
29,181.59495544433594,1.324372410774231,3.547385176716489e-07,120.0,2.1173599020378364,2.1170985472823487,0.8749577195381586,0.0005378584450409434
29,181.59495544433594,1.324372410774231,3.547385176716489e-07,150.0,2.1173599020378364,2.1170985472823487,0.8749577195381586,0.018883718404887815
29,181.59495544433594,1.324372410774231,3.547385176716489e-07,170.0,2.1173599020378364,2.1170985472823487,0.8749577195381586,0.0062356577741014205
29,181.59495544433594,1.324372410774231,3.547385176716489e-07,179.0,2.1173599020378364,2.1170985472823487,0.8749577195381586,0.052296097880276164
29,181.59495544433594,1.324372410774231,3.547385176716489e-07,179.9,2.1173599020378364,2.1170985472823487,0.8749577195381586,0.12858722617206048
29,181.59495544433594,1.324372410774231,3.547385176716489e-07,180.0,2.1173599020378364,2.1170985472823487,0.8749577195381586,0.13723089314310546
30,363.1899108886719,1.324372410774231,3.547385176716489e-07,0.0,2.0430696436082916,2.042600691969792,0.8787465907581654,5363.615788827711
30,363.1899108886719,1.324372410774231,3.547385176716489e-07,0.1,2.0430696436082916,2.042600691969792,0.8787465907581654,4836.186821327447
30,363.1899108886719,1.324372410774231,3.547385176716489e-07,1.0,2.0430696436082916,2.042600691969792,0.8787465907581654,16.34951745910353
30,363.1899108886719,1.324372410774231,3.547385176716489e-07,10.0,2.0430696436082916,2.042600691969792,0.8787465907581654,0.44814440172995446
30,363.1899108886719,1.324372410774231,3.547385176716489e-07,30.0,2.0430696436082916,2.042600691969792,0.8787465907581654,0.26141810726383063
30,363.1899108886719,1.324372410774231,3.547385176716489e-07,60.0,2.0430696436082916,2.042600691969792,0.8787465907581654,0.01720259984433927
30,363.1899108886719,1.324372410774231,3.547385176716489e-07,90.0,2.0430696436082916,2.042600691969792,0.8787465907581654,0.0012466331559065837
30,363.1899108886719,1.324372410774231,3.547385176716489e-07,120.0,2.0430696436082916,2.042600691969792,0.8787465907581654,0.003111449729997612
30,363.1899108886719,1.324372410774231,3.547385176716489e-07,150.0,2.0430696436082916,2.042600691969792,0.8787465907581654,0.009101216948165434
30,363.1899108886719,1.324372410774231,3.547385176716489e-07,170.0,2.0430696436082916,2.042600691969792,0.8787465907581654,0.00295657014518254
30,363.1899108886719,1.324372410774231,3.547385176716489e-07,179.0,2.0430696436082916,2.042600691969792,0.8787465907581654,0.024363034830169567
30,363.1899108886719,1.324372410774231,3.547385176716489e-07,179.9,2.0430696436082916,2.042600691969792,0.8787465907581654,0.15161470128476012
30,363.1899108886719,1.324372410774231,3.547385176716489e-07,180.0,2.0430696436082916,2.042600691969792,0.8787465907581654,0.18573243447495583
31,726.3798217773438,1.324372410774231,3.547385176716489e-07,0.0,2.027103256726277,2.026209126354633,0.882528362133717,21297.557602340108
31,726.3798217773438,1.324372410774231,3.547385176716489e-07,0.1,2.027103256726277,2.026209126354633,0.882528362133717,13965.91671717468
31,726.3798217773438,1.324372410774231,3.547385176716489e-07,1.0,2.027103256726277,2.026209126354633,0.882528362133717,9.951471487853448
31,726.3798217773438,1.324372410774231,3.547385176716489e-07,10.0,2.027103256726277,2.026209126354633,0.882528362133717,0.3700468054222841
31,726.3798217773438,1.324372410774231,3.547385176716489e-07,30.0,2.027103256726277,2.026209126354633,0.882528362133717,0.22902486316256399
31,726.3798217773438,1.324372410774231,3.547385176716489e-07,60.0,2.027103256726277,2.026209126354633,0.882528362133717,0.008913372746005191
31,726.3798217773438,1.324372410774231,3.547385176716489e-07,90.0,2.027103256726277,2.026209126354633,0.882528362133717,0.0009993740187713685
31,726.3798217773438,1.324372410774231,3.547385176716489e-07,120.0,2.027103256726277,2.026209126354633,0.882528362133717,0.0012241747750055662
31,726.3798217773438,1.324372410774231,3.547385176716489e-07,150.0,2.027103256726277,2.026209126354633,0.882528362133717,0.00984294117373771
31,726.3798217773438,1.324372410774231,3.547385176716489e-07,170.0,2.027103256726277,2.026209126354633,0.882528362133717,0.004852022693373151
31,726.3798217773438,1.324372410774231,3.547385176716489e-07,179.0,2.027103256726277,2.026209126354633,0.882528362133717,0.01161609608807401
31,726.3798217773438,1.324372410774231,3.547385176716489e-07,179.9,2.027103256726277,2.026209126354633,0.882528362133717,0.05168263610664152
31,726.3798217773438,1.324372410774231,3.547385176716489e-07,180.0,2.027103256726277,2.026209126354633,0.882528362133717,0.10752321964765837
32,1.7380852699279785,1.3235605955123901,5.056697318650549e-07,0.0,0.4549720089931475,0.4549689787756642,0.5844708156851858,0.36045519217516914
32,1.7380852699279785,1.3235605955123901,5.056697318650549e-07,0.1,0.4549720089931475,0.4549689787756642,0.5844708156851858,0.360454025630486
32,1.7380852699279785,1.3235605955123901,5.056697318650549e-07,1.0,0.4549720089931475,0.4549689787756642,0.5844708156851858,0.3603385577106667
32,1.7380852699279785,1.3235605955123901,5.056697318650549e-07,10.0,0.4549720089931475,0.4549689787756642,0.5844708156851858,0.3489894297252786
32,1.7380852699279785,1.3235605955123901,5.056697318650549e-07,30.0,0.4549720089931475,0.4549689787756642,0.5844708156851858,0.27021843244459137
32,1.7380852699279785,1.3235605955123901,5.056697318650549e-07,60.0,0.4549720089931475,0.4549689787756642,0.5844708156851858,0.11900837438056226
32,1.7380852699279785,1.3235605955123901,5.056697318650549e-07,90.0,0.4549720089931475,0.4549689787756642,0.5844708156851858,0.03676953800433751
32,1.7380852699279785,1.3235605955123901,5.056697318650549e-07,120.0,0.4549720089931475,0.4549689787756642,0.5844708156851858,0.011310323480450147
32,1.7380852699279785,1.3235605955123901,5.056697318650549e-07,150.0,0.4549720089931475,0.4549689787756642,0.5844708156851858,0.005425303763094258
32,1.7380852699279785,1.3235605955123901,5.056697318650549e-07,170.0,0.4549720089931475,0.4549689787756642,0.5844708156851858,0.004731011249382156
32,1.7380852699279785,1.3235605955123901,5.056697318650549e-07,179.0,0.4549720089931475,0.4549689787756642,0.5844708156851858,0.004678852499758825
32,1.7380852699279785,1.3235605955123901,5.056697318650549e-07,179.9,0.4549720089931475,0.4549689787756642,0.5844708156851858,0.004678369436876783
32,1.7380852699279785,1.3235605955123901,5.056697318650549e-07,180.0,0.4549720089931475,0.4549689787756642,0.5844708156851858,0.004678364561359099
33,3.476170539855957,1.3235605955123901,5.056697318650549e-07,0.0,2.182550558019134,2.1825434374501227,0.8055902141098443,1.0692980684572073
33,3.476170539855957,1.3235605955123901,5.056697318650549e-07,0.1,2.182550558019134,2.1825434374501227,0.8055902141098443,1.0692876650574492
33,3.476170539855957,1.3235605955123901,5.056697318650549e-07,1.0,2.182550558019134,2.1825434374501227,0.8055902141098443,1.0682581942683131
33,3.476170539855957,1.3235605955123901,5.056697318650549e-07,10.0,2.182550558019134,2.1825434374501227,0.8055902141098443,0.9698395725124348
33,3.476170539855957,1.3235605955123901,5.056697318650549e-07,30.0,2.182550558019134,2.1825434374501227,0.8055902141098443,0.4326665966080619
33,3.476170539855957,1.3235605955123901,5.056697318650549e-07,60.0,2.182550558019134,2.1825434374501227,0.8055902141098443,0.021058116827578802
33,3.476170539855957,1.3235605955123901,5.056697318650549e-07,90.0,2.182550558019134,2.1825434374501227,0.8055902141098443,0.009756677254024413
33,3.476170539855957,1.3235605955123901,5.056697318650549e-07,120.0,2.182550558019134,2.1825434374501227,0.8055902141098443,0.0043902672099600725
33,3.476170539855957,1.3235605955123901,5.056697318650549e-07,150.0,2.182550558019134,2.1825434374501227,0.8055902141098443,0.005892563454415503
33,3.476170539855957,1.3235605955123901,5.056697318650549e-07,170.0,2.182550558019134,2.1825434374501227,0.8055902141098443,0.011791183607279203
33,3.476170539855957,1.3235605955123901,5.056697318650549e-07,179.0,2.182550558019134,2.1825434374501227,0.8055902141098443,0.012928351350442353
33,3.476170539855957,1.3235605955123901,5.056697318650549e-07,179.9,2.182550558019134,2.1825434374501227,0.8055902141098443,0.012940288779083903
33,3.476170539855957,1.3235605955123901,5.056697318650549e-07,180.0,2.182550558019134,2.1825434374501227,0.8055902141098443,0.012940409417781672
34,13.904682159423828,1.3235605955123901,5.056697318650549e-07,0.0,2.1693870859348547,2.16935411448907,0.7219184012060766,8.825846567020324
34,13.904682159423828,1.3235605955123901,5.056697318650549e-07,0.1,2.1693870859348547,2.16935411448907,0.7219184012060766,8.824441583982477
34,13.904682159423828,1.3235605955123901,5.056697318650549e-07,1.0,2.1693870859348547,2.16935411448907,0.7219184012060766,8.686401905770772
34,13.904682159423828,1.3235605955123901,5.056697318650549e-07,10.0,2.1693870859348547,2.16935411448907,0.7219184012060766,1.788778998015966
34,13.904682159423828,1.3235605955123901,5.056697318650549e-07,30.0,2.1693870859348547,2.16935411448907,0.7219184012060766,0.2515912086902801
34,13.904682159423828,1.3235605955123901,5.056697318650549e-07,60.0,2.1693870859348547,2.16935411448907,0.7219184012060766,0.053766011421564855
34,13.904682159423828,1.3235605955123901,5.056697318650549e-07,90.0,2.1693870859348547,2.16935411448907,0.7219184012060766,0.004208422237006572
34,13.904682159423828,1.3235605955123901,5.056697318650549e-07,120.0,2.1693870859348547,2.16935411448907,0.7219184012060766,0.00977152256925357
34,13.904682159423828,1.3235605955123901,5.056697318650549e-07,150.0,2.1693870859348547,2.16935411448907,0.7219184012060766,0.012397782264795116
34,13.904682159423828,1.3235605955123901,5.056697318650549e-07,170.0,2.1693870859348547,2.16935411448907,0.7219184012060766,0.06865889868748017
34,13.904682159423828,1.3235605955123901,5.056697318650549e-07,179.0,2.1693870859348547,2.16935411448907,0.7219184012060766,0.0667483615170721
34,13.904682159423828,1.3235605955123901,5.056697318650549e-07,179.9,2.1693870859348547,2.16935411448907,0.7219184012060766,0.06887000375798843
34,13.904682159423828,1.3235605955123901,5.056697318650549e-07,180.0,2.1693870859348547,2.16935411448907,0.7219184012060766,0.06889195463180667
35,34.7617073059082,1.3235605955123901,5.056697318650549e-07,0.0,2.297809789038105,2.297735097449333,0.8338814742464701,55.32112722633308
35,34.7617073059082,1.3235605955123901,5.056697318650549e-07,0.1,2.297809789038105,2.297735097449333,0.8338814742464701,55.26967850994746
35,34.7617073059082,1.3235605955123901,5.056697318650549e-07,1.0,2.297809789038105,2.297735097449333,0.8338814742464701,50.37831151862325
35,34.7617073059082,1.3235605955123901,5.056697318650549e-07,10.0,2.297809789038105,2.297735097449333,0.8338814742464701,0.05994736230780865
35,34.7617073059082,1.3235605955123901,5.056697318650549e-07,30.0,2.297809789038105,2.297735097449333,0.8338814742464701,0.1124885357993111
35,34.7617073059082,1.3235605955123901,5.056697318650549e-07,60.0,2.297809789038105,2.297735097449333,0.8338814742464701,0.04503289588000407
35,34.7617073059082,1.3235605955123901,5.056697318650549e-07,90.0,2.297809789038105,2.297735097449333,0.8338814742464701,0.0037127375594233373
35,34.7617073059082,1.3235605955123901,5.056697318650549e-07,120.0,2.297809789038105,2.297735097449333,0.8338814742464701,0.004873940695926222
35,34.7617073059082,1.3235605955123901,5.056697318650549e-07,150.0,2.297809789038105,2.297735097449333,0.8338814742464701,0.0234158221778374
35,34.7617073059082,1.3235605955123901,5.056697318650549e-07,170.0,2.297809789038105,2.297735097449333,0.8338814742464701,0.020685771954025923
35,34.7617073059082,1.3235605955123901,5.056697318650549e-07,179.0,2.297809789038105,2.297735097449333,0.8338814742464701,0.00815807148516326
35,34.7617073059082,1.3235605955123901,5.056697318650549e-07,179.9,2.297809789038105,2.297735097449333,0.8338814742464701,0.010540851728694876
35,34.7617073059082,1.3235605955123901,5.056697318650549e-07,180.0,2.297809789038105,2.297735097449333,0.8338814742464701,0.01057260003716182
36,69.5234146118164,1.3235605955123901,5.056697318650549e-07,0.0,2.005102976063126,2.0049769160712274,0.8674116453675299,194.52668853717213
36,69.5234146118164,1.3235605955123901,5.056697318650549e-07,0.1,2.005102976063126,2.0049769160712274,0.8674116453675299,193.73558895703601
36,69.5234146118164,1.3235605955123901,5.056697318650549e-07,1.0,2.005102976063126,2.0049769160712274,0.8674116453675299,127.32340606238452
36,69.5234146118164,1.3235605955123901,5.056697318650549e-07,10.0,2.005102976063126,2.0049769160712274,0.8674116453675299,0.6028413183113215
36,69.5234146118164,1.3235605955123901,5.056697318650549e-07,30.0,2.005102976063126,2.0049769160712274,0.8674116453675299,0.08656501345116299
36,69.5234146118164,1.3235605955123901,5.056697318650549e-07,60.0,2.005102976063126,2.0049769160712274,0.8674116453675299,0.026524041811491837
36,69.5234146118164,1.3235605955123901,5.056697318650549e-07,90.0,2.005102976063126,2.0049769160712274,0.8674116453675299,0.0014024381204444088
36,69.5234146118164,1.3235605955123901,5.056697318650549e-07,120.0,2.005102976063126,2.0049769160712274,0.8674116453675299,0.0035214419306338553
36,69.5234146118164,1.3235605955123901,5.056697318650549e-07,150.0,2.005102976063126,2.0049769160712274,0.8674116453675299,0.005267923210711242
36,69.5234146118164,1.3235605955123901,5.056697318650549e-07,170.0,2.005102976063126,2.0049769160712274,0.8674116453675299,0.008132406175713052
36,69.5234146118164,1.3235605955123901,5.056697318650549e-07,179.0,2.005102976063126,2.0049769160712274,0.8674116453675299,0.010889780313766908
36,69.5234146118164,1.3235605955123901,5.056697318650549e-07,179.9,2.005102976063126,2.0049769160712274,0.8674116453675299,0.012296939933882272
36,69.5234146118164,1.3235605955123901,5.056697318650549e-07,180.0,2.005102976063126,2.0049769160712274,0.8674116453675299,0.01237142122609421
37,173.80853271484375,1.3235605955123901,5.056697318650549e-07,0.0,2.0943043419025726,2.0939882205818936,0.8744881695884648,1262.4290077895969
37,173.80853271484375,1.3235605955123901,5.056697318650549e-07,0.1,2.0943043419025726,2.0939882205818936,0.8744881695884648,1233.0512612107088
37,173.80853271484375,1.3235605955123901,5.056697318650549e-07,1.0,2.0943043419025726,2.0939882205818936,0.8744881695884648,54.815840680982944
37,173.80853271484375,1.3235605955123901,5.056697318650549e-07,10.0,2.0943043419025726,2.0939882205818936,0.8744881695884648,0.1345825712028176
37,173.80853271484375,1.3235605955123901,5.056697318650549e-07,30.0,2.0943043419025726,2.0939882205818936,0.8744881695884648,0.15846203389998292
37,173.80853271484375,1.3235605955123901,5.056697318650549e-07,60.0,2.0943043419025726,2.0939882205818936,0.8744881695884648,0.023066504736149785
37,173.80853271484375,1.3235605955123901,5.056697318650549e-07,90.0,2.0943043419025726,2.0939882205818936,0.8744881695884648,0.0010043261728528497
37,173.80853271484375,1.3235605955123901,5.056697318650549e-07,120.0,2.0943043419025726,2.0939882205818936,0.8744881695884648,0.0018945373645600694
37,173.80853271484375,1.3235605955123901,5.056697318650549e-07,150.0,2.0943043419025726,2.0939882205818936,0.8744881695884648,0.013465926666857954
37,173.80853271484375,1.3235605955123901,5.056697318650549e-07,170.0,2.0943043419025726,2.0939882205818936,0.8744881695884648,0.004867750496088816
37,173.80853271484375,1.3235605955123901,5.056697318650549e-07,179.0,2.0943043419025726,2.0939882205818936,0.8744881695884648,0.021010201172933386
37,173.80853271484375,1.3235605955123901,5.056697318650549e-07,179.9,2.0943043419025726,2.0939882205818936,0.8744881695884648,0.0029496652128671434
37,173.80853271484375,1.3235605955123901,5.056697318650549e-07,180.0,2.0943043419025726,2.0939882205818936,0.8744881695884648,0.0030088383999538476
38,347.6170654296875,1.3235605955123901,5.056697318650549e-07,0.0,2.0634892264194793,2.0627058789782633,0.8807246135464121,4967.581940654084
38,347.6170654296875,1.3235605955123901,5.056697318650549e-07,0.1,2.0634892264194793,2.0627058789782633,0.8807246135464121,4523.328694385681
38,347.6170654296875,1.3235605955123901,5.056697318650549e-07,1.0,2.0634892264194793,2.0627058789782633,0.8807246135464121,25.30823604055292
38,347.6170654296875,1.3235605955123901,5.056697318650549e-07,10.0,2.0634892264194793,2.0627058789782633,0.8807246135464121,0.7905276137184833
38,347.6170654296875,1.3235605955123901,5.056697318650549e-07,30.0,2.0634892264194793,2.0627058789782633,0.8807246135464121,0.0892696881610959
38,347.6170654296875,1.3235605955123901,5.056697318650549e-07,60.0,2.0634892264194793,2.0627058789782633,0.8807246135464121,0.012535896973821795
38,347.6170654296875,1.3235605955123901,5.056697318650549e-07,90.0,2.0634892264194793,2.0627058789782633,0.8807246135464121,0.001329451220825257
38,347.6170654296875,1.3235605955123901,5.056697318650549e-07,120.0,2.0634892264194793,2.0627058789782633,0.8807246135464121,0.0018976109859251955
38,347.6170654296875,1.3235605955123901,5.056697318650549e-07,150.0,2.0634892264194793,2.0627058789782633,0.8807246135464121,0.01132205236637341
38,347.6170654296875,1.3235605955123901,5.056697318650549e-07,170.0,2.0634892264194793,2.0627058789782633,0.8807246135464121,0.0013928761221583578
38,347.6170654296875,1.3235605955123901,5.056697318650549e-07,179.0,2.0634892264194793,2.0627058789782633,0.8807246135464121,0.013648286768954295
38,347.6170654296875,1.3235605955123901,5.056697318650549e-07,179.9,2.0634892264194793,2.0627058789782633,0.8807246135464121,0.041986112105936
38,347.6170654296875,1.3235605955123901,5.056697318650549e-07,180.0,2.0634892264194793,2.0627058789782633,0.8807246135464121,0.04744875246277326
39,695.234130859375,1.3235605955123901,5.056697318650549e-07,0.0,2.034035273968056,2.032825363756973,0.8840669038216762,19573.888613342915
39,695.234130859375,1.3235605955123901,5.056697318650549e-07,0.1,2.034035273968056,2.032825363756973,0.8840669038216762,13334.316338540648
39,695.234130859375,1.3235605955123901,5.056697318650549e-07,1.0,2.034035273968056,2.032825363756973,0.8840669038216762,16.76241171656623
39,695.234130859375,1.3235605955123901,5.056697318650549e-07,10.0,2.034035273968056,2.032825363756973,0.8840669038216762,0.6701834878614966
39,695.234130859375,1.3235605955123901,5.056697318650549e-07,30.0,2.034035273968056,2.032825363756973,0.8840669038216762,0.2715074176575019
39,695.234130859375,1.3235605955123901,5.056697318650549e-07,60.0,2.034035273968056,2.032825363756973,0.8840669038216762,0.010962672221904085
39,695.234130859375,1.3235605955123901,5.056697318650549e-07,90.0,2.034035273968056,2.032825363756973,0.8840669038216762,0.0010802349689402935
39,695.234130859375,1.3235605955123901,5.056697318650549e-07,120.0,2.034035273968056,2.032825363756973,0.8840669038216762,0.001391465959438874
39,695.234130859375,1.3235605955123901,5.056697318650549e-07,150.0,2.034035273968056,2.032825363756973,0.8840669038216762,0.009900505380525603
39,695.234130859375,1.3235605955123901,5.056697318650549e-07,170.0,2.034035273968056,2.032825363756973,0.8840669038216762,0.0024382292199912063
39,695.234130859375,1.3235605955123901,5.056697318650549e-07,179.0,2.034035273968056,2.032825363756973,0.8840669038216762,0.00862574335478105
39,695.234130859375,1.3235605955123901,5.056697318650549e-07,179.9,2.034035273968056,2.032825363756973,0.8840669038216762,0.036953551333242206
39,695.234130859375,1.3235605955123901,5.056697318650549e-07,180.0,2.034035273968056,2.032825363756973,0.8840669038216762,0.06182889992101177
40,1.0,1.0099999904632568,0.0,0.0,8.118701448968288e-05,8.11870144896829e-05,0.16730243623885308,0.17493048261315902
40,1.0,1.0099999904632568,0.0,0.1,8.118701448968288e-05,8.11870144896829e-05,0.16730243623885308,0.17493010995775424
40,1.0,1.0099999904632568,0.0,1.0,8.118701448968288e-05,8.11870144896829e-05,0.16730243623885308,0.17489322188965076
40,1.0,1.0099999904632568,0.0,10.0,8.118701448968288e-05,8.11870144896829e-05,0.16730243623885308,0.17125220792254922
40,1.0,1.0099999904632568,0.0,30.0,8.118701448968288e-05,8.11870144896829e-05,0.16730243623885308,0.14507085364890415
40,1.0,1.0099999904632568,0.0,60.0,8.118701448968288e-05,8.11870144896829e-05,0.16730243623885308,0.08927965805283299
40,1.0,1.0099999904632568,0.0,90.0,8.118701448968288e-05,8.11870144896829e-05,0.16730243623885308,0.0578953977776937
40,1.0,1.0099999904632568,0.0,120.0,8.118701448968288e-05,8.11870144896829e-05,0.16730243623885308,0.058252141434164115
40,1.0,1.0099999904632568,0.0,150.0,8.118701448968288e-05,8.11870144896829e-05,0.16730243623885308,0.0692937952237666
40,1.0,1.0099999904632568,0.0,170.0,8.118701448968288e-05,8.11870144896829e-05,0.16730243623885308,0.07392176418593575
40,1.0,1.0099999904632568,0.0,179.0,8.118701448968288e-05,8.11870144896829e-05,0.16730243623885308,0.07453118812826087
40,1.0,1.0099999904632568,0.0,179.9,8.118701448968288e-05,8.11870144896829e-05,0.16730243623885308,0.07453732097628343
40,1.0,1.0099999904632568,0.0,180.0,8.118701448968288e-05,8.11870144896829e-05,0.16730243623885308,0.07453738292811732
41,2.0,1.0099999904632568,0.0,0.0,0.0005527645439819689,0.0005527645439819691,0.6106302488973651,0.41299061306188567
41,2.0,1.0099999904632568,0.0,0.1,0.0005527645439819689,0.0005527645439819691,0.6106302488973651,0.41298897887216207
41,2.0,1.0099999904632568,0.0,1.0,0.0005527645439819689,0.0005527645439819691,0.6106302488973651,0.4128272284258852
41,2.0,1.0099999904632568,0.0,10.0,0.0005527645439819689,0.0005527645439819691,0.6106302488973651,0.39699064002965395
41,2.0,1.0099999904632568,0.0,30.0,0.0005527645439819689,0.0005527645439819691,0.6106302488973651,0.2907083911485741
41,2.0,1.0099999904632568,0.0,60.0,0.0005527645439819689,0.0005527645439819691,0.6106302488973651,0.10997708721960979
41,2.0,1.0099999904632568,0.0,90.0,0.0005527645439819689,0.0005527645439819691,0.6106302488973651,0.03225213078336216
41,2.0,1.0099999904632568,0.0,120.0,0.0005527645439819689,0.0005527645439819691,0.6106302488973651,0.011414172229605312
41,2.0,1.0099999904632568,0.0,150.0,0.0005527645439819689,0.0005527645439819691,0.6106302488973651,0.004560269227904037
41,2.0,1.0099999904632568,0.0,170.0,0.0005527645439819689,0.0005527645439819691,0.6106302488973651,0.003023164303561017
41,2.0,1.0099999904632568,0.0,179.0,0.0005527645439819689,0.0005527645439819691,0.6106302488973651,0.0028502841829144494
41,2.0,1.0099999904632568,0.0,179.9,0.0005527645439819689,0.0005527645439819691,0.6106302488973651,0.002848575801144894
41,2.0,1.0099999904632568,0.0,180.0,0.0005527645439819689,0.0005527645439819691,0.6106302488973651,0.0028485585468404364
42,10.0,1.0099999904632568,0.0,0.0,0.019568849420453487,0.019568849420453484,0.9713946908916037,7.339151352042147
42,10.0,1.0099999904632568,0.0,0.1,0.019568849420453487,0.019568849420453484,0.9713946908916037,7.338689934089573
42,10.0,1.0099999904632568,0.0,1.0,0.019568849420453487,0.019568849420453484,0.9713946908916037,7.293134470763916
42,10.0,1.0099999904632568,0.0,10.0,0.019568849420453487,0.019568849420453484,0.9713946908916037,3.805463929616865
42,10.0,1.0099999904632568,0.0,30.0,0.019568849420453487,0.019568849420453484,0.9713946908916037,0.03305526715834302
42,10.0,1.0099999904632568,0.0,60.0,0.019568849420453487,0.019568849420453484,0.9713946908916037,0.0023597292659073323
42,10.0,1.0099999904632568,0.0,90.0,0.019568849420453487,0.019568849420453484,0.9713946908916037,3.683220851847811e-05
42,10.0,1.0099999904632568,0.0,120.0,0.019568849420453487,0.019568849420453484,0.9713946908916037,3.6907212647810965e-05
42,10.0,1.0099999904632568,0.0,150.0,0.019568849420453487,0.019568849420453484,0.9713946908916037,0.0002306829544172891
42,10.0,1.0099999904632568,0.0,170.0,0.019568849420453487,0.019568849420453484,0.9713946908916037,2.7401946284730798e-05
42,10.0,1.0099999904632568,0.0,179.0,0.019568849420453487,0.019568849420453484,0.9713946908916037,1.4693711487561737e-05
42,10.0,1.0099999904632568,0.0,179.9,0.019568849420453487,0.019568849420453484,0.9713946908916037,1.4587071486065773e-05
42,10.0,1.0099999904632568,0.0,180.0,0.019568849420453487,0.019568849420453484,0.9713946908916037,1.4585996441111662e-05
43,100.0,1.0099999904632568,0.0,0.0,1.612910945064492,1.6129109450644918,0.9993397379911483,702.2290810671287
43,100.0,1.0099999904632568,0.0,0.1,1.612910945064492,1.6129109450644918,0.9993397379911483,697.8265901444563
43,100.0,1.0099999904632568,0.0,1.0,1.612910945064492,1.6129109450644918,0.9993397379911483,363.265171123759
43,100.0,1.0099999904632568,0.0,10.0,1.612910945064492,1.6129109450644918,0.9993397379911483,0.014584734993920137
43,100.0,1.0099999904632568,0.0,30.0,1.612910945064492,1.6129109450644918,0.9993397379911483,0.00013152488089147882
43,100.0,1.0099999904632568,0.0,60.0,1.612910945064492,1.6129109450644918,0.9993397379911483,4.556738821740754e-05
43,100.0,1.0099999904632568,0.0,90.0,1.612910945064492,1.6129109450644918,0.9993397379911483,1.1257233570050784e-07
43,100.0,1.0099999904632568,0.0,120.0,1.612910945064492,1.6129109450644918,0.9993397379911483,1.6985724717409551e-06
43,100.0,1.0099999904632568,0.0,150.0,1.612910945064492,1.6129109450644918,0.9993397379911483,4.433805587437375e-06
43,100.0,1.0099999904632568,0.0,170.0,1.612910945064492,1.6129109450644918,0.9993397379911483,4.960179995740665e-06
43,100.0,1.0099999904632568,0.0,179.0,1.612910945064492,1.6129109450644918,0.9993397379911483,2.055065612117474e-06
43,100.0,1.0099999904632568,0.0,179.9,1.612910945064492,1.6129109450644918,0.9993397379911483,2.180537291352747e-06
43,100.0,1.0099999904632568,0.0,180.0,1.612910945064492,1.6129109450644918,0.9993397379911483,2.1819996533924345e-06
44,512.0,1.0099999904632568,0.0,0.0,2.370315984735829,2.370315984735829,0.999352811039182,12486.550977030982
44,512.0,1.0099999904632568,0.0,0.1,2.370315984735829,2.370315984735829,0.999352811039182,10497.604738254657
44,512.0,1.0099999904632568,0.0,1.0,2.370315984735829,2.370315984735829,0.999352811039182,40.205865422178306
44,512.0,1.0099999904632568,0.0,10.0,2.370315984735829,2.370315984735829,0.999352811039182,0.02416561504113137
44,512.0,1.0099999904632568,0.0,30.0,2.370315984735829,2.370315984735829,0.999352811039182,0.0016935917681028102
44,512.0,1.0099999904632568,0.0,60.0,2.370315984735829,2.370315984735829,0.999352811039182,1.550054161844867e-05
44,512.0,1.0099999904632568,0.0,90.0,2.370315984735829,2.370315984735829,0.999352811039182,4.374885842552171e-06
44,512.0,1.0099999904632568,0.0,120.0,2.370315984735829,2.370315984735829,0.999352811039182,3.464284101828823e-06
44,512.0,1.0099999904632568,0.0,150.0,2.370315984735829,2.370315984735829,0.999352811039182,3.3316809381703785e-06
44,512.0,1.0099999904632568,0.0,170.0,2.370315984735829,2.370315984735829,0.999352811039182,3.2954530494428867e-06
44,512.0,1.0099999904632568,0.0,179.0,2.370315984735829,2.370315984735829,0.999352811039182,2.0670267778773346e-06
44,512.0,1.0099999904632568,0.0,179.9,2.370315984735829,2.370315984735829,0.999352811039182,1.4894346726750423e-06
44,512.0,1.0099999904632568,0.0,180.0,2.370315984735829,2.370315984735829,0.999352811039182,1.4281119551462347e-06
45,1024.0,1.0099999904632568,0.0,0.0,1.828738082335268,1.828738082335268,0.9989875389831815,38151.45613582588
45,1024.0,1.0099999904632568,0.0,0.1,1.828738082335268,1.828738082335268,0.9989875389831815,14244.345931340593
45,1024.0,1.0099999904632568,0.0,1.0,1.828738082335268,1.828738082335268,0.9989875389831815,252.75803684941275
45,1024.0,1.0099999904632568,0.0,10.0,1.828738082335268,1.828738082335268,0.9989875389831815,0.09429871472052252
45,1024.0,1.0099999904632568,0.0,30.0,1.828738082335268,1.828738082335268,0.9989875389831815,0.003634587279317731
45,1024.0,1.0099999904632568,0.0,60.0,1.828738082335268,1.828738082335268,0.9989875389831815,0.000119110457072729
45,1024.0,1.0099999904632568,0.0,90.0,1.828738082335268,1.828738082335268,0.9989875389831815,5.891591536893705e-07
45,1024.0,1.0099999904632568,0.0,120.0,1.828738082335268,1.828738082335268,0.9989875389831815,3.442371348877204e-06
45,1024.0,1.0099999904632568,0.0,150.0,1.828738082335268,1.828738082335268,0.9989875389831815,4.358834686218545e-06
45,1024.0,1.0099999904632568,0.0,170.0,1.828738082335268,1.828738082335268,0.9989875389831815,4.030661501562798e-06
45,1024.0,1.0099999904632568,0.0,179.0,1.828738082335268,1.828738082335268,0.9989875389831815,5.360624530558158e-07
45,1024.0,1.0099999904632568,0.0,179.9,1.828738082335268,1.828738082335268,0.9989875389831815,4.922397852997177e-07
45,1024.0,1.0099999904632568,0.0,180.0,1.828738082335268,1.828738082335268,0.9989875389831815,6.854829686495934e-07
46,2048.0,1.0099999904632568,0.0,0.0,2.027946799974858,2.027946799974858,0.9987932488589748,169555.34631815096
46,2048.0,1.0099999904632568,0.0,0.1,2.027946799974858,2.027946799974858,0.9987932488589748,1216.03357353671
46,2048.0,1.0099999904632568,0.0,1.0,2.027946799974858,2.027946799974858,0.9987932488589748,101.20965175543023
46,2048.0,1.0099999904632568,0.0,10.0,2.027946799974858,2.027946799974858,0.9987932488589748,0.051798873950849506
46,2048.0,1.0099999904632568,0.0,30.0,2.027946799974858,2.027946799974858,0.9987932488589748,0.003462603468480998
46,2048.0,1.0099999904632568,0.0,60.0,2.027946799974858,2.027946799974858,0.9987932488589748,0.00010437666119428412
46,2048.0,1.0099999904632568,0.0,90.0,2.027946799974858,2.027946799974858,0.9987932488589748,4.781040290197695e-05
46,2048.0,1.0099999904632568,0.0,120.0,2.027946799974858,2.027946799974858,0.9987932488589748,3.2630584841088513e-06
46,2048.0,1.0099999904632568,0.0,150.0,2.027946799974858,2.027946799974858,0.9987932488589748,5.567265180229464e-06
46,2048.0,1.0099999904632568,0.0,170.0,2.027946799974858,2.027946799974858,0.9987932488589748,4.774220088869123e-06
46,2048.0,1.0099999904632568,0.0,179.0,2.027946799974858,2.027946799974858,0.9987932488589748,1.5477668518556045e-05
46,2048.0,1.0099999904632568,0.0,179.9,2.027946799974858,2.027946799974858,0.9987932488589748,0.00021683546516305892
46,2048.0,1.0099999904632568,0.0,180.0,2.027946799974858,2.027946799974858,0.9987932488589748,1.4348854969187331e-06
47,1.0,1.3300000429153442,0.0,0.0,0.0939240258286588,0.09392402582865879,0.18451667709515268,0.17830892232707435
47,1.0,1.3300000429153442,0.0,0.1,0.0939240258286588,0.09392402582865879,0.18451667709515268,0.17830855327381234
47,1.0,1.3300000429153442,0.0,1.0,0.0939240258286588,0.09392402582865879,0.18451667709515268,0.17827202155217378
47,1.0,1.3300000429153442,0.0,10.0,0.0939240258286588,0.09392402582865879,0.18451667709515268,0.174664020688521
47,1.0,1.3300000429153442,0.0,30.0,0.0939240258286588,0.09392402582865879,0.18451667709515268,0.14858033485503727
47,1.0,1.3300000429153442,0.0,60.0,0.0939240258286588,0.09392402582865879,0.18451667709515268,0.09175948975507697
47,1.0,1.3300000429153442,0.0,90.0,0.0939240258286588,0.09392402582865879,0.18451667709515268,0.05761504910217082
47,1.0,1.3300000429153442,0.0,120.0,0.0939240258286588,0.09392402582865879,0.18451667709515268,0.05575881175687892
47,1.0,1.3300000429153442,0.0,150.0,0.0939240258286588,0.09392402582865879,0.18451667709515268,0.06632255972799812
47,1.0,1.3300000429153442,0.0,170.0,0.0939240258286588,0.09392402582865879,0.18451667709515268,0.07105961512527384
47,1.0,1.3300000429153442,0.0,179.0,0.0939240258286588,0.09392402582865879,0.18451667709515268,0.07169263562353709
47,1.0,1.3300000429153442,0.0,179.9,0.0939240258286588,0.09392402582865879,0.18451667709515268,0.07169901628067268
47,1.0,1.3300000429153442,0.0,180.0,0.0939240258286588,0.09392402582865879,0.18451667709515268,0.07169908073683225
48,2.0,1.3300000429153442,0.0,0.0,0.7129485300834737,0.7129485300834736,0.6697216883854534,0.43954369227173673
48,2.0,1.3300000429153442,0.0,0.1,0.7129485300834737,0.7129485300834736,0.6697216883854534,0.43954201531659676
48,2.0,1.3300000429153442,0.0,1.0,0.7129485300834737,0.7129485300834736,0.6697216883854534,0.4393760297150244
48,2.0,1.3300000429153442,0.0,10.0,0.7129485300834737,0.7129485300834736,0.6697216883854534,0.42310257260348527
48,2.0,1.3300000429153442,0.0,30.0,0.7129485300834737,0.7129485300834736,0.6697216883854534,0.31256974838433055
48,2.0,1.3300000429153442,0.0,60.0,0.7129485300834737,0.7129485300834736,0.6697216883854534,0.11591259399548538
48,2.0,1.3300000429153442,0.0,90.0,0.7129485300834737,0.7129485300834736,0.6697216883854534,0.023835561471328814
48,2.0,1.3300000429153442,0.0,120.0,0.7129485300834737,0.7129485300834736,0.6697216883854534,0.002264394954322073
48,2.0,1.3300000429153442,0.0,150.0,0.7129485300834737,0.7129485300834736,0.6697216883854534,0.002524716451767931
48,2.0,1.3300000429153442,0.0,170.0,0.7129485300834737,0.7129485300834736,0.6697216883854534,0.004542394118442291
48,2.0,1.3300000429153442,0.0,179.0,0.7129485300834737,0.7129485300834736,0.6697216883854534,0.0048618779649307955
48,2.0,1.3300000429153442,0.0,179.9,0.7129485300834737,0.7129485300834736,0.6697216883854534,0.004865153656238118
48,2.0,1.3300000429153442,0.0,180.0,0.7129485300834737,0.7129485300834736,0.6697216883854534,0.004865186752235526
49,10.0,1.3300000429153442,0.0,0.0,2.2065480088043445,2.206548008804345,0.7124591764341746,5.155688729501188
49,10.0,1.3300000429153442,0.0,0.1,2.2065480088043445,2.206548008804345,0.7124591764341746,5.155061019433635
49,10.0,1.3300000429153442,0.0,1.0,2.2065480088043445,2.206548008804345,0.7124591764341746,5.093214527321523
49,10.0,1.3300000429153442,0.0,10.0,2.2065480088043445,2.206548008804345,0.7124591764341746,1.2406078569783343
49,10.0,1.3300000429153442,0.0,30.0,2.2065480088043445,2.206548008804345,0.7124591764341746,0.31940527527510093
49,10.0,1.3300000429153442,0.0,60.0,2.2065480088043445,2.206548008804345,0.7124591764341746,0.053858598740013565
49,10.0,1.3300000429153442,0.0,90.0,2.2065480088043445,2.206548008804345,0.7124591764341746,0.012092023168971372
49,10.0,1.3300000429153442,0.0,120.0,2.2065480088043445,2.206548008804345,0.7124591764341746,0.010326208136228265
49,10.0,1.3300000429153442,0.0,150.0,2.2065480088043445,2.206548008804345,0.7124591764341746,0.014411532659367742
49,10.0,1.3300000429153442,0.0,170.0,2.2065480088043445,2.206548008804345,0.7124591764341746,0.02022645552765111
49,10.0,1.3300000429153442,0.0,179.0,2.2065480088043445,2.206548008804345,0.7124591764341746,0.019881746498709035
49,10.0,1.3300000429153442,0.0,179.9,2.2065480088043445,2.206548008804345,0.7124591764341746,0.02023487493987623
49,10.0,1.3300000429153442,0.0,180.0,2.2065480088043445,2.206548008804345,0.7124591764341746,0.020238499896831685
50,100.0,1.3300000429153442,0.0,0.0,2.1010846567496833,2.101084656749683,0.868317201008378,418.24222876923824
50,100.0,1.3300000429153442,0.0,0.1,2.1010846567496833,2.101084656749683,0.868317201008378,414.91745218897324
50,100.0,1.3300000429153442,0.0,1.0,2.1010846567496833,2.101084656749683,0.868317201008378,177.778702793752
50,100.0,1.3300000429153442,0.0,10.0,2.1010846567496833,2.101084656749683,0.868317201008378,0.5268142644964138
50,100.0,1.3300000429153442,0.0,30.0,2.1010846567496833,2.101084656749683,0.868317201008378,0.0877189999926923
50,100.0,1.3300000429153442,0.0,60.0,2.1010846567496833,2.101084656749683,0.868317201008378,0.012372440527950555
50,100.0,1.3300000429153442,0.0,90.0,2.1010846567496833,2.101084656749683,0.868317201008378,0.001173572454722117
50,100.0,1.3300000429153442,0.0,120.0,2.1010846567496833,2.101084656749683,0.868317201008378,0.0013660736574773436
50,100.0,1.3300000429153442,0.0,150.0,2.1010846567496833,2.101084656749683,0.868317201008378,0.010746596806174456
50,100.0,1.3300000429153442,0.0,170.0,2.1010846567496833,2.101084656749683,0.868317201008378,0.007940960782496304
50,100.0,1.3300000429153442,0.0,179.0,2.1010846567496833,2.101084656749683,0.868317201008378,0.006824801612860567
50,100.0,1.3300000429153442,0.0,179.9,2.1010846567496833,2.101084656749683,0.868317201008378,0.08315624697353319
50,100.0,1.3300000429153442,0.0,180.0,2.1010846567496833,2.101084656749683,0.868317201008378,0.08484619763480056
51,512.0,1.3300000429153442,0.0,0.0,2.046219497016036,2.046219497016036,0.8816118577727049,10676.980199137006
51,512.0,1.3300000429153442,0.0,0.1,2.046219497016036,2.046219497016036,0.8816118577727049,8700.979489706977
51,512.0,1.3300000429153442,0.0,1.0,2.046219497016036,2.046219497016036,0.8816118577727049,40.10973147389634
51,512.0,1.3300000429153442,0.0,10.0,2.046219497016036,2.046219497016036,0.8816118577727049,0.30033563935043056
51,512.0,1.3300000429153442,0.0,30.0,2.046219497016036,2.046219497016036,0.8816118577727049,0.27358287349675364
51,512.0,1.3300000429153442,0.0,60.0,2.046219497016036,2.046219497016036,0.8816118577727049,0.010954831593638257
51,512.0,1.3300000429153442,0.0,90.0,2.046219497016036,2.046219497016036,0.8816118577727049,0.0012824645000035972
51,512.0,1.3300000429153442,0.0,120.0,2.046219497016036,2.046219497016036,0.8816118577727049,0.0020034230265534364
51,512.0,1.3300000429153442,0.0,150.0,2.046219497016036,2.046219497016036,0.8816118577727049,0.014548511744154068
51,512.0,1.3300000429153442,0.0,170.0,2.046219497016036,2.046219497016036,0.8816118577727049,0.0033186649563701465
51,512.0,1.3300000429153442,0.0,179.0,2.046219497016036,2.046219497016036,0.8816118577727049,0.0019120694438261086
51,512.0,1.3300000429153442,0.0,179.9,2.046219497016036,2.046219497016036,0.8816118577727049,0.03429405989892226
51,512.0,1.3300000429153442,0.0,180.0,2.046219497016036,2.046219497016036,0.8816118577727049,0.05277553959665867
52,1024.0,1.3300000429153442,0.0,0.0,2.0256528754229217,2.0256528754229217,0.881790613918329,42261.35541251109
52,1024.0,1.3300000429153442,0.0,0.1,2.0256528754229217,2.0256528754229217,0.881790613918329,17720.01272230251
52,1024.0,1.3300000429153442,0.0,1.0,2.0256528754229217,2.0256528754229217,0.881790613918329,14.901002815071312
52,1024.0,1.3300000429153442,0.0,10.0,2.0256528754229217,2.0256528754229217,0.881790613918329,0.6206930800936452
52,1024.0,1.3300000429153442,0.0,30.0,2.0256528754229217,2.0256528754229217,0.881790613918329,0.25338755374208033
52,1024.0,1.3300000429153442,0.0,60.0,2.0256528754229217,2.0256528754229217,0.881790613918329,0.016974909792012344
52,1024.0,1.3300000429153442,0.0,90.0,2.0256528754229217,2.0256528754229217,0.881790613918329,0.0014355847416944309
52,1024.0,1.3300000429153442,0.0,120.0,2.0256528754229217,2.0256528754229217,0.881790613918329,0.0032367054724242355
52,1024.0,1.3300000429153442,0.0,150.0,2.0256528754229217,2.0256528754229217,0.881790613918329,0.005643013427332731
52,1024.0,1.3300000429153442,0.0,170.0,2.0256528754229217,2.0256528754229217,0.881790613918329,0.0035756893684823223
52,1024.0,1.3300000429153442,0.0,179.0,2.0256528754229217,2.0256528754229217,0.881790613918329,0.007403360025823486
52,1024.0,1.3300000429153442,0.0,179.9,2.0256528754229217,2.0256528754229217,0.881790613918329,0.03923774499715641
52,1024.0,1.3300000429153442,0.0,180.0,2.0256528754229217,2.0256528754229217,0.881790613918329,0.2171135178939832
53,2048.0,1.3300000429153442,0.0,0.0,2.0091273208700775,2.0091273208700775,0.8841081842143726,167668.15422727237
53,2048.0,1.3300000429153442,0.0,0.1,2.0091273208700775,2.0091273208700775,0.8841081842143726,516.8334495643234
53,2048.0,1.3300000429153442,0.0,1.0,2.0091273208700775,2.0091273208700775,0.8841081842143726,5.373899559375266
53,2048.0,1.3300000429153442,0.0,10.0,2.0091273208700775,2.0091273208700775,0.8841081842143726,0.4555808706016403
53,2048.0,1.3300000429153442,0.0,30.0,2.0091273208700775,2.0091273208700775,0.8841081842143726,0.2341611975271605
53,2048.0,1.3300000429153442,0.0,60.0,2.0091273208700775,2.0091273208700775,0.8841081842143726,0.012628769309395958
53,2048.0,1.3300000429153442,0.0,90.0,2.0091273208700775,2.0091273208700775,0.8841081842143726,0.0009533024530319281
53,2048.0,1.3300000429153442,0.0,120.0,2.0091273208700775,2.0091273208700775,0.8841081842143726,0.0011396397574307386
53,2048.0,1.3300000429153442,0.0,150.0,2.0091273208700775,2.0091273208700775,0.8841081842143726,0.012525105553672188
53,2048.0,1.3300000429153442,0.0,170.0,2.0091273208700775,2.0091273208700775,0.8841081842143726,0.002295069915011205
53,2048.0,1.3300000429153442,0.0,179.0,2.0091273208700775,2.0091273208700775,0.8841081842143726,0.005037890822824737
53,2048.0,1.3300000429153442,0.0,179.9,2.0091273208700775,2.0091273208700775,0.8841081842143726,0.010032356682004518
53,2048.0,1.3300000429153442,0.0,180.0,2.0091273208700775,2.0091273208700775,0.8841081842143726,0.08660761043531462
54,1.0,1.5,0.05000000074505806,0.0,0.35054014583735504,0.2096942901512512,0.20251472266180606,0.1827255842344712
54,1.0,1.5,0.05000000074505806,0.1,0.35054014583735504,0.2096942901512512,0.20251472266180606,0.18272521018881263
54,1.0,1.5,0.05000000074505806,1.0,0.35054014583735504,0.2096942901512512,0.20251472266180606,0.1826881841632076
54,1.0,1.5,0.05000000074505806,10.0,0.35054014583735504,0.2096942901512512,0.20251472266180606,0.179030196015353
54,1.0,1.5,0.05000000074505806,30.0,0.35054014583735504,0.2096942901512512,0.20251472266180606,0.15250827242974854
54,1.0,1.5,0.05000000074505806,60.0,0.35054014583735504,0.2096942901512512,0.20251472266180606,0.09400392079085533
54,1.0,1.5,0.05000000074505806,90.0,0.35054014583735504,0.2096942901512512,0.20251472266180606,0.057344781393029946
54,1.0,1.5,0.05000000074505806,120.0,0.35054014583735504,0.2096942901512512,0.20251472266180606,0.05341622069157829
54,1.0,1.5,0.05000000074505806,150.0,0.35054014583735504,0.2096942901512512,0.20251472266180606,0.06302282120785074
54,1.0,1.5,0.05000000074505806,170.0,0.35054014583735504,0.2096942901512512,0.20251472266180606,0.06757356789809423
54,1.0,1.5,0.05000000074505806,179.0,0.35054014583735504,0.2096942901512512,0.20251472266180606,0.06818760779871047
54,1.0,1.5,0.05000000074505806,179.9,0.35054014583735504,0.2096942901512512,0.20251472266180606,0.0681938034758654
54,1.0,1.5,0.05000000074505806,180.0,0.35054014583735504,0.2096942901512512,0.20251472266180606,0.06819386606403119
55,2.0,1.5,0.05000000074505806,0.0,1.8699037287446056,1.4874106447322206,0.6443675279481741,0.4333820586241303
55,2.0,1.5,0.05000000074505806,0.1,1.8699037287446056,1.4874106447322206,0.6443675279481741,0.43338037276966795
55,2.0,1.5,0.05000000074505806,1.0,1.8699037287446056,1.4874106447322206,0.6443675279481741,0.4332135070798831
55,2.0,1.5,0.05000000074505806,10.0,1.8699037287446056,1.4874106447322206,0.6443675279481741,0.41686129542196054
55,2.0,1.5,0.05000000074505806,30.0,1.8699037287446056,1.4874106447322206,0.6443675279481741,0.3062511822543476
55,2.0,1.5,0.05000000074505806,60.0,1.8699037287446056,1.4874106447322206,0.6443675279481741,0.11267815604145232
55,2.0,1.5,0.05000000074505806,90.0,1.8699037287446056,1.4874106447322206,0.6443675279481741,0.025187740466068243
55,2.0,1.5,0.05000000074505806,120.0,1.8699037287446056,1.4874106447322206,0.6443675279481741,0.005264552748791229
55,2.0,1.5,0.05000000074505806,150.0,1.8699037287446056,1.4874106447322206,0.6443675279481741,0.00662238890605734
55,2.0,1.5,0.05000000074505806,170.0,1.8699037287446056,1.4874106447322206,0.6443675279481741,0.009428510375730233
55,2.0,1.5,0.05000000074505806,179.0,1.8699037287446056,1.4874106447322206,0.6443675279481741,0.009872247707679166
55,2.0,1.5,0.05000000074505806,179.9,1.8699037287446056,1.4874106447322206,0.6443675279481741,0.009876799832385643
55,2.0,1.5,0.05000000074505806,180.0,1.8699037287446056,1.4874106447322206,0.6443675279481741,0.009876845825124308
56,10.0,1.5,0.05000000074505806,0.0,2.5589533737157315,1.4847891642381164,0.8896796493186652,8.77493665464956
56,10.0,1.5,0.05000000074505806,0.1,2.5589533737157315,1.4847891642381164,0.8896796493186652,8.774168274156278
56,10.0,1.5,0.05000000074505806,1.0,2.5589533737157315,1.4847891642381164,0.8896796493186652,8.698392245457628
56,10.0,1.5,0.05000000074505806,10.0,2.5589533737157315,1.4847891642381164,0.8896796493186652,3.4774325488009077
56,10.0,1.5,0.05000000074505806,30.0,2.5589533737157315,1.4847891642381164,0.8896796493186652,0.046235015743253303
56,10.0,1.5,0.05000000074505806,60.0,2.5589533737157315,1.4847891642381164,0.8896796493186652,0.027092629917195746
56,10.0,1.5,0.05000000074505806,90.0,2.5589533737157315,1.4847891642381164,0.8896796493186652,0.006776125192672329
56,10.0,1.5,0.05000000074505806,120.0,2.5589533737157315,1.4847891642381164,0.8896796493186652,0.003594775250061235
56,10.0,1.5,0.05000000074505806,150.0,2.5589533737157315,1.4847891642381164,0.8896796493186652,0.005380053737431329
56,10.0,1.5,0.05000000074505806,170.0,2.5589533737157315,1.4847891642381164,0.8896796493186652,0.0048784125495503405
56,10.0,1.5,0.05000000074505806,179.0,2.5589533737157315,1.4847891642381164,0.8896796493186652,0.01892526992291236
56,10.0,1.5,0.05000000074505806,179.9,2.5589533737157315,1.4847891642381164,0.8896796493186652,0.01930236354191774
56,10.0,1.5,0.05000000074505806,180.0,2.5589533737157315,1.4847891642381164,0.8896796493186652,0.019306208915729397
57,100.0,1.5,0.05000000074505806,0.0,2.090745688122114,1.130943040825488,0.9514920733150433,770.8587499545074
57,100.0,1.5,0.05000000074505806,0.1,2.090745688122114,1.130943040825488,0.9514920733150433,764.7345245789247
57,100.0,1.5,0.05000000074505806,1.0,2.090745688122114,1.130943040825488,0.9514920733150433,326.8369412028428
57,100.0,1.5,0.05000000074505806,10.0,2.090745688122114,1.130943040825488,0.9514920733150433,0.3665550104099775
57,100.0,1.5,0.05000000074505806,30.0,2.090745688122114,1.130943040825488,0.9514920733150433,0.022338081206901145
57,100.0,1.5,0.05000000074505806,60.0,2.090745688122114,1.130943040825488,0.9514920733150433,0.006353526973597591
57,100.0,1.5,0.05000000074505806,90.0,2.090745688122114,1.130943040825488,0.9514920733150433,0.0035677436377546555
57,100.0,1.5,0.05000000074505806,120.0,2.090745688122114,1.130943040825488,0.9514920733150433,0.0029494085608228735
57,100.0,1.5,0.05000000074505806,150.0,2.090745688122114,1.130943040825488,0.9514920733150433,0.002847342598641371
57,100.0,1.5,0.05000000074505806,170.0,2.090745688122114,1.130943040825488,0.9514920733150433,0.0028417387954989396
57,100.0,1.5,0.05000000074505806,179.0,2.090745688122114,1.130943040825488,0.9514920733150433,0.0028416894374605935
57,100.0,1.5,0.05000000074505806,179.9,2.090745688122114,1.130943040825488,0.9514920733150433,0.0028417613021926883
57,100.0,1.5,0.05000000074505806,180.0,2.090745688122114,1.130943040825488,0.9514920733150433,0.002841762194483896
58,512.0,1.5,0.05000000074505806,0.0,2.0308253989568437,1.1107612624671979,0.9520850221621978,19372.604032184725
58,512.0,1.5,0.05000000074505806,0.1,2.0308253989568437,1.1107612624671979,0.9520850221621978,15761.57546944553
58,512.0,1.5,0.05000000074505806,1.0,2.0308253989568437,1.1107612624671979,0.9520850221621978,57.64510628383113
58,512.0,1.5,0.05000000074505806,10.0,2.0308253989568437,1.1107612624671979,0.9520850221621978,0.10610453297159642
58,512.0,1.5,0.05000000074505806,30.0,2.0308253989568437,1.1107612624671979,0.9520850221621978,0.018613119519070125
58,512.0,1.5,0.05000000074505806,60.0,2.0308253989568437,1.1107612624671979,0.9520850221621978,0.006436585769129849
58,512.0,1.5,0.05000000074505806,90.0,2.0308253989568437,1.1107612624671979,0.9520850221621978,0.0036314750017023014
58,512.0,1.5,0.05000000074505806,120.0,2.0308253989568437,1.1107612624671979,0.9520850221621978,0.003003050312216037
58,512.0,1.5,0.05000000074505806,150.0,2.0308253989568437,1.1107612624671979,0.9520850221621978,0.002899020651864571
58,512.0,1.5,0.05000000074505806,170.0,2.0308253989568437,1.1107612624671979,0.9520850221621978,0.002893262643572951
58,512.0,1.5,0.05000000074505806,179.0,2.0308253989568437,1.1107612624671979,0.9520850221621978,0.002893194526030322
58,512.0,1.5,0.05000000074505806,179.9,2.0308253989568437,1.1107612624671979,0.9520850221621978,0.002893194384910689
58,512.0,1.5,0.05000000074505806,180.0,2.0308253989568437,1.1107612624671979,0.9520850221621978,0.0028931943546213054
59,1024.0,1.5,0.05000000074505806,0.0,2.019470629690594,1.105190381807657,0.9520042689517975,76993.49284112541
59,1024.0,1.5,0.05000000074505806,0.1,2.019470629690594,1.105190381807657,0.9520042689517975,32281.51282554451
59,1024.0,1.5,0.05000000074505806,1.0,2.019470629690594,1.105190381807657,0.9520042689517975,34.02075737202893
59,1024.0,1.5,0.05000000074505806,10.0,2.019470629690594,1.105190381807657,0.9520042689517975,0.059220551938342754
59,1024.0,1.5,0.05000000074505806,30.0,2.019470629690594,1.105190381807657,0.9520042689517975,0.01841930271167989
59,1024.0,1.5,0.05000000074505806,60.0,2.019470629690594,1.105190381807657,0.9520042689517975,0.006467431794574423
59,1024.0,1.5,0.05000000074505806,90.0,2.019470629690594,1.105190381807657,0.9520042689517975,0.0036498526292641294
59,1024.0,1.5,0.05000000074505806,120.0,2.019470629690594,1.105190381807657,0.9520042689517975,0.0030182062668782073
59,1024.0,1.5,0.05000000074505806,150.0,2.019470629690594,1.105190381807657,0.9520042689517975,0.002913633599272542
59,1024.0,1.5,0.05000000074505806,170.0,2.019470629690594,1.105190381807657,0.9520042689517975,0.002907844101420373
59,1024.0,1.5,0.05000000074505806,179.0,2.019470629690594,1.105190381807657,0.9520042689517975,0.002907775362239596
59,1024.0,1.5,0.05000000074505806,179.9,2.019470629690594,1.105190381807657,0.9520042689517975,0.002907775307051998
59,1024.0,1.5,0.05000000074505806,180.0,2.019470629690594,1.105190381807657,0.9520042689517975,0.0029077751282576246
60,2048.0,1.5,0.05000000074505806,0.0,2.0122896754599804,1.1011258240335202,0.9519017800371115,306881.8813347217
60,2048.0,1.5,0.05000000074505806,0.1,2.0122896754599804,1.1011258240335202,0.9519017800371115,989.3505882213989
60,2048.0,1.5,0.05000000074505806,1.0,2.0122896754599804,1.1011258240335202,0.9519017800371115,4.6466187378008525
60,2048.0,1.5,0.05000000074505806,10.0,2.0122896754599804,1.1011258240335202,0.9519017800371115,0.054531894418566866
60,2048.0,1.5,0.05000000074505806,30.0,2.0122896754599804,1.1011258240335202,0.9519017800371115,0.018391007797856112
60,2048.0,1.5,0.05000000074505806,60.0,2.0122896754599804,1.1011258240335202,0.9519017800371115,0.006491141105839201
60,2048.0,1.5,0.05000000074505806,90.0,2.0122896754599804,1.1011258240335202,0.9519017800371115,0.003663390357041094
60,2048.0,1.5,0.05000000074505806,120.0,2.0122896754599804,1.1011258240335202,0.9519017800371115,0.0030293599931379154
60,2048.0,1.5,0.05000000074505806,150.0,2.0122896754599804,1.1011258240335202,0.9519017800371115,0.002924389599121287
60,2048.0,1.5,0.05000000074505806,170.0,2.0122896754599804,1.1011258240335202,0.9519017800371115,0.0029185772114279813
60,2048.0,1.5,0.05000000074505806,179.0,2.0122896754599804,1.1011258240335202,0.9519017800371115,0.0029185081025879848
60,2048.0,1.5,0.05000000074505806,179.9,2.0122896754599804,1.1011258240335202,0.9519017800371115,0.0029185079957467436
60,2048.0,1.5,0.05000000074505806,180.0,2.0122896754599804,1.1011258240335202,0.9519017800371115,0.0029185083798667225
61,1.0,2.0,0.009999999776482582,0.0,0.8237099103629387,0.7920415121905078,0.2773242509591677,0.20087202207547852
61,1.0,2.0,0.009999999776482582,0.1,0.8237099103629387,0.7920415121905078,0.2773242509591677,0.20087162751271137
61,1.0,2.0,0.009999999776482582,1.0,0.8237099103629387,0.7920415121905078,0.2773242509591677,0.20083257007870597
61,1.0,2.0,0.009999999776482582,10.0,0.8237099103629387,0.7920415121905078,0.2773242509591677,0.1969693324328196
61,1.0,2.0,0.009999999776482582,30.0,0.8237099103629387,0.7920415121905078,0.2773242509591677,0.16865859425664517
61,1.0,2.0,0.009999999776482582,60.0,0.8237099103629387,0.7920415121905078,0.2773242509591677,0.1033306657170227
61,1.0,2.0,0.009999999776482582,90.0,0.8237099103629387,0.7920415121905078,0.2773242509591677,0.05639387560730155
61,1.0,2.0,0.009999999776482582,120.0,0.8237099103629387,0.7920415121905078,0.2773242509591677,0.04374532984266274
61,1.0,2.0,0.009999999776482582,150.0,0.8237099103629387,0.7920415121905078,0.2773242509591677,0.049081145864408336
61,1.0,2.0,0.009999999776482582,170.0,0.8237099103629387,0.7920415121905078,0.2773242509591677,0.05272629290738602
61,1.0,2.0,0.009999999776482582,179.0,0.8237099103629387,0.7920415121905078,0.2773242509591677,0.05324366627809732
61,1.0,2.0,0.009999999776482582,179.9,0.8237099103629387,0.7920415121905078,0.2773242509591677,0.05324891361698493
61,1.0,2.0,0.009999999776482582,180.0,0.8237099103629387,0.7920415121905078,0.2773242509591677,0.05324896662784142
62,2.0,2.0,0.009999999776482582,0.0,4.73205575823236,4.554827766001653,0.5206041747450464,0.4670317051038982
62,2.0,2.0,0.009999999776482582,0.1,4.73205575823236,4.554827766001653,0.5206041747450464,0.4670292739892055
62,2.0,2.0,0.009999999776482582,1.0,4.73205575823236,4.554827766001653,0.5206041747450464,0.46678865216979265
62,2.0,2.0,0.009999999776482582,10.0,4.73205575823236,4.554827766001653,0.5206041747450464,0.4433035346729521
62,2.0,2.0,0.009999999776482582,30.0,4.73205575823236,4.554827766001653,0.5206041747450464,0.29051095793640347
62,2.0,2.0,0.009999999776482582,60.0,4.73205575823236,4.554827766001653,0.5206041747450464,0.0734947544889682
62,2.0,2.0,0.009999999776482582,90.0,4.73205575823236,4.554827766001653,0.5206041747450464,0.037999040784709705
62,2.0,2.0,0.009999999776482582,120.0,4.73205575823236,4.554827766001653,0.5206041747450464,0.03014833588441706
62,2.0,2.0,0.009999999776482582,150.0,4.73205575823236,4.554827766001653,0.5206041747450464,0.016905866723645857
62,2.0,2.0,0.009999999776482582,170.0,4.73205575823236,4.554827766001653,0.5206041747450464,0.019286825912887717
62,2.0,2.0,0.009999999776482582,179.0,4.73205575823236,4.554827766001653,0.5206041747450464,0.02006668949561376
62,2.0,2.0,0.009999999776482582,179.9,4.73205575823236,4.554827766001653,0.5206041747450464,0.02007514047543808
62,2.0,2.0,0.009999999776482582,180.0,4.73205575823236,4.554827766001653,0.5206041747450464,0.02007522590614754
63,10.0,2.0,0.009999999776482582,0.0,2.1345301133945287,1.715069434201185,0.6793548885123967,5.4647991924555885
63,10.0,2.0,0.009999999776482582,0.1,2.1345301133945287,1.715069434201185,0.6793548885123967,5.46421197442368
63,10.0,2.0,0.009999999776482582,1.0,2.1345301133945287,1.715069434201185,0.6793548885123967,5.406330199828754
63,10.0,2.0,0.009999999776482582,10.0,2.1345301133945287,1.715069434201185,0.6793548885123967,1.6283671757690936
63,10.0,2.0,0.009999999776482582,30.0,2.1345301133945287,1.715069434201185,0.6793548885123967,0.28980288700155044
63,10.0,2.0,0.009999999776482582,60.0,2.1345301133945287,1.715069434201185,0.6793548885123967,0.02436309675127066
63,10.0,2.0,0.009999999776482582,90.0,2.1345301133945287,1.715069434201185,0.6793548885123967,0.024672722603069526
63,10.0,2.0,0.009999999776482582,120.0,2.1345301133945287,1.715069434201185,0.6793548885123967,0.012845496256571894
63,10.0,2.0,0.009999999776482582,150.0,2.1345301133945287,1.715069434201185,0.6793548885123967,0.026229761239346696
63,10.0,2.0,0.009999999776482582,170.0,2.1345301133945287,1.715069434201185,0.6793548885123967,0.042996102046569756
63,10.0,2.0,0.009999999776482582,179.0,2.1345301133945287,1.715069434201185,0.6793548885123967,0.09167953700974778
63,10.0,2.0,0.009999999776482582,179.9,2.1345301133945287,1.715069434201185,0.6793548885123967,0.09254568627078089
63,10.0,2.0,0.009999999776482582,180.0,2.1345301133945287,1.715069434201185,0.6793548885123967,0.09255449195402639
64,100.0,2.0,0.009999999776482582,0.0,2.094355664984532,1.2249551130960767,0.8900722341294525,714.292978096895
64,100.0,2.0,0.009999999776482582,0.1,2.094355664984532,1.2249551130960767,0.8900722341294525,708.6313967376058
64,100.0,2.0,0.009999999776482582,1.0,2.094355664984532,1.2249551130960767,0.8900722341294525,303.59776980620484
64,100.0,2.0,0.009999999776482582,10.0,2.094355664984532,1.2249551130960767,0.8900722341294525,0.3651648718429531
64,100.0,2.0,0.009999999776482582,30.0,2.094355664984532,1.2249551130960767,0.8900722341294525,0.03898630898287561
64,100.0,2.0,0.009999999776482582,60.0,2.094355664984532,1.2249551130960767,0.8900722341294525,0.009557205685965312
64,100.0,2.0,0.009999999776482582,90.0,2.094355664984532,1.2249551130960767,0.8900722341294525,0.008481996869859334
64,100.0,2.0,0.009999999776482582,120.0,2.094355664984532,1.2249551130960767,0.8900722341294525,0.00733027102551628
64,100.0,2.0,0.009999999776482582,150.0,2.094355664984532,1.2249551130960767,0.8900722341294525,0.007304640407259087
64,100.0,2.0,0.009999999776482582,170.0,2.094355664984532,1.2249551130960767,0.8900722341294525,0.006346889661352265
64,100.0,2.0,0.009999999776482582,179.0,2.094355664984532,1.2249551130960767,0.8900722341294525,0.01643459175652814
64,100.0,2.0,0.009999999776482582,179.9,2.094355664984532,1.2249551130960767,0.8900722341294525,0.017597957825076314
64,100.0,2.0,0.009999999776482582,180.0,2.094355664984532,1.2249551130960767,0.8900722341294525,0.01761049899328832
65,512.0,2.0,0.009999999776482582,0.0,2.0308596926958407,1.1797402963813068,0.8946774450854521,18240.578251268533
65,512.0,2.0,0.009999999776482582,0.1,2.0308596926958407,1.1797402963813068,0.8946774450854521,14840.519047296264
65,512.0,2.0,0.009999999776482582,1.0,2.0308596926958407,1.1797402963813068,0.8946774450854521,54.28325306879756
65,512.0,2.0,0.009999999776482582,10.0,2.0308596926958407,1.1797402963813068,0.8946774450854521,0.10215959472243731
65,512.0,2.0,0.009999999776482582,30.0,2.0308596926958407,1.1797402963813068,0.8946774450854521,0.021314679975129907
65,512.0,2.0,0.009999999776482582,60.0,2.0308596926958407,1.1797402963813068,0.8946774450854521,0.010889073327869854
65,512.0,2.0,0.009999999776482582,90.0,2.0308596926958407,1.1797402963813068,0.8946774450854521,0.008274051534165707
65,512.0,2.0,0.009999999776482582,120.0,2.0308596926958407,1.1797402963813068,0.8946774450854521,0.007620101269096442
65,512.0,2.0,0.009999999776482582,150.0,2.0308596926958407,1.1797402963813068,0.8946774450854521,0.007502359784098468
65,512.0,2.0,0.009999999776482582,170.0,2.0308596926958407,1.1797402963813068,0.8946774450854521,0.007495578836214436
65,512.0,2.0,0.009999999776482582,179.0,2.0308596926958407,1.1797402963813068,0.8946774450854521,0.007495497316798802
65,512.0,2.0,0.009999999776482582,179.9,2.0308596926958407,1.1797402963813068,0.8946774450854521,0.007495496304936437
65,512.0,2.0,0.009999999776482582,180.0,2.0308596926958407,1.1797402963813068,0.8946774450854521,0.007495496446239707
66,1024.0,2.0,0.009999999776482582,0.0,2.0195092502710144,1.173812935750282,0.8943172739044852,72495.19782901385
66,1024.0,2.0,0.009999999776482582,0.1,2.0195092502710144,1.173812935750282,0.8943172739044852,30394.98039708725
66,1024.0,2.0,0.009999999776482582,1.0,2.0195092502710144,1.173812935750282,0.8943172739044852,32.038595090711596
66,1024.0,2.0,0.009999999776482582,10.0,2.0195092502710144,1.173812935750282,0.8943172739044852,0.05752291590206334
66,1024.0,2.0,0.009999999776482582,30.0,2.0195092502710144,1.173812935750282,0.8943172739044852,0.021079846575114098
66,1024.0,2.0,0.009999999776482582,60.0,2.0195092502710144,1.173812935750282,0.8943172739044852,0.010942435638835499
66,1024.0,2.0,0.009999999776482582,90.0,2.0195092502710144,1.173812935750282,0.8943172739044852,0.008315733945069624
66,1024.0,2.0,0.009999999776482582,120.0,2.0195092502710144,1.173812935750282,0.8943172739044852,0.007658270800174904
66,1024.0,2.0,0.009999999776482582,150.0,2.0195092502710144,1.173812935750282,0.8943172739044852,0.0075402458953216615
66,1024.0,2.0,0.009999999776482582,170.0,2.0195092502710144,1.173812935750282,0.8943172739044852,0.007533421008611317
66,1024.0,2.0,0.009999999776482582,179.0,2.0195092502710144,1.173812935750282,0.8943172739044852,0.007533338623062235
66,1024.0,2.0,0.009999999776482582,179.9,2.0195092502710144,1.173812935750282,0.8943172739044852,0.007533338497315307
66,1024.0,2.0,0.009999999776482582,180.0,2.0195092502710144,1.173812935750282,0.8943172739044852,0.007533338086491241
67,2048.0,2.0,0.009999999776482582,0.0,2.0123166353569917,1.169573822068274,0.8940121477983558,288929.7728883719
67,2048.0,2.0,0.009999999776482582,0.1,2.0123166353569917,1.169573822068274,0.8940121477983558,931.3141361902174
67,2048.0,2.0,0.009999999776482582,1.0,2.0123166353569917,1.169573822068274,0.8940121477983558,4.38121342863208
67,2048.0,2.0,0.009999999776482582,10.0,2.0123166353569917,1.169573822068274,0.8940121477983558,0.0527759802888511
67,2048.0,2.0,0.009999999776482582,30.0,2.0123166353569917,1.169573822068274,0.8940121477983558,0.02104279358915348
67,2048.0,2.0,0.009999999776482582,60.0,2.0123166353569917,1.169573822068274,0.8940121477983558,0.010981043458185931
67,2048.0,2.0,0.009999999776482582,90.0,2.0123166353569917,1.169573822068274,0.8940121477983558,0.008345822456987345
67,2048.0,2.0,0.009999999776482582,120.0,2.0123166353569917,1.169573822068274,0.8940121477983558,0.007686021610498971
67,2048.0,2.0,0.009999999776482582,150.0,2.0123166353569917,1.169573822068274,0.8940121477983558,0.007567572974360056
67,2048.0,2.0,0.009999999776482582,170.0,2.0123166353569917,1.169573822068274,0.8940121477983558,0.007560723765778569
67,2048.0,2.0,0.009999999776482582,179.0,2.0123166353569917,1.169573822068274,0.8940121477983558,0.0075606411806686735
67,2048.0,2.0,0.009999999776482582,179.9,2.0123166353569917,1.169573822068274,0.8940121477983558,0.007560640934386479
67,2048.0,2.0,0.009999999776482582,180.0,2.0123166353569917,1.169573822068274,0.8940121477983558,0.007560641836359123
