# GOES-R ABI FM4 SRF ch 047 CWG release
# wvl [micron],  wavenum [cm-1],  relative SRF
  0.4420670       22621.0      0.00099800
  0.4420870       22620.0      0.00101800
  0.4421060       22619.0      0.00103900
  0.4421260       22618.0      0.00106100
  0.4421450       22617.0      0.00108300
  0.4421650       22616.0      0.00110600
  0.4421840       22615.0      0.00112900
  0.4422040       22614.0      0.00115200
  0.4422230       22613.0      0.00117600
  0.4422430       22612.0      0.00120000
  0.4422630       22611.0      0.00122500
  0.4422820       22610.0      0.00125000
  0.4423020       22609.0      0.00127600
  0.4423210       22608.0      0.00130200
  0.4423410       22607.0      0.00132900
  0.4423600       22606.0      0.00135600
  0.4423800       22605.0      0.00138300
  0.4424000       22604.0      0.00141100
  0.4424190       22603.0      0.00143900
  0.4424390       22602.0      0.00146800
  0.4424580       22601.0      0.00149700
  0.4424780       22600.0      0.00152700
  0.4424970       22599.0      0.00155700
  0.4425170       22598.0      0.00158700
  0.4425370       22597.0      0.00161800
  0.4425560       22596.0      0.00164900
  0.4425760       22595.0      0.00168100
  0.4425950       22594.0      0.00171300
  0.4426150       22593.0      0.00174500
  0.4426350       22592.0      0.00177800
  0.4426540       22591.0      0.00181100
  0.4426740       22590.0      0.00184500
  0.4426930       22589.0      0.00187900
  0.4427130       22588.0      0.00191400
  0.4427330       22587.0      0.00194900
  0.4427520       22586.0      0.00198600
  0.4427720       22585.0      0.00202400
  0.4427910       22584.0      0.00206400
  0.4428110       22583.0      0.00210400
  0.4428310       22582.0      0.00214600
  0.4428500       22581.0      0.00218900
  0.4428700       22580.0      0.00223300
  0.4428890       22579.0      0.00227900
  0.4429090       22578.0      0.00232500
  0.4429290       22577.0      0.00237300
  0.4429480       22576.0      0.00242200
  0.4429680       22575.0      0.00247200
  0.4429880       22574.0      0.00252400
  0.4430070       22573.0      0.00257600
  0.4430270       22572.0      0.00263000
  0.4430460       22571.0      0.00268500
  0.4430660       22570.0      0.00274200
  0.4430860       22569.0      0.00279900
  0.4431050       22568.0      0.00285800
  0.4431250       22567.0      0.00291800
  0.4431450       22566.0      0.00297900
  0.4431640       22565.0      0.00304200
  0.4431840       22564.0      0.00310500
  0.4432030       22563.0      0.00317000
  0.4432230       22562.0      0.00323600
  0.4432430       22561.0      0.00330300
  0.4432620       22560.0      0.00337100
  0.4432820       22559.0      0.00344100
  0.4433020       22558.0      0.00351100
  0.4433210       22557.0      0.00358200
  0.4433410       22556.0      0.00365500
  0.4433610       22555.0      0.00372800
  0.4433800       22554.0      0.00380300
  0.4434000       22553.0      0.00387900
  0.4434200       22552.0      0.00395500
  0.4434390       22551.0      0.00403300
  0.4434590       22550.0      0.00411100
  0.4434790       22549.0      0.00419100
  0.4434980       22548.0      0.00427100
  0.4435180       22547.0      0.00435300
  0.4435380       22546.0      0.00443500
  0.4435570       22545.0      0.00451800
  0.4435770       22544.0      0.00460300
  0.4435970       22543.0      0.00468800
  0.4436160       22542.0      0.00477300
  0.4436360       22541.0      0.00486000
  0.4436560       22540.0      0.00494800
  0.4436750       22539.0      0.00503600
  0.4436950       22538.0      0.00512500
  0.4437150       22537.0      0.00521600
  0.4437340       22536.0      0.00530800
  0.4437540       22535.0      0.00540300
  0.4437740       22534.0      0.00550000
  0.4437940       22533.0      0.00560000
  0.4438130       22532.0      0.00570200
  0.4438330       22531.0      0.00580600
  0.4438530       22530.0      0.00591400
  0.4438720       22529.0      0.00602400
  0.4438920       22528.0      0.00613700
  0.4439120       22527.0      0.00625300
  0.4439310       22526.0      0.00637200
  0.4439510       22525.0      0.00649500
  0.4439710       22524.0      0.00662100
  0.4439910       22523.0      0.00675000
  0.4440100       22522.0      0.00688300
  0.4440300       22521.0      0.00701800
  0.4440500       22520.0      0.00715600
  0.4440690       22519.0      0.00729600
  0.4440890       22518.0      0.00743800
  0.4441090       22517.0      0.00758300
  0.4441290       22516.0      0.00773000
  0.4441480       22515.0      0.00788000
  0.4441680       22514.0      0.00803200
  0.4441880       22513.0      0.00818700
  0.4442080       22512.0      0.00834500
  0.4442270       22511.0      0.00850500
  0.4442470       22510.0      0.00866800
  0.4442670       22509.0      0.00883300
  0.4442860       22508.0      0.00900100
  0.4443060       22507.0      0.00917200
  0.4443260       22506.0      0.00934500
  0.4443460       22505.0      0.00952200
  0.4443650       22504.0      0.00970100
  0.4443850       22503.0      0.00988300
  0.4444050       22502.0      0.01006800
  0.4444250       22501.0      0.01025600
  0.4444440       22500.0      0.01044600
  0.4444640       22499.0      0.01064000
  0.4444840       22498.0      0.01083600
  0.4445040       22497.0      0.01103600
  0.4445230       22496.0      0.01123800
  0.4445430       22495.0      0.01144400
  0.4445630       22494.0      0.01165200
  0.4445830       22493.0      0.01186400
  0.4446030       22492.0      0.01207900
  0.4446220       22491.0      0.01229700
  0.4446420       22490.0      0.01251800
  0.4446620       22489.0      0.01274300
  0.4446820       22488.0      0.01297000
  0.4447010       22487.0      0.01320100
  0.4447210       22486.0      0.01343500
  0.4447410       22485.0      0.01367300
  0.4447610       22484.0      0.01391400
  0.4447810       22483.0      0.01415800
  0.4448000       22482.0      0.01440500
  0.4448200       22481.0      0.01466200
  0.4448400       22480.0      0.01493200
  0.4448600       22479.0      0.01521600
  0.4448790       22478.0      0.01551300
  0.4448990       22477.0      0.01582500
  0.4449190       22476.0      0.01615000
  0.4449390       22475.0      0.01649000
  0.4449590       22474.0      0.01684300
  0.4449780       22473.0      0.01721100
  0.4449980       22472.0      0.01759200
  0.4450180       22471.0      0.01798700
  0.4450380       22470.0      0.01839500
  0.4450580       22469.0      0.01881500
  0.4450770       22468.0      0.01924700
  0.4450970       22467.0      0.01969000
  0.4451170       22466.0      0.02014500
  0.4451370       22465.0      0.02061200
  0.4451570       22464.0      0.02108900
  0.4451770       22463.0      0.02157700
  0.4451960       22462.0      0.02207600
  0.4452160       22461.0      0.02258400
  0.4452360       22460.0      0.02310300
  0.4452560       22459.0      0.02363200
  0.4452760       22458.0      0.02417000
  0.4452950       22457.0      0.02471700
  0.4453150       22456.0      0.02527300
  0.4453350       22455.0      0.02583800
  0.4453550       22454.0      0.02641100
  0.4453750       22453.0      0.02699300
  0.4453950       22452.0      0.02758300
  0.4454140       22451.0      0.02818000
  0.4454340       22450.0      0.02878400
  0.4454540       22449.0      0.02939600
  0.4454740       22448.0      0.03001500
  0.4454940       22447.0      0.03064100
  0.4455140       22446.0      0.03127300
  0.4455340       22445.0      0.03191100
  0.4455530       22444.0      0.03255500
  0.4455730       22443.0      0.03320500
  0.4455930       22442.0      0.03386000
  0.4456130       22441.0      0.03452000
  0.4456330       22440.0      0.03518500
  0.4456530       22439.0      0.03585500
  0.4456730       22438.0      0.03652900
  0.4456920       22437.0      0.03720800
  0.4457120       22436.0      0.03789000
  0.4457320       22435.0      0.03857600
  0.4457520       22434.0      0.03926500
  0.4457720       22433.0      0.03995700
  0.4457920       22432.0      0.04065300
  0.4458120       22431.0      0.04135000
  0.4458310       22430.0      0.04205100
  0.4458510       22429.0      0.04275300
  0.4458710       22428.0      0.04345700
  0.4458910       22427.0      0.04416300
  0.4459110       22426.0      0.04487300
  0.4459310       22425.0      0.04560700
  0.4459510       22424.0      0.04637600
  0.4459710       22423.0      0.04718700
  0.4459910       22422.0      0.04804800
  0.4460100       22421.0      0.04896200
  0.4460300       22420.0      0.04989800
  0.4460500       22419.0      0.05085200
  0.4460700       22418.0      0.05182400
  0.4460900       22417.0      0.05281200
  0.4461100       22416.0      0.05381800
  0.4461300       22415.0      0.05484000
  0.4461500       22414.0      0.05587800
  0.4461700       22413.0      0.05693200
  0.4461900       22412.0      0.05800200
  0.4462090       22411.0      0.05908800
  0.4462290       22410.0      0.06018900
  0.4462490       22409.0      0.06130400
  0.4462690       22408.0      0.06243500
  0.4462890       22407.0      0.06358000
  0.4463090       22406.0      0.06474000
  0.4463290       22405.0      0.06591300
  0.4463490       22404.0      0.06710000
  0.4463690       22403.0      0.06830000
  0.4463890       22402.0      0.06951400
  0.4464090       22401.0      0.07074100
  0.4464290       22400.0      0.07198000
  0.4464490       22399.0      0.07323200
  0.4464680       22398.0      0.07449500
  0.4464880       22397.0      0.07577100
  0.4465080       22396.0      0.07705900
  0.4465280       22395.0      0.07835700
  0.4465480       22394.0      0.07966700
  0.4465680       22393.0      0.08098800
  0.4465880       22392.0      0.08231900
  0.4466080       22391.0      0.08366100
  0.4466280       22390.0      0.08501200
  0.4466480       22389.0      0.08637400
  0.4466680       22388.0      0.08774500
  0.4466880       22387.0      0.08912500
  0.4467080       22386.0      0.09051400
  0.4467280       22385.0      0.09191200
  0.4467480       22384.0      0.09331900
  0.4467680       22383.0      0.09473300
  0.4467880       22382.0      0.09615600
  0.4468080       22381.0      0.09758600
  0.4468280       22380.0      0.09902400
  0.4468470       22379.0      0.10046900
  0.4468670       22378.0      0.10192100
  0.4468870       22377.0      0.10338000
  0.4469070       22376.0      0.10484400
  0.4469270       22375.0      0.10631500
  0.4469470       22374.0      0.10779200
  0.4469670       22373.0      0.10927500
  0.4469870       22372.0      0.11076300
  0.4470070       22371.0      0.11225700
  0.4470270       22370.0      0.11377000
  0.4470470       22369.0      0.11530500
  0.4470670       22368.0      0.11686200
  0.4470870       22367.0      0.11844100
  0.4471070       22366.0      0.12004200
  0.4471270       22365.0      0.12166300
  0.4471470       22364.0      0.12330600
  0.4471670       22363.0      0.12497000
  0.4471870       22362.0      0.12665400
  0.4472070       22361.0      0.12835900
  0.4472270       22360.0      0.13008300
  0.4472470       22359.0      0.13182700
  0.4472670       22358.0      0.13359100
  0.4472870       22357.0      0.13537400
  0.4473070       22356.0      0.13717600
  0.4473270       22355.0      0.13899700
  0.4473470       22354.0      0.14083600
  0.4473670       22353.0      0.14269400
  0.4473870       22352.0      0.14456900
  0.4474070       22351.0      0.14646300
  0.4474270       22350.0      0.14837400
  0.4474470       22349.0      0.15030200
  0.4474670       22348.0      0.15224700
  0.4474870       22347.0      0.15420900
  0.4475070       22346.0      0.15618800
  0.4475270       22345.0      0.15819600
  0.4475470       22344.0      0.16023500
  0.4475670       22343.0      0.16230300
  0.4475880       22342.0      0.16439900
  0.4476080       22341.0      0.16652400
  0.4476280       22340.0      0.16867500
  0.4476480       22339.0      0.17085200
  0.4476680       22338.0      0.17305400
  0.4476880       22337.0      0.17528000
  0.4477080       22336.0      0.17753000
  0.4477280       22335.0      0.17980100
  0.4477480       22334.0      0.18209300
  0.4477680       22333.0      0.18440600
  0.4477880       22332.0      0.18673700
  0.4478080       22331.0      0.18908800
  0.4478280       22330.0      0.19145500
  0.4478480       22329.0      0.19383900
  0.4478680       22328.0      0.19623800
  0.4478880       22327.0      0.19865200
  0.4479080       22326.0      0.20108000
  0.4479280       22325.0      0.20352000
  0.4479480       22324.0      0.20597200
  0.4479680       22323.0      0.20843400
  0.4479890       22322.0      0.21090600
  0.4480090       22321.0      0.21339000
  0.4480290       22320.0      0.21590300
  0.4480490       22319.0      0.21844800
  0.4480690       22318.0      0.22102400
  0.4480890       22317.0      0.22363000
  0.4481090       22316.0      0.22626500
  0.4481290       22315.0      0.22892700
  0.4481490       22314.0      0.23161400
  0.4481690       22313.0      0.23432600
  0.4481890       22312.0      0.23706100
  0.4482090       22311.0      0.23981800
  0.4482290       22310.0      0.24259600
  0.4482500       22309.0      0.24539300
  0.4482700       22308.0      0.24820800
  0.4482900       22307.0      0.25103900
  0.4483100       22306.0      0.25388600
  0.4483300       22305.0      0.25674700
  0.4483500       22304.0      0.25962000
  0.4483700       22303.0      0.26250500
  0.4483900       22302.0      0.26540000
  0.4484100       22301.0      0.26830400
  0.4484300       22300.0      0.27121500
  0.4484510       22299.0      0.27413300
  0.4484710       22298.0      0.27705500
  0.4484910       22297.0      0.27998000
  0.4485110       22296.0      0.28290800
  0.4485310       22295.0      0.28583700
  0.4485510       22294.0      0.28876500
  0.4485710       22293.0      0.29169100
  0.4485910       22292.0      0.29461400
  0.4486120       22291.0      0.29753300
  0.4486320       22290.0      0.30044600
  0.4486520       22289.0      0.30335100
  0.4486720       22288.0      0.30624900
  0.4486920       22287.0      0.30913600
  0.4487120       22286.0      0.31201200
  0.4487320       22285.0      0.31487600
  0.4487520       22284.0      0.31772700
  0.4487730       22283.0      0.32056200
  0.4487930       22282.0      0.32338000
  0.4488130       22281.0      0.32618100
  0.4488330       22280.0      0.32896300
  0.4488530       22279.0      0.33172500
  0.4488730       22278.0      0.33446400
  0.4488930       22277.0      0.33718100
  0.4489140       22276.0      0.33987300
  0.4489340       22275.0      0.34254000
  0.4489540       22274.0      0.34517900
  0.4489740       22273.0      0.34779000
  0.4489940       22272.0      0.35037100
  0.4490140       22271.0      0.35292100
  0.4490350       22270.0      0.35544200
  0.4490550       22269.0      0.35793600
  0.4490750       22268.0      0.36040400
  0.4490950       22267.0      0.36285100
  0.4491150       22266.0      0.36527800
  0.4491350       22265.0      0.36768700
  0.4491560       22264.0      0.37008200
  0.4491760       22263.0      0.37246400
  0.4491960       22262.0      0.37483600
  0.4492160       22261.0      0.37720000
  0.4492360       22260.0      0.37955900
  0.4492560       22259.0      0.38191600
  0.4492770       22258.0      0.38427200
  0.4492970       22257.0      0.38663100
  0.4493170       22256.0      0.38899400
  0.4493370       22255.0      0.39136000
  0.4493570       22254.0      0.39373000
  0.4493780       22253.0      0.39610300
  0.4493980       22252.0      0.39847700
  0.4494180       22251.0      0.40085300
  0.4494380       22250.0      0.40322900
  0.4494580       22249.0      0.40560400
  0.4494790       22248.0      0.40797900
  0.4494990       22247.0      0.41035200
  0.4495190       22246.0      0.41272200
  0.4495390       22245.0      0.41508900
  0.4495590       22244.0      0.41745200
  0.4495800       22243.0      0.41981100
  0.4496000       22242.0      0.42216400
  0.4496200       22241.0      0.42451200
  0.4496400       22240.0      0.42685200
  0.4496610       22239.0      0.42918500
  0.4496810       22238.0      0.43151000
  0.4497010       22237.0      0.43382600
  0.4497210       22236.0      0.43613200
  0.4497410       22235.0      0.43842800
  0.4497620       22234.0      0.44071300
  0.4497820       22233.0      0.44298600
  0.4498020       22232.0      0.44524600
  0.4498220       22231.0      0.44749400
  0.4498430       22230.0      0.44972700
  0.4498630       22229.0      0.45194500
  0.4498830       22228.0      0.45414800
  0.4499030       22227.0      0.45633500
  0.4499240       22226.0      0.45850500
  0.4499440       22225.0      0.46065800
  0.4499640       22224.0      0.46279200
  0.4499840       22223.0      0.46490700
  0.4500050       22222.0      0.46700300
  0.4500250       22221.0      0.46910000
  0.4500450       22220.0      0.47120500
  0.4500650       22219.0      0.47331700
  0.4500860       22218.0      0.47543500
  0.4501060       22217.0      0.47755900
  0.4501260       22216.0      0.47968700
  0.4501460       22215.0      0.48181800
  0.4501670       22214.0      0.48395200
  0.4501870       22213.0      0.48608600
  0.4502070       22212.0      0.48822000
  0.4502270       22211.0      0.49035300
  0.4502480       22210.0      0.49248400
  0.4502680       22209.0      0.49461100
  0.4502880       22208.0      0.49673500
  0.4503080       22207.0      0.49885300
  0.4503290       22206.0      0.50096400
  0.4503490       22205.0      0.50306800
  0.4503690       22204.0      0.50516300
  0.4503900       22203.0      0.50724900
  0.4504100       22202.0      0.50932400
  0.4504300       22201.0      0.51138700
  0.4504500       22200.0      0.51343800
  0.4504710       22199.0      0.51547400
  0.4504910       22198.0      0.51749600
  0.4505110       22197.0      0.51950100
  0.4505320       22196.0      0.52148900
  0.4505520       22195.0      0.52345900
  0.4505720       22194.0      0.52541000
  0.4505930       22193.0      0.52734000
  0.4506130       22192.0      0.52924900
  0.4506330       22191.0      0.53113500
  0.4506530       22190.0      0.53299800
  0.4506740       22189.0      0.53483600
  0.4506940       22188.0      0.53664900
  0.4507140       22187.0      0.53843400
  0.4507350       22186.0      0.54019200
  0.4507550       22185.0      0.54192100
  0.4507750       22184.0      0.54361900
  0.4507960       22183.0      0.54528700
  0.4508160       22182.0      0.54692200
  0.4508360       22181.0      0.54852400
  0.4508570       22180.0      0.55009100
  0.4508770       22179.0      0.55162400
  0.4508970       22178.0      0.55311900
  0.4509180       22177.0      0.55457700
  0.4509380       22176.0      0.55599600
  0.4509580       22175.0      0.55737600
  0.4509790       22174.0      0.55871400
  0.4509990       22173.0      0.56001100
  0.4510190       22172.0      0.56126000
  0.4510400       22171.0      0.56245900
  0.4510600       22170.0      0.56360900
  0.4510800       22169.0      0.56471400
  0.4511010       22168.0      0.56577500
  0.4511210       22167.0      0.56679600
  0.4511410       22166.0      0.56777800
  0.4511620       22165.0      0.56872500
  0.4511820       22164.0      0.56963800
  0.4512020       22163.0      0.57052100
  0.4512230       22162.0      0.57138300
  0.4512430       22161.0      0.57223000
  0.4512640       22160.0      0.57306100
  0.4512840       22159.0      0.57387900
  0.4513040       22158.0      0.57468200
  0.4513250       22157.0      0.57547300
  0.4513450       22156.0      0.57625000
  0.4513650       22155.0      0.57701600
  0.4513860       22154.0      0.57776900
  0.4514060       22153.0      0.57851200
  0.4514270       22152.0      0.57924400
  0.4514470       22151.0      0.57996500
  0.4514670       22150.0      0.58067800
  0.4514880       22149.0      0.58138100
  0.4515080       22148.0      0.58207500
  0.4515280       22147.0      0.58276200
  0.4515490       22146.0      0.58344100
  0.4515690       22145.0      0.58411400
  0.4515900       22144.0      0.58478000
  0.4516100       22143.0      0.58544000
  0.4516300       22142.0      0.58609500
  0.4516510       22141.0      0.58674500
  0.4516710       22140.0      0.58739100
  0.4516920       22139.0      0.58803300
  0.4517120       22138.0      0.58867200
  0.4517320       22137.0      0.58930900
  0.4517530       22136.0      0.58994300
  0.4517730       22135.0      0.59057600
  0.4517940       22134.0      0.59120800
  0.4518140       22133.0      0.59183900
  0.4518340       22132.0      0.59247100
  0.4518550       22131.0      0.59310300
  0.4518750       22130.0      0.59373600
  0.4518960       22129.0      0.59437100
  0.4519160       22128.0      0.59500800
  0.4519370       22127.0      0.59564800
  0.4519570       22126.0      0.59629100
  0.4519770       22125.0      0.59693800
  0.4519980       22124.0      0.59758900
  0.4520180       22123.0      0.59824100
  0.4520390       22122.0      0.59888600
  0.4520590       22121.0      0.59952600
  0.4520800       22120.0      0.60016100
  0.4521000       22119.0      0.60079000
  0.4521200       22118.0      0.60141500
  0.4521410       22117.0      0.60203400
  0.4521610       22116.0      0.60265000
  0.4521820       22115.0      0.60326100
  0.4522020       22114.0      0.60386900
  0.4522230       22113.0      0.60447400
  0.4522430       22112.0      0.60507500
  0.4522640       22111.0      0.60567300
  0.4522840       22110.0      0.60626900
  0.4523040       22109.0      0.60686200
  0.4523250       22108.0      0.60745400
  0.4523450       22107.0      0.60804400
  0.4523660       22106.0      0.60863200
  0.4523860       22105.0      0.60922000
  0.4524070       22104.0      0.60980600
  0.4524270       22103.0      0.61039200
  0.4524480       22102.0      0.61097800
  0.4524680       22101.0      0.61156400
  0.4524890       22100.0      0.61215000
  0.4525090       22099.0      0.61273700
  0.4525300       22098.0      0.61332500
  0.4525500       22097.0      0.61391400
  0.4525710       22096.0      0.61450500
  0.4525910       22095.0      0.61509700
  0.4526120       22094.0      0.61569200
  0.4526320       22093.0      0.61628900
  0.4526530       22092.0      0.61688900
  0.4526730       22091.0      0.61749100
  0.4526940       22090.0      0.61809700
  0.4527140       22089.0      0.61870700
  0.4527350       22088.0      0.61932100
  0.4527550       22087.0      0.61993800
  0.4527760       22086.0      0.62056100
  0.4527960       22085.0      0.62118800
  0.4528170       22084.0      0.62182000
  0.4528370       22083.0      0.62245700
  0.4528580       22082.0      0.62310100
  0.4528780       22081.0      0.62375000
  0.4528990       22080.0      0.62440500
  0.4529190       22079.0      0.62506700
  0.4529400       22078.0      0.62573600
  0.4529600       22077.0      0.62641200
  0.4529810       22076.0      0.62709600
  0.4530010       22075.0      0.62778700
  0.4530220       22074.0      0.62849600
  0.4530420       22073.0      0.62922900
  0.4530630       22072.0      0.62998200
  0.4530830       22071.0      0.63075400
  0.4531040       22070.0      0.63153900
  0.4531240       22069.0      0.63233000
  0.4531450       22068.0      0.63312200
  0.4531650       22067.0      0.63391500
  0.4531860       22066.0      0.63470900
  0.4532060       22065.0      0.63550600
  0.4532270       22064.0      0.63630400
  0.4532480       22063.0      0.63710400
  0.4532680       22062.0      0.63790700
  0.4532890       22061.0      0.63871200
  0.4533090       22060.0      0.63952000
  0.4533300       22059.0      0.64033100
  0.4533500       22058.0      0.64114500
  0.4533710       22057.0      0.64196300
  0.4533910       22056.0      0.64278400
  0.4534120       22055.0      0.64360900
  0.4534320       22054.0      0.64443800
  0.4534530       22053.0      0.64527100
  0.4534740       22052.0      0.64610900
  0.4534940       22051.0      0.64695100
  0.4535150       22050.0      0.64779800
  0.4535350       22049.0      0.64865100
  0.4535560       22048.0      0.64950800
  0.4535760       22047.0      0.65037100
  0.4535970       22046.0      0.65124000
  0.4536180       22045.0      0.65211400
  0.4536380       22044.0      0.65299500
  0.4536590       22043.0      0.65388200
  0.4536790       22042.0      0.65477500
  0.4537000       22041.0      0.65567500
  0.4537210       22040.0      0.65658300
  0.4537410       22039.0      0.65749700
  0.4537620       22038.0      0.65841900
  0.4537820       22037.0      0.65934800
  0.4538030       22036.0      0.66028500
  0.4538230       22035.0      0.66123000
  0.4538440       22034.0      0.66218300
  0.4538650       22033.0      0.66314500
  0.4538850       22032.0      0.66411500
  0.4539060       22031.0      0.66509500
  0.4539260       22030.0      0.66608300
  0.4539470       22029.0      0.66708000
  0.4539680       22028.0      0.66808700
  0.4539880       22027.0      0.66910400
  0.4540090       22026.0      0.67013100
  0.4540300       22025.0      0.67118000
  0.4540500       22024.0      0.67227100
  0.4540710       22023.0      0.67342700
  0.4540910       22022.0      0.67466900
  0.4541120       22021.0      0.67600800
  0.4541330       22020.0      0.67741200
  0.4541530       22019.0      0.67887400
  0.4541740       22018.0      0.68039000
  0.4541940       22017.0      0.68195900
  0.4542150       22016.0      0.68357800
  0.4542360       22015.0      0.68524500
  0.4542560       22014.0      0.68695800
  0.4542770       22013.0      0.68871300
  0.4542980       22012.0      0.69051000
  0.4543180       22011.0      0.69234500
  0.4543390       22010.0      0.69421500
  0.4543600       22009.0      0.69612000
  0.4543800       22008.0      0.69805600
  0.4544010       22007.0      0.70002000
  0.4544220       22006.0      0.70201100
  0.4544420       22005.0      0.70402600
  0.4544630       22004.0      0.70606300
  0.4544830       22003.0      0.70812000
  0.4545040       22002.0      0.71019300
  0.4545250       22001.0      0.71228000
  0.4545450       22000.0      0.71438000
  0.4545660       21999.0      0.71649000
  0.4545870       21998.0      0.71860700
  0.4546070       21997.0      0.72072900
  0.4546280       21996.0      0.72285400
  0.4546490       21995.0      0.72497900
  0.4546690       21994.0      0.72710200
  0.4546900       21993.0      0.72922000
  0.4547110       21992.0      0.73133100
  0.4547310       21991.0      0.73343300
  0.4547520       21990.0      0.73552300
  0.4547730       21989.0      0.73759900
  0.4547940       21988.0      0.73965800
  0.4548140       21987.0      0.74169900
  0.4548350       21986.0      0.74371700
  0.4548560       21985.0      0.74571300
  0.4548760       21984.0      0.74768100
  0.4548970       21983.0      0.74962200
  0.4549180       21982.0      0.75153100
  0.4549380       21981.0      0.75340600
  0.4549590       21980.0      0.75524600
  0.4549800       21979.0      0.75704800
  0.4550000       21978.0      0.75880900
  0.4550210       21977.0      0.76056500
  0.4550420       21976.0      0.76234900
  0.4550630       21975.0      0.76415800
  0.4550830       21974.0      0.76599000
  0.4551040       21973.0      0.76784100
  0.4551250       21972.0      0.76971100
  0.4551450       21971.0      0.77159500
  0.4551660       21970.0      0.77349200
  0.4551870       21969.0      0.77539900
  0.4552080       21968.0      0.77731300
  0.4552280       21967.0      0.77923200
  0.4552490       21966.0      0.78115300
  0.4552700       21965.0      0.78307300
  0.4552900       21964.0      0.78499100
  0.4553110       21963.0      0.78690300
  0.4553320       21962.0      0.78880700
  0.4553530       21961.0      0.79070000
  0.4553730       21960.0      0.79258000
  0.4553940       21959.0      0.79444400
  0.4554150       21958.0      0.79628900
  0.4554360       21957.0      0.79811300
  0.4554560       21956.0      0.79991400
  0.4554770       21955.0      0.80168900
  0.4554980       21954.0      0.80343500
  0.4555190       21953.0      0.80514900
  0.4555390       21952.0      0.80683000
  0.4555600       21951.0      0.80847400
  0.4555810       21950.0      0.81007800
  0.4556020       21949.0      0.81164100
  0.4556220       21948.0      0.81316000
  0.4556430       21947.0      0.81463100
  0.4556640       21946.0      0.81605400
  0.4556850       21945.0      0.81742400
  0.4557050       21944.0      0.81873900
  0.4557260       21943.0      0.81999700
  0.4557470       21942.0      0.82119400
  0.4557680       21941.0      0.82233000
  0.4557890       21940.0      0.82340000
  0.4558090       21939.0      0.82440200
  0.4558300       21938.0      0.82533400
  0.4558510       21937.0      0.82619300
  0.4558720       21936.0      0.82697700
  0.4558920       21935.0      0.82768200
  0.4559130       21934.0      0.82829900
  0.4559340       21933.0      0.82881500
  0.4559550       21932.0      0.82926400
  0.4559760       21931.0      0.82968300
  0.4559960       21930.0      0.83010800
  0.4560170       21929.0      0.83056100
  0.4560380       21928.0      0.83102800
  0.4560590       21927.0      0.83150700
  0.4560800       21926.0      0.83199700
  0.4561000       21925.0      0.83249600
  0.4561210       21924.0      0.83300400
  0.4561420       21923.0      0.83351900
  0.4561630       21922.0      0.83404000
  0.4561840       21921.0      0.83456600
  0.4562040       21920.0      0.83509500
  0.4562250       21919.0      0.83562600
  0.4562460       21918.0      0.83615800
  0.4562670       21917.0      0.83668900
  0.4562880       21916.0      0.83721800
  0.4563080       21915.0      0.83774500
  0.4563290       21914.0      0.83826700
  0.4563500       21913.0      0.83878400
  0.4563710       21912.0      0.83929400
  0.4563920       21911.0      0.83979600
  0.4564130       21910.0      0.84028900
  0.4564330       21909.0      0.84077100
  0.4564540       21908.0      0.84124100
  0.4564750       21907.0      0.84169700
  0.4564960       21906.0      0.84214000
  0.4565170       21905.0      0.84256600
  0.4565380       21904.0      0.84297600
  0.4565580       21903.0      0.84336700
  0.4565790       21902.0      0.84373900
  0.4566000       21901.0      0.84409000
  0.4566210       21900.0      0.84441900
  0.4566420       21899.0      0.84472500
  0.4566630       21898.0      0.84500500
  0.4566840       21897.0      0.84526000
  0.4567040       21896.0      0.84548800
  0.4567250       21895.0      0.84568700
  0.4567460       21894.0      0.84585600
  0.4567670       21893.0      0.84599400
  0.4567880       21892.0      0.84610000
  0.4568090       21891.0      0.84617500
  0.4568300       21890.0      0.84624300
  0.4568500       21889.0      0.84630800
  0.4568710       21888.0      0.84636800
  0.4568920       21887.0      0.84642400
  0.4569130       21886.0      0.84647200
  0.4569340       21885.0      0.84651300
  0.4569550       21884.0      0.84654400
  0.4569760       21883.0      0.84656500
  0.4569970       21882.0      0.84657300
  0.4570180       21881.0      0.84655100
  0.4570380       21880.0      0.84646700
  0.4570590       21879.0      0.84632400
  0.4570800       21878.0      0.84612400
  0.4571010       21877.0      0.84587200
  0.4571220       21876.0      0.84557100
  0.4571430       21875.0      0.84522300
  0.4571640       21874.0      0.84483100
  0.4571850       21873.0      0.84440000
  0.4572060       21872.0      0.84393100
  0.4572260       21871.0      0.84342900
  0.4572470       21870.0      0.84289600
  0.4572680       21869.0      0.84233500
  0.4572890       21868.0      0.84175100
  0.4573100       21867.0      0.84114500
  0.4573310       21866.0      0.84052200
  0.4573520       21865.0      0.83988400
  0.4573730       21864.0      0.83923400
  0.4573940       21863.0      0.83857600
  0.4574150       21862.0      0.83791300
  0.4574360       21861.0      0.83724900
  0.4574570       21860.0      0.83658500
  0.4574770       21859.0      0.83592600
  0.4574980       21858.0      0.83527500
  0.4575190       21857.0      0.83463500
  0.4575400       21856.0      0.83400800
  0.4575610       21855.0      0.83339900
  0.4575820       21854.0      0.83281100
  0.4576030       21853.0      0.83224700
  0.4576240       21852.0      0.83170900
  0.4576450       21851.0      0.83120200
  0.4576660       21850.0      0.83072800
  0.4576870       21849.0      0.83029000
  0.4577080       21848.0      0.82989000
  0.4577290       21847.0      0.82949200
  0.4577500       21846.0      0.82909200
  0.4577710       21845.0      0.82869300
  0.4577920       21844.0      0.82829600
  0.4578130       21843.0      0.82790600
  0.4578340       21842.0      0.82752400
  0.4578540       21841.0      0.82715600
  0.4578750       21840.0      0.82680200
  0.4578960       21839.0      0.82646700
  0.4579170       21838.0      0.82615400
  0.4579380       21837.0      0.82586500
  0.4579590       21836.0      0.82560400
  0.4579800       21835.0      0.82537300
  0.4580010       21834.0      0.82517600
  0.4580220       21833.0      0.82499500
  0.4580430       21832.0      0.82481600
  0.4580640       21831.0      0.82463900
  0.4580850       21830.0      0.82446500
  0.4581060       21829.0      0.82429300
  0.4581270       21828.0      0.82412400
  0.4581480       21827.0      0.82395900
  0.4581690       21826.0      0.82379700
  0.4581900       21825.0      0.82364000
  0.4582110       21824.0      0.82348700
  0.4582320       21823.0      0.82333800
  0.4582530       21822.0      0.82319600
  0.4582740       21821.0      0.82305800
  0.4582950       21820.0      0.82292700
  0.4583160       21819.0      0.82280100
  0.4583370       21818.0      0.82268300
  0.4583580       21817.0      0.82257100
  0.4583790       21816.0      0.82246700
  0.4584000       21815.0      0.82237100
  0.4584210       21814.0      0.82228200
  0.4584420       21813.0      0.82220200
  0.4584630       21812.0      0.82213000
  0.4584840       21811.0      0.82206800
  0.4585050       21810.0      0.82201500
  0.4585260       21809.0      0.82197300
  0.4585470       21808.0      0.82194000
  0.4585680       21807.0      0.82191800
  0.4585890       21806.0      0.82190600
  0.4586100       21805.0      0.82191500
  0.4586310       21804.0      0.82199700
  0.4586520       21803.0      0.82215400
  0.4586740       21802.0      0.82238200
  0.4586950       21801.0      0.82267200
  0.4587160       21800.0      0.82302100
  0.4587370       21799.0      0.82342000
  0.4587580       21798.0      0.82386300
  0.4587790       21797.0      0.82434600
  0.4588000       21796.0      0.82486000
  0.4588210       21795.0      0.82540000
  0.4588420       21794.0      0.82596000
  0.4588630       21793.0      0.82653300
  0.4588840       21792.0      0.82711400
  0.4589050       21791.0      0.82769500
  0.4589260       21790.0      0.82827000
  0.4589470       21789.0      0.82883400
  0.4589680       21788.0      0.82937900
  0.4589890       21787.0      0.82990000
  0.4590100       21786.0      0.83039500
  0.4590310       21785.0      0.83089000
  0.4590530       21784.0      0.83139100
  0.4590740       21783.0      0.83189700
  0.4590950       21782.0      0.83241000
  0.4591160       21781.0      0.83292900
  0.4591370       21780.0      0.83345600
  0.4591580       21779.0      0.83399000
  0.4591790       21778.0      0.83453300
  0.4592000       21777.0      0.83508400
  0.4592210       21776.0      0.83564400
  0.4592420       21775.0      0.83621500
  0.4592630       21774.0      0.83679500
  0.4592840       21773.0      0.83738600
  0.4593060       21772.0      0.83798800
  0.4593270       21771.0      0.83860200
  0.4593480       21770.0      0.83922800
  0.4593690       21769.0      0.83986600
  0.4593900       21768.0      0.84051800
  0.4594110       21767.0      0.84118500
  0.4594320       21766.0      0.84187600
  0.4594530       21765.0      0.84259100
  0.4594740       21764.0      0.84332800
  0.4594950       21763.0      0.84408700
  0.4595170       21762.0      0.84486500
  0.4595380       21761.0      0.84566200
  0.4595590       21760.0      0.84647500
  0.4595800       21759.0      0.84730300
  0.4596010       21758.0      0.84814500
  0.4596220       21757.0      0.84899800
  0.4596430       21756.0      0.84986300
  0.4596640       21755.0      0.85073600
  0.4596860       21754.0      0.85161800
  0.4597070       21753.0      0.85250500
  0.4597280       21752.0      0.85339700
  0.4597490       21751.0      0.85429200
  0.4597700       21750.0      0.85518900
  0.4597910       21749.0      0.85608500
  0.4598120       21748.0      0.85698100
  0.4598340       21747.0      0.85787300
  0.4598550       21746.0      0.85876100
  0.4598760       21745.0      0.85964300
  0.4598970       21744.0      0.86051800
  0.4599180       21743.0      0.86138300
  0.4599390       21742.0      0.86223900
  0.4599600       21741.0      0.86308200
  0.4599820       21740.0      0.86391200
  0.4600030       21739.0      0.86472700
  0.4600240       21738.0      0.86554300
  0.4600450       21737.0      0.86636800
  0.4600660       21736.0      0.86719900
  0.4600870       21735.0      0.86803300
  0.4601090       21734.0      0.86886500
  0.4601300       21733.0      0.86969300
  0.4601510       21732.0      0.87051300
  0.4601720       21731.0      0.87132200
  0.4601930       21730.0      0.87211600
  0.4602140       21729.0      0.87289100
  0.4602360       21728.0      0.87364600
  0.4602570       21727.0      0.87437500
  0.4602780       21726.0      0.87507600
  0.4602990       21725.0      0.87574500
  0.4603200       21724.0      0.87639000
  0.4603420       21723.0      0.87702200
  0.4603630       21722.0      0.87764200
  0.4603840       21721.0      0.87825100
  0.4604050       21720.0      0.87884900
  0.4604260       21719.0      0.87943600
  0.4604480       21718.0      0.88001300
  0.4604690       21717.0      0.88058100
  0.4604900       21716.0      0.88114000
  0.4605110       21715.0      0.88169100
  0.4605320       21714.0      0.88223400
  0.4605540       21713.0      0.88277000
  0.4605750       21712.0      0.88329900
  0.4605960       21711.0      0.88382100
  0.4606170       21710.0      0.88433800
  0.4606380       21709.0      0.88485000
  0.4606600       21708.0      0.88535700
  0.4606810       21707.0      0.88586100
  0.4607020       21706.0      0.88636000
  0.4607230       21705.0      0.88685700
  0.4607450       21704.0      0.88735100
  0.4607660       21703.0      0.88784300
  0.4607870       21702.0      0.88833400
  0.4608080       21701.0      0.88882400
  0.4608290       21700.0      0.88931300
  0.4608510       21699.0      0.88980300
  0.4608720       21698.0      0.89029300
  0.4608930       21697.0      0.89078500
  0.4609140       21696.0      0.89127900
  0.4609360       21695.0      0.89177400
  0.4609570       21694.0      0.89227300
  0.4609780       21693.0      0.89277500
  0.4609990       21692.0      0.89328100
  0.4610210       21691.0      0.89378700
  0.4610420       21690.0      0.89428700
  0.4610630       21689.0      0.89478300
  0.4610840       21688.0      0.89527600
  0.4611060       21687.0      0.89576600
  0.4611270       21686.0      0.89625500
  0.4611480       21685.0      0.89674400
  0.4611700       21684.0      0.89723200
  0.4611910       21683.0      0.89772200
  0.4612120       21682.0      0.89821400
  0.4612330       21681.0      0.89870700
  0.4612550       21680.0      0.89920000
  0.4612760       21679.0      0.89969200
  0.4612970       21678.0      0.90018600
  0.4613180       21677.0      0.90067900
  0.4613400       21676.0      0.90117200
  0.4613610       21675.0      0.90166600
  0.4613820       21674.0      0.90215900
  0.4614040       21673.0      0.90265300
  0.4614250       21672.0      0.90314700
  0.4614460       21671.0      0.90364000
  0.4614670       21670.0      0.90413400
  0.4614890       21669.0      0.90462700
  0.4615100       21668.0      0.90512100
  0.4615310       21667.0      0.90561400
  0.4615530       21666.0      0.90610700
  0.4615740       21665.0      0.90660000
  0.4615950       21664.0      0.90709300
  0.4616170       21663.0      0.90758600
  0.4616380       21662.0      0.90807800
  0.4616590       21661.0      0.90857000
  0.4616810       21660.0      0.90906100
  0.4617020       21659.0      0.90955300
  0.4617230       21658.0      0.91004300
  0.4617440       21657.0      0.91053400
  0.4617660       21656.0      0.91102400
  0.4617870       21655.0      0.91151300
  0.4618080       21654.0      0.91200200
  0.4618300       21653.0      0.91249100
  0.4618510       21652.0      0.91297900
  0.4618720       21651.0      0.91346600
  0.4618940       21650.0      0.91395300
  0.4619150       21649.0      0.91443900
  0.4619360       21648.0      0.91492400
  0.4619580       21647.0      0.91540900
  0.4619790       21646.0      0.91589300
  0.4620000       21645.0      0.91637600
  0.4620220       21644.0      0.91685500
  0.4620430       21643.0      0.91733000
  0.4620650       21642.0      0.91780500
  0.4620860       21641.0      0.91828300
  0.4621070       21640.0      0.91876900
  0.4621290       21639.0      0.91927100
  0.4621500       21638.0      0.91978900
  0.4621710       21637.0      0.92032200
  0.4621930       21636.0      0.92086900
  0.4622140       21635.0      0.92142900
  0.4622350       21634.0      0.92200000
  0.4622570       21633.0      0.92258100
  0.4622780       21632.0      0.92317100
  0.4622990       21631.0      0.92376900
  0.4623210       21630.0      0.92437400
  0.4623420       21629.0      0.92498400
  0.4623640       21628.0      0.92559800
  0.4623850       21627.0      0.92621500
  0.4624060       21626.0      0.92683400
  0.4624280       21625.0      0.92745300
  0.4624490       21624.0      0.92807200
  0.4624710       21623.0      0.92868800
  0.4624920       21622.0      0.92930200
  0.4625130       21621.0      0.92991100
  0.4625350       21620.0      0.93051500
  0.4625560       21619.0      0.93111200
  0.4625770       21618.0      0.93170000
  0.4625990       21617.0      0.93228000
  0.4626200       21616.0      0.93284900
  0.4626420       21615.0      0.93340700
  0.4626630       21614.0      0.93395100
  0.4626840       21613.0      0.93448100
  0.4627060       21612.0      0.93499700
  0.4627270       21611.0      0.93549500
  0.4627490       21610.0      0.93597600
  0.4627700       21609.0      0.93643700
  0.4627920       21608.0      0.93687900
  0.4628130       21607.0      0.93729900
  0.4628340       21606.0      0.93769600
  0.4628560       21605.0      0.93806900
  0.4628770       21604.0      0.93841700
  0.4628990       21603.0      0.93873900
  0.4629200       21602.0      0.93903300
  0.4629420       21601.0      0.93929800
  0.4629630       21600.0      0.93953300
  0.4629840       21599.0      0.93973700
  0.4630060       21598.0      0.93990900
  0.4630270       21597.0      0.94007200
  0.4630490       21596.0      0.94023200
  0.4630700       21595.0      0.94039100
  0.4630920       21594.0      0.94054800
  0.4631130       21593.0      0.94070200
  0.4631340       21592.0      0.94085500
  0.4631560       21591.0      0.94100500
  0.4631770       21590.0      0.94115300
  0.4631990       21589.0      0.94129800
  0.4632200       21588.0      0.94144100
  0.4632420       21587.0      0.94158000
  0.4632630       21586.0      0.94171700
  0.4632850       21585.0      0.94185100
  0.4633060       21584.0      0.94198200
  0.4633280       21583.0      0.94211000
  0.4633490       21582.0      0.94223500
  0.4633710       21581.0      0.94235600
  0.4633920       21580.0      0.94247300
  0.4634140       21579.0      0.94258700
  0.4634350       21578.0      0.94269800
  0.4634560       21577.0      0.94280400
  0.4634780       21576.0      0.94290700
  0.4634990       21575.0      0.94300500
  0.4635210       21574.0      0.94310000
  0.4635420       21573.0      0.94319000
  0.4635640       21572.0      0.94327500
  0.4635850       21571.0      0.94335700
  0.4636070       21570.0      0.94343300
  0.4636280       21569.0      0.94350500
  0.4636500       21568.0      0.94357200
  0.4636710       21567.0      0.94363400
  0.4636930       21566.0      0.94369100
  0.4637140       21565.0      0.94374400
  0.4637360       21564.0      0.94379000
  0.4637570       21563.0      0.94383200
  0.4637790       21562.0      0.94386800
  0.4638000       21561.0      0.94389800
  0.4638220       21560.0      0.94392300
  0.4638430       21559.0      0.94394100
  0.4638650       21558.0      0.94395400
  0.4638860       21557.0      0.94396100
  0.4639080       21556.0      0.94396000
  0.4639290       21555.0      0.94393600
  0.4639510       21554.0      0.94389100
  0.4639730       21553.0      0.94383200
  0.4639940       21552.0      0.94377000
  0.4640160       21551.0      0.94370300
  0.4640370       21550.0      0.94362000
  0.4640590       21549.0      0.94352100
  0.4640800       21548.0      0.94340600
  0.4641020       21547.0      0.94327700
  0.4641230       21546.0      0.94313500
  0.4641450       21545.0      0.94298000
  0.4641660       21544.0      0.94281400
  0.4641880       21543.0      0.94263900
  0.4642090       21542.0      0.94245400
  0.4642310       21541.0      0.94226100
  0.4642530       21540.0      0.94206200
  0.4642740       21539.0      0.94185700
  0.4642960       21538.0      0.94164700
  0.4643170       21537.0      0.94143300
  0.4643390       21536.0      0.94121700
  0.4643600       21535.0      0.94100000
  0.4643820       21534.0      0.94078200
  0.4644030       21533.0      0.94056500
  0.4644250       21532.0      0.94035000
  0.4644470       21531.0      0.94013800
  0.4644680       21530.0      0.93992900
  0.4644900       21529.0      0.93972600
  0.4645110       21528.0      0.93952900
  0.4645330       21527.0      0.93933900
  0.4645540       21526.0      0.93915700
  0.4645760       21525.0      0.93898500
  0.4645980       21524.0      0.93882300
  0.4646190       21523.0      0.93867300
  0.4646410       21522.0      0.93853500
  0.4646620       21521.0      0.93841200
  0.4646840       21520.0      0.93830300
  0.4647060       21519.0      0.93821000
  0.4647270       21518.0      0.93813400
  0.4647490       21517.0      0.93807600
  0.4647700       21516.0      0.93803700
  0.4647920       21515.0      0.93801800
  0.4648140       21514.0      0.93802400
  0.4648350       21513.0      0.93806400
  0.4648570       21512.0      0.93813400
  0.4648780       21511.0      0.93822700
  0.4649000       21510.0      0.93833700
  0.4649220       21509.0      0.93846000
  0.4649430       21508.0      0.93858800
  0.4649650       21507.0      0.93871700
  0.4649870       21506.0      0.93884000
  0.4650080       21505.0      0.93895200
  0.4650300       21504.0      0.93906000
  0.4650510       21503.0      0.93916800
  0.4650730       21502.0      0.93927600
  0.4650950       21501.0      0.93938300
  0.4651160       21500.0      0.93949000
  0.4651380       21499.0      0.93959700
  0.4651600       21498.0      0.93970500
  0.4651810       21497.0      0.93981400
  0.4652030       21496.0      0.93992400
  0.4652240       21495.0      0.94003400
  0.4652460       21494.0      0.94014700
  0.4652680       21493.0      0.94026100
  0.4652890       21492.0      0.94037800
  0.4653110       21491.0      0.94049600
  0.4653330       21490.0      0.94061800
  0.4653540       21489.0      0.94074200
  0.4653760       21488.0      0.94086900
  0.4653980       21487.0      0.94099900
  0.4654190       21486.0      0.94113400
  0.4654410       21485.0      0.94127200
  0.4654630       21484.0      0.94141400
  0.4654840       21483.0      0.94156000
  0.4655060       21482.0      0.94171100
  0.4655280       21481.0      0.94186700
  0.4655490       21480.0      0.94202900
  0.4655710       21479.0      0.94219500
  0.4655930       21478.0      0.94236800
  0.4656140       21477.0      0.94254600
  0.4656360       21476.0      0.94273100
  0.4656580       21475.0      0.94292100
  0.4656790       21474.0      0.94311900
  0.4657010       21473.0      0.94332400
  0.4657230       21472.0      0.94354900
  0.4657440       21471.0      0.94380500
  0.4657660       21470.0      0.94408800
  0.4657880       21469.0      0.94439500
  0.4658100       21468.0      0.94472500
  0.4658310       21467.0      0.94507300
  0.4658530       21466.0      0.94543700
  0.4658750       21465.0      0.94581400
  0.4658960       21464.0      0.94620200
  0.4659180       21463.0      0.94659800
  0.4659400       21462.0      0.94699900
  0.4659620       21461.0      0.94740200
  0.4659830       21460.0      0.94780400
  0.4660050       21459.0      0.94820400
  0.4660270       21458.0      0.94861700
  0.4660480       21457.0      0.94904900
  0.4660700       21456.0      0.94949800
  0.4660920       21455.0      0.94996200
  0.4661140       21454.0      0.95044100
  0.4661350       21453.0      0.95093100
  0.4661570       21452.0      0.95143100
  0.4661790       21451.0      0.95193800
  0.4662000       21450.0      0.95245200
  0.4662220       21449.0      0.95297100
  0.4662440       21448.0      0.95349100
  0.4662660       21447.0      0.95401200
  0.4662870       21446.0      0.95453200
  0.4663090       21445.0      0.95504900
  0.4663310       21444.0      0.95556000
  0.4663530       21443.0      0.95606500
  0.4663740       21442.0      0.95656000
  0.4663960       21441.0      0.95704500
  0.4664180       21440.0      0.95751700
  0.4664400       21439.0      0.95797500
  0.4664610       21438.0      0.95841600
  0.4664830       21437.0      0.95883900
  0.4665050       21436.0      0.95924300
  0.4665270       21435.0      0.95963600
  0.4665480       21434.0      0.96002400
  0.4665700       21433.0      0.96040700
  0.4665920       21432.0      0.96078400
  0.4666140       21431.0      0.96115600
  0.4666360       21430.0      0.96152300
  0.4666570       21429.0      0.96188500
  0.4666790       21428.0      0.96224200
  0.4667010       21427.0      0.96259300
  0.4667230       21426.0      0.96294000
  0.4667440       21425.0      0.96328200
  0.4667660       21424.0      0.96361900
  0.4667880       21423.0      0.96395000
  0.4668100       21422.0      0.96427700
  0.4668320       21421.0      0.96460000
  0.4668530       21420.0      0.96491700
  0.4668750       21419.0      0.96522900
  0.4668970       21418.0      0.96553700
  0.4669190       21417.0      0.96584100
  0.4669410       21416.0      0.96613900
  0.4669620       21415.0      0.96643300
  0.4669840       21414.0      0.96672300
  0.4670060       21413.0      0.96700800
  0.4670280       21412.0      0.96728900
  0.4670500       21411.0      0.96756700
  0.4670710       21410.0      0.96784200
  0.4670930       21409.0      0.96811400
  0.4671150       21408.0      0.96838100
  0.4671370       21407.0      0.96864500
  0.4671590       21406.0      0.96890400
  0.4671810       21405.0      0.96915900
  0.4672020       21404.0      0.96941000
  0.4672240       21403.0      0.96965700
  0.4672460       21402.0      0.96989800
  0.4672680       21401.0      0.97013500
  0.4672900       21400.0      0.97036600
  0.4673120       21399.0      0.97059300
  0.4673330       21398.0      0.97081400
  0.4673550       21397.0      0.97102900
  0.4673770       21396.0      0.97123900
  0.4673990       21395.0      0.97144300
  0.4674210       21394.0      0.97164000
  0.4674430       21393.0      0.97183300
  0.4674640       21392.0      0.97202100
  0.4674860       21391.0      0.97220500
  0.4675080       21390.0      0.97238400
  0.4675300       21389.0      0.97255900
  0.4675520       21388.0      0.97273100
  0.4675740       21387.0      0.97289900
  0.4675960       21386.0      0.97306500
  0.4676170       21385.0      0.97322700
  0.4676390       21384.0      0.97338800
  0.4676610       21383.0      0.97354600
  0.4676830       21382.0      0.97370300
  0.4677050       21381.0      0.97385800
  0.4677270       21380.0      0.97401300
  0.4677490       21379.0      0.97416600
  0.4677710       21378.0      0.97432000
  0.4677920       21377.0      0.97447300
  0.4678140       21376.0      0.97462600
  0.4678360       21375.0      0.97478000
  0.4678580       21374.0      0.97493500
  0.4678800       21373.0      0.97509100
  0.4679020       21372.0      0.97524800
  0.4679240       21371.0      0.97540700
  0.4679460       21370.0      0.97556900
  0.4679680       21369.0      0.97573300
  0.4679900       21368.0      0.97589900
  0.4680110       21367.0      0.97606900
  0.4680330       21366.0      0.97624400
  0.4680550       21365.0      0.97642300
  0.4680770       21364.0      0.97660500
  0.4680990       21363.0      0.97678900
  0.4681210       21362.0      0.97697300
  0.4681430       21361.0      0.97715700
  0.4681650       21360.0      0.97733900
  0.4681870       21359.0      0.97751800
  0.4682090       21358.0      0.97769300
  0.4682310       21357.0      0.97786300
  0.4682520       21356.0      0.97802700
  0.4682740       21355.0      0.97818400
  0.4682960       21354.0      0.97833200
  0.4683180       21353.0      0.97847200
  0.4683400       21352.0      0.97860700
  0.4683620       21351.0      0.97873900
  0.4683840       21350.0      0.97886700
  0.4684060       21349.0      0.97899100
  0.4684280       21348.0      0.97911100
  0.4684500       21347.0      0.97922900
  0.4684720       21346.0      0.97934400
  0.4684940       21345.0      0.97945600
  0.4685160       21344.0      0.97956600
  0.4685380       21343.0      0.97967400
  0.4685600       21342.0      0.97978100
  0.4685820       21341.0      0.97988600
  0.4686040       21340.0      0.97999000
  0.4686260       21339.0      0.98009300
  0.4686470       21338.0      0.98019600
  0.4686690       21337.0      0.98029800
  0.4686910       21336.0      0.98040100
  0.4687130       21335.0      0.98050400
  0.4687350       21334.0      0.98060700
  0.4687570       21333.0      0.98071100
  0.4687790       21332.0      0.98081700
  0.4688010       21331.0      0.98092300
  0.4688230       21330.0      0.98103200
  0.4688450       21329.0      0.98114300
  0.4688670       21328.0      0.98125500
  0.4688890       21327.0      0.98137100
  0.4689110       21326.0      0.98148900
  0.4689330       21325.0      0.98161000
  0.4689550       21324.0      0.98173500
  0.4689770       21323.0      0.98186400
  0.4689990       21322.0      0.98199600
  0.4690210       21321.0      0.98213300
  0.4690430       21320.0      0.98227500
  0.4690650       21319.0      0.98242000
  0.4690870       21318.0      0.98257000
  0.4691090       21317.0      0.98272400
  0.4691310       21316.0      0.98288100
  0.4691530       21315.0      0.98304200
  0.4691750       21314.0      0.98320600
  0.4691970       21313.0      0.98337400
  0.4692190       21312.0      0.98354400
  0.4692410       21311.0      0.98371900
  0.4692630       21310.0      0.98389800
  0.4692850       21309.0      0.98408000
  0.4693070       21308.0      0.98426600
  0.4693290       21307.0      0.98445500
  0.4693510       21306.0      0.98464700
  0.4693730       21305.0      0.98484200
  0.4693950       21304.0      0.98504000
  0.4694170       21303.0      0.98524000
  0.4694390       21302.0      0.98544200
  0.4694620       21301.0      0.98564700
  0.4694840       21300.0      0.98585200
  0.4695060       21299.0      0.98606000
  0.4695280       21298.0      0.98626900
  0.4695500       21297.0      0.98647900
  0.4695720       21296.0      0.98668900
  0.4695940       21295.0      0.98690100
  0.4696160       21294.0      0.98711300
  0.4696380       21293.0      0.98732500
  0.4696600       21292.0      0.98753700
  0.4696820       21291.0      0.98774800
  0.4697040       21290.0      0.98795900
  0.4697260       21289.0      0.98817000
  0.4697480       21288.0      0.98838000
  0.4697700       21287.0      0.98858800
  0.4697920       21286.0      0.98879500
  0.4698140       21285.0      0.98900100
  0.4698360       21284.0      0.98920500
  0.4698590       21283.0      0.98940700
  0.4698810       21282.0      0.98960600
  0.4699030       21281.0      0.98980300
  0.4699250       21280.0      0.98999800
  0.4699470       21279.0      0.99018900
  0.4699690       21278.0      0.99037800
  0.4699910       21277.0      0.99056300
  0.4700130       21276.0      0.99074300
  0.4700350       21275.0      0.99091400
  0.4700570       21274.0      0.99108100
  0.4700790       21273.0      0.99125100
  0.4701020       21272.0      0.99143100
  0.4701240       21271.0      0.99162300
  0.4701460       21270.0      0.99182700
  0.4701680       21269.0      0.99204200
  0.4701900       21268.0      0.99226800
  0.4702120       21267.0      0.99250300
  0.4702340       21266.0      0.99274600
  0.4702560       21265.0      0.99299700
  0.4702780       21264.0      0.99325600
  0.4703010       21263.0      0.99352000
  0.4703230       21262.0      0.99378900
  0.4703450       21261.0      0.99406200
  0.4703670       21260.0      0.99433900
  0.4703890       21259.0      0.99461900
  0.4704110       21258.0      0.99490000
  0.4704330       21257.0      0.99518300
  0.4704550       21256.0      0.99546500
  0.4704780       21255.0      0.99574600
  0.4705000       21254.0      0.99602600
  0.4705220       21253.0      0.99630300
  0.4705440       21252.0      0.99657600
  0.4705660       21251.0      0.99684600
  0.4705880       21250.0      0.99711000
  0.4706100       21249.0      0.99736800
  0.4706330       21248.0      0.99761900
  0.4706550       21247.0      0.99786300
  0.4706770       21246.0      0.99809700
  0.4706990       21245.0      0.99832300
  0.4707210       21244.0      0.99853800
  0.4707430       21243.0      0.99874200
  0.4707650       21242.0      0.99893300
  0.4707880       21241.0      0.99911200
  0.4708100       21240.0      0.99927700
  0.4708320       21239.0      0.99942800
  0.4708540       21238.0      0.99956300
  0.4708760       21237.0      0.99968100
  0.4708980       21236.0      0.99978200
  0.4709210       21235.0      0.99986500
  0.4709430       21234.0      0.99992900
  0.4709650       21233.0      0.99997300
  0.4709870       21232.0      0.99999600
  0.4710090       21231.0      1.00000000
  0.4710320       21230.0      0.99999500
  0.4710540       21229.0      0.99998600
  0.4710760       21228.0      0.99997300
  0.4710980       21227.0      0.99995500
  0.4711200       21226.0      0.99993300
  0.4711430       21225.0      0.99990700
  0.4711650       21224.0      0.99987700
  0.4711870       21223.0      0.99984300
  0.4712090       21222.0      0.99980500
  0.4712310       21221.0      0.99976300
  0.4712540       21220.0      0.99971800
  0.4712760       21219.0      0.99966900
  0.4712980       21218.0      0.99961700
  0.4713200       21217.0      0.99956200
  0.4713420       21216.0      0.99950300
  0.4713650       21215.0      0.99944100
  0.4713870       21214.0      0.99937600
  0.4714090       21213.0      0.99930900
  0.4714310       21212.0      0.99923800
  0.4714530       21211.0      0.99916500
  0.4714760       21210.0      0.99909000
  0.4714980       21209.0      0.99901200
  0.4715200       21208.0      0.99893100
  0.4715420       21207.0      0.99884900
  0.4715650       21206.0      0.99876400
  0.4715870       21205.0      0.99867700
  0.4716090       21204.0      0.99858800
  0.4716310       21203.0      0.99849800
  0.4716540       21202.0      0.99840600
  0.4716760       21201.0      0.99831200
  0.4716980       21200.0      0.99821700
  0.4717200       21199.0      0.99812000
  0.4717430       21198.0      0.99802200
  0.4717650       21197.0      0.99792300
  0.4717870       21196.0      0.99782300
  0.4718090       21195.0      0.99772200
  0.4718320       21194.0      0.99762000
  0.4718540       21193.0      0.99751700
  0.4718760       21192.0      0.99741400
  0.4718980       21191.0      0.99731000
  0.4719210       21190.0      0.99719500
  0.4719430       21189.0      0.99705700
  0.4719650       21188.0      0.99689800
  0.4719880       21187.0      0.99671900
  0.4720100       21186.0      0.99652500
  0.4720320       21185.0      0.99631400
  0.4720540       21184.0      0.99608500
  0.4720770       21183.0      0.99584100
  0.4720990       21182.0      0.99558200
  0.4721210       21181.0      0.99530800
  0.4721440       21180.0      0.99501900
  0.4721660       21179.0      0.99471800
  0.4721880       21178.0      0.99440400
  0.4722100       21177.0      0.99407800
  0.4722330       21176.0      0.99374100
  0.4722550       21175.0      0.99339400
  0.4722770       21174.0      0.99303600
  0.4723000       21173.0      0.99267000
  0.4723220       21172.0      0.99229500
  0.4723440       21171.0      0.99191200
  0.4723670       21170.0      0.99152200
  0.4723890       21169.0      0.99112600
  0.4724110       21168.0      0.99072400
  0.4724340       21167.0      0.99031800
  0.4724560       21166.0      0.98990700
  0.4724780       21165.0      0.98949200
  0.4725000       21164.0      0.98907500
  0.4725230       21163.0      0.98865500
  0.4725450       21162.0      0.98823400
  0.4725670       21161.0      0.98781200
  0.4725900       21160.0      0.98739000
  0.4726120       21159.0      0.98696900
  0.4726340       21158.0      0.98654800
  0.4726570       21157.0      0.98613000
  0.4726790       21156.0      0.98571500
  0.4727010       21155.0      0.98530300
  0.4727240       21154.0      0.98489500
  0.4727460       21153.0      0.98449200
  0.4727690       21152.0      0.98409400
  0.4727910       21151.0      0.98370200
  0.4728130       21150.0      0.98331800
  0.4728360       21149.0      0.98294100
  0.4728580       21148.0      0.98257200
  0.4728800       21147.0      0.98221200
  0.4729030       21146.0      0.98186200
  0.4729250       21145.0      0.98151600
  0.4729470       21144.0      0.98117200
  0.4729700       21143.0      0.98083600
  0.4729920       21142.0      0.98051100
  0.4730150       21141.0      0.98019700
  0.4730370       21140.0      0.97987400
  0.4730590       21139.0      0.97954100
  0.4730820       21138.0      0.97919900
  0.4731040       21137.0      0.97885000
  0.4731260       21136.0      0.97849500
  0.4731490       21135.0      0.97813500
  0.4731710       21134.0      0.97777000
  0.4731940       21133.0      0.97740300
  0.4732160       21132.0      0.97703400
  0.4732380       21131.0      0.97666400
  0.4732610       21130.0      0.97629500
  0.4732830       21129.0      0.97592800
  0.4733060       21128.0      0.97556300
  0.4733280       21127.0      0.97520200
  0.4733500       21126.0      0.97484600
  0.4733730       21125.0      0.97449700
  0.4733950       21124.0      0.97415400
  0.4734180       21123.0      0.97382100
  0.4734400       21122.0      0.97349600
  0.4734620       21121.0      0.97318300
  0.4734850       21120.0      0.97288100
  0.4735070       21119.0      0.97259200
  0.4735300       21118.0      0.97231800
  0.4735520       21117.0      0.97205800
  0.4735750       21116.0      0.97181600
  0.4735970       21115.0      0.97159000
  0.4736190       21114.0      0.97138400
  0.4736420       21113.0      0.97119700
  0.4736640       21112.0      0.97103100
  0.4736870       21111.0      0.97088800
  0.4737090       21110.0      0.97076700
  0.4737320       21109.0      0.97067100
  0.4737540       21108.0      0.97060100
  0.4737760       21107.0      0.97055800
  0.4737990       21106.0      0.97054200
  0.4738210       21105.0      0.97055800
  0.4738440       21104.0      0.97060500
  0.4738660       21103.0      0.97067900
  0.4738890       21102.0      0.97077500
  0.4739110       21101.0      0.97088700
  0.4739340       21100.0      0.97101000
  0.4739560       21099.0      0.97113900
  0.4739790       21098.0      0.97126800
  0.4740010       21097.0      0.97139400
  0.4740240       21096.0      0.97152000
  0.4740460       21095.0      0.97165400
  0.4740680       21094.0      0.97179500
  0.4740910       21093.0      0.97194400
  0.4741130       21092.0      0.97209900
  0.4741360       21091.0      0.97226100
  0.4741580       21090.0      0.97242900
  0.4741810       21089.0      0.97260300
  0.4742030       21088.0      0.97278400
  0.4742260       21087.0      0.97297000
  0.4742480       21086.0      0.97316200
  0.4742710       21085.0      0.97336000
  0.4742930       21084.0      0.97356200
  0.4743160       21083.0      0.97377000
  0.4743380       21082.0      0.97398300
  0.4743610       21081.0      0.97420000
  0.4743830       21080.0      0.97442200
  0.4744060       21079.0      0.97464800
  0.4744280       21078.0      0.97487800
  0.4744510       21077.0      0.97511200
  0.4744730       21076.0      0.97534900
  0.4744960       21075.0      0.97559000
  0.4745180       21074.0      0.97583400
  0.4745410       21073.0      0.97608100
  0.4745630       21072.0      0.97633100
  0.4745860       21071.0      0.97658300
  0.4746080       21070.0      0.97683800
  0.4746310       21069.0      0.97709500
  0.4746540       21068.0      0.97735400
  0.4746760       21067.0      0.97761500
  0.4746990       21066.0      0.97787700
  0.4747210       21065.0      0.97815100
  0.4747440       21064.0      0.97844600
  0.4747660       21063.0      0.97876000
  0.4747890       21062.0      0.97908800
  0.4748110       21061.0      0.97942800
  0.4748340       21060.0      0.97977700
  0.4748560       21059.0      0.98012900
  0.4748790       21058.0      0.98048200
  0.4749010       21057.0      0.98083300
  0.4749240       21056.0      0.98117800
  0.4749470       21055.0      0.98151400
  0.4749690       21054.0      0.98183700
  0.4749920       21053.0      0.98214300
  0.4750140       21052.0      0.98243600
  0.4750370       21051.0      0.98273900
  0.4750590       21050.0      0.98305300
  0.4750820       21049.0      0.98337500
  0.4751050       21048.0      0.98370400
  0.4751270       21047.0      0.98403800
  0.4751500       21046.0      0.98437600
  0.4751720       21045.0      0.98471400
  0.4751950       21044.0      0.98505200
  0.4752170       21043.0      0.98538800
  0.4752400       21042.0      0.98571900
  0.4752630       21041.0      0.98604500
  0.4752850       21040.0      0.98636300
  0.4753080       21039.0      0.98667100
  0.4753300       21038.0      0.98696700
  0.4753530       21037.0      0.98725000
  0.4753760       21036.0      0.98751800
  0.4753980       21035.0      0.98776900
  0.4754210       21034.0      0.98800100
  0.4754430       21033.0      0.98821300
  0.4754660       21032.0      0.98840200
  0.4754890       21031.0      0.98856600
  0.4755110       21030.0      0.98870400
  0.4755340       21029.0      0.98881500
  0.4755560       21028.0      0.98889500
  0.4755790       21027.0      0.98894300
  0.4756020       21026.0      0.98895800
  0.4756240       21025.0      0.98894200
  0.4756470       21024.0      0.98889800
  0.4756700       21023.0      0.98882900
  0.4756920       21022.0      0.98873700
  0.4757150       21021.0      0.98862200
  0.4757370       21020.0      0.98848800
  0.4757600       21019.0      0.98833600
  0.4757830       21018.0      0.98816800
  0.4758050       21017.0      0.98798600
  0.4758280       21016.0      0.98779100
  0.4758510       21015.0      0.98758600
  0.4758730       21014.0      0.98737200
  0.4758960       21013.0      0.98715200
  0.4759190       21012.0      0.98692600
  0.4759410       21011.0      0.98669800
  0.4759640       21010.0      0.98646800
  0.4759860       21009.0      0.98623900
  0.4760090       21008.0      0.98601100
  0.4760320       21007.0      0.98577100
  0.4760540       21006.0      0.98551600
  0.4760770       21005.0      0.98524600
  0.4761000       21004.0      0.98496100
  0.4761220       21003.0      0.98466100
  0.4761450       21002.0      0.98434600
  0.4761680       21001.0      0.98401700
  0.4761900       21000.0      0.98367300
  0.4762130       20999.0      0.98331500
  0.4762360       20998.0      0.98294200
  0.4762590       20997.0      0.98255600
  0.4762810       20996.0      0.98215500
  0.4763040       20995.0      0.98174100
  0.4763270       20994.0      0.98131300
  0.4763490       20993.0      0.98087200
  0.4763720       20992.0      0.98041700
  0.4763950       20991.0      0.97994900
  0.4764170       20990.0      0.97946700
  0.4764400       20989.0      0.97897300
  0.4764630       20988.0      0.97846600
  0.4764850       20987.0      0.97794600
  0.4765080       20986.0      0.97741300
  0.4765310       20985.0      0.97686800
  0.4765540       20984.0      0.97631000
  0.4765760       20983.0      0.97574100
  0.4765990       20982.0      0.97515900
  0.4766220       20981.0      0.97454200
  0.4766440       20980.0      0.97386600
  0.4766670       20979.0      0.97313500
  0.4766900       20978.0      0.97235300
  0.4767130       20977.0      0.97152500
  0.4767350       20976.0      0.97065400
  0.4767580       20975.0      0.96974500
  0.4767810       20974.0      0.96880200
  0.4768040       20973.0      0.96783000
  0.4768260       20972.0      0.96683200
  0.4768490       20971.0      0.96581300
  0.4768720       20970.0      0.96477700
  0.4768940       20969.0      0.96372800
  0.4769170       20968.0      0.96267100
  0.4769400       20967.0      0.96161000
  0.4769630       20966.0      0.96054900
  0.4769850       20965.0      0.95949200
  0.4770080       20964.0      0.95844000
  0.4770310       20963.0      0.95736100
  0.4770540       20962.0      0.95624700
  0.4770760       20961.0      0.95510200
  0.4770990       20960.0      0.95392900
  0.4771220       20959.0      0.95273100
  0.4771450       20958.0      0.95151100
  0.4771680       20957.0      0.95027300
  0.4771900       20956.0      0.94901900
  0.4772130       20955.0      0.94775300
  0.4772360       20954.0      0.94647900
  0.4772590       20953.0      0.94519800
  0.4772810       20952.0      0.94391500
  0.4773040       20951.0      0.94263300
  0.4773270       20950.0      0.94135500
  0.4773500       20949.0      0.94008400
  0.4773730       20948.0      0.93882300
  0.4773950       20947.0      0.93757600
  0.4774180       20946.0      0.93634600
  0.4774410       20945.0      0.93513600
  0.4774640       20944.0      0.93394900
  0.4774870       20943.0      0.93278900
  0.4775090       20942.0      0.93165400
  0.4775320       20941.0      0.93051800
  0.4775550       20940.0      0.92937400
  0.4775780       20939.0      0.92822600
  0.4776010       20938.0      0.92707600
  0.4776230       20937.0      0.92592500
  0.4776460       20936.0      0.92477700
  0.4776690       20935.0      0.92363400
  0.4776920       20934.0      0.92249700
  0.4777150       20933.0      0.92137100
  0.4777370       20932.0      0.92025600
  0.4777600       20931.0      0.91915600
  0.4777830       20930.0      0.91807300
  0.4778060       20929.0      0.91700900
  0.4778290       20928.0      0.91596600
  0.4778520       20927.0      0.91494700
  0.4778740       20926.0      0.91395500
  0.4778970       20925.0      0.91299200
  0.4779200       20924.0      0.91206000
  0.4779430       20923.0      0.91116100
  0.4779660       20922.0      0.91029800
  0.4779890       20921.0      0.90947400
  0.4780110       20920.0      0.90868500
  0.4780340       20919.0      0.90790000
  0.4780570       20918.0      0.90711700
  0.4780800       20917.0      0.90633900
  0.4781030       20916.0      0.90557000
  0.4781260       20915.0      0.90481300
  0.4781490       20914.0      0.90407200
  0.4781710       20913.0      0.90335000
  0.4781940       20912.0      0.90265200
  0.4782170       20911.0      0.90198000
  0.4782400       20910.0      0.90133900
  0.4782630       20909.0      0.90073100
  0.4782860       20908.0      0.90016000
  0.4783090       20907.0      0.89963100
  0.4783320       20906.0      0.89914500
  0.4783540       20905.0      0.89870800
  0.4783770       20904.0      0.89832200
  0.4784000       20903.0      0.89799200
  0.4784230       20902.0      0.89769200
  0.4784460       20901.0      0.89739800
  0.4784690       20900.0      0.89711000
  0.4784920       20899.0      0.89682800
  0.4785150       20898.0      0.89655400
  0.4785380       20897.0      0.89628600
  0.4785600       20896.0      0.89602600
  0.4785830       20895.0      0.89577400
  0.4786060       20894.0      0.89553000
  0.4786290       20893.0      0.89529500
  0.4786520       20892.0      0.89506900
  0.4786750       20891.0      0.89485200
  0.4786980       20890.0      0.89464500
  0.4787210       20889.0      0.89444900
  0.4787440       20888.0      0.89426400
  0.4787670       20887.0      0.89408900
  0.4787900       20886.0      0.89392600
  0.4788130       20885.0      0.89377500
  0.4788350       20884.0      0.89363600
  0.4788580       20883.0      0.89350900
  0.4788810       20882.0      0.89339600
  0.4789040       20881.0      0.89329600
  0.4789270       20880.0      0.89321000
  0.4789500       20879.0      0.89313900
  0.4789730       20878.0      0.89308100
  0.4789960       20877.0      0.89303900
  0.4790190       20876.0      0.89300800
  0.4790420       20875.0      0.89297700
  0.4790650       20874.0      0.89294800
  0.4790880       20873.0      0.89292100
  0.4791110       20872.0      0.89289500
  0.4791340       20871.0      0.89287200
  0.4791570       20870.0      0.89285100
  0.4791800       20869.0      0.89283200
  0.4792030       20868.0      0.89281600
  0.4792260       20867.0      0.89280300
  0.4792490       20866.0      0.89279300
  0.4792720       20865.0      0.89278600
  0.4792940       20864.0      0.89278400
  0.4793170       20863.0      0.89280500
  0.4793400       20862.0      0.89289500
  0.4793630       20861.0      0.89305400
  0.4793860       20860.0      0.89327800
  0.4794090       20859.0      0.89356400
  0.4794320       20858.0      0.89390800
  0.4794550       20857.0      0.89430700
  0.4794780       20856.0      0.89475800
  0.4795010       20855.0      0.89525700
  0.4795240       20854.0      0.89580200
  0.4795470       20853.0      0.89638800
  0.4795700       20852.0      0.89701300
  0.4795930       20851.0      0.89767400
  0.4796160       20850.0      0.89836600
  0.4796390       20849.0      0.89908700
  0.4796620       20848.0      0.89983400
  0.4796850       20847.0      0.90060200
  0.4797080       20846.0      0.90138900
  0.4797310       20845.0      0.90219100
  0.4797540       20844.0      0.90300600
  0.4797770       20843.0      0.90382900
  0.4798000       20842.0      0.90465800
  0.4798230       20841.0      0.90548800
  0.4798460       20840.0      0.90631800
  0.4798690       20839.0      0.90714300
  0.4798930       20838.0      0.90795900
  0.4799160       20837.0      0.90876500
  0.4799390       20836.0      0.90955600
  0.4799620       20835.0      0.91032900
  0.4799850       20834.0      0.91108100
  0.4800080       20833.0      0.91181100
  0.4800310       20832.0      0.91256200
  0.4800540       20831.0      0.91334200
  0.4800770       20830.0      0.91414700
  0.4801000       20829.0      0.91497400
  0.4801230       20828.0      0.91581700
  0.4801460       20827.0      0.91667200
  0.4801690       20826.0      0.91753500
  0.4801920       20825.0      0.91840200
  0.4802150       20824.0      0.91926800
  0.4802380       20823.0      0.92012900
  0.4802610       20822.0      0.92098000
  0.4802840       20821.0      0.92181700
  0.4803070       20820.0      0.92263800
  0.4803300       20819.0      0.92346000
  0.4803540       20818.0      0.92429000
  0.4803770       20817.0      0.92512700
  0.4804000       20816.0      0.92596900
  0.4804230       20815.0      0.92681600
  0.4804460       20814.0      0.92766700
  0.4804690       20813.0      0.92852000
  0.4804920       20812.0      0.92937500
  0.4805150       20811.0      0.93023100
  0.4805380       20810.0      0.93108600
  0.4805610       20809.0      0.93194000
  0.4805840       20808.0      0.93279100
  0.4806070       20807.0      0.93363900
  0.4806310       20806.0      0.93448200
  0.4806540       20805.0      0.93532000
  0.4806770       20804.0      0.93615200
  0.4807000       20803.0      0.93697600
  0.4807230       20802.0      0.93779100
  0.4807460       20801.0      0.93859700
  0.4807690       20800.0      0.93939200
  0.4807920       20799.0      0.94017500
  0.4808150       20798.0      0.94094600
  0.4808390       20797.0      0.94170300
  0.4808620       20796.0      0.94244600
  0.4808850       20795.0      0.94317300
  0.4809080       20794.0      0.94388300
  0.4809310       20793.0      0.94457600
  0.4809540       20792.0      0.94524900
  0.4809770       20791.0      0.94590300
  0.4810000       20790.0      0.94653600
  0.4810240       20789.0      0.94715100
  0.4810470       20788.0      0.94775000
  0.4810700       20787.0      0.94833100
  0.4810930       20786.0      0.94889300
  0.4811160       20785.0      0.94943400
  0.4811390       20784.0      0.94995400
  0.4811620       20783.0      0.95045000
  0.4811860       20782.0      0.95092100
  0.4812090       20781.0      0.95136800
  0.4812320       20780.0      0.95181700
  0.4812550       20779.0      0.95227400
  0.4812780       20778.0      0.95273600
  0.4813010       20777.0      0.95320300
  0.4813250       20776.0      0.95367300
  0.4813480       20775.0      0.95414600
  0.4813710       20774.0      0.95462000
  0.4813940       20773.0      0.95509300
  0.4814170       20772.0      0.95556500
  0.4814400       20771.0      0.95603400
  0.4814640       20770.0      0.95649900
  0.4814870       20769.0      0.95695800
  0.4815100       20768.0      0.95741100
  0.4815330       20767.0      0.95785600
  0.4815560       20766.0      0.95829200
  0.4815800       20765.0      0.95871800
  0.4816030       20764.0      0.95913200
  0.4816260       20763.0      0.95953300
  0.4816490       20762.0      0.95991900
  0.4816720       20761.0      0.96029100
  0.4816960       20760.0      0.96064500
  0.4817190       20759.0      0.96098200
  0.4817420       20758.0      0.96129900
  0.4817650       20757.0      0.96159500
  0.4817880       20756.0      0.96187000
  0.4818120       20755.0      0.96212200
  0.4818350       20754.0      0.96234900
  0.4818580       20753.0      0.96255100
  0.4818810       20752.0      0.96272600
  0.4819040       20751.0      0.96287200
  0.4819280       20750.0      0.96298900
  0.4819510       20749.0      0.96307600
  0.4819740       20748.0      0.96313000
  0.4819970       20747.0      0.96315100
  0.4820210       20746.0      0.96315000
  0.4820440       20745.0      0.96314800
  0.4820670       20744.0      0.96314400
  0.4820900       20743.0      0.96314000
  0.4821140       20742.0      0.96313200
  0.4821370       20741.0      0.96310700
  0.4821600       20740.0      0.96306600
  0.4821830       20739.0      0.96300900
  0.4822070       20738.0      0.96293600
  0.4822300       20737.0      0.96284900
  0.4822530       20736.0      0.96274800
  0.4822760       20735.0      0.96263500
  0.4823000       20734.0      0.96250900
  0.4823230       20733.0      0.96237200
  0.4823460       20732.0      0.96222500
  0.4823690       20731.0      0.96206700
  0.4823930       20730.0      0.96190200
  0.4824160       20729.0      0.96172800
  0.4824390       20728.0      0.96154700
  0.4824620       20727.0      0.96135900
  0.4824860       20726.0      0.96116600
  0.4825090       20725.0      0.96096800
  0.4825320       20724.0      0.96076700
  0.4825560       20723.0      0.96056200
  0.4825790       20722.0      0.96035500
  0.4826020       20721.0      0.96014600
  0.4826250       20720.0      0.95993700
  0.4826490       20719.0      0.95972800
  0.4826720       20718.0      0.95952000
  0.4826950       20717.0      0.95931400
  0.4827190       20716.0      0.95911100
  0.4827420       20715.0      0.95891100
  0.4827650       20714.0      0.95871500
  0.4827890       20713.0      0.95852400
  0.4828120       20712.0      0.95833900
  0.4828350       20711.0      0.95816100
  0.4828590       20710.0      0.95799100
  0.4828820       20709.0      0.95782900
  0.4829050       20708.0      0.95767600
  0.4829280       20707.0      0.95753300
  0.4829520       20706.0      0.95740100
  0.4829750       20705.0      0.95728100
  0.4829980       20704.0      0.95717300
  0.4830220       20703.0      0.95707300
  0.4830450       20702.0      0.95697100
  0.4830680       20701.0      0.95686900
  0.4830920       20700.0      0.95676700
  0.4831150       20699.0      0.95666400
  0.4831380       20698.0      0.95656100
  0.4831620       20697.0      0.95645800
  0.4831850       20696.0      0.95635500
  0.4832090       20695.0      0.95625200
  0.4832320       20694.0      0.95615000
  0.4832550       20693.0      0.95604800
  0.4832790       20692.0      0.95594700
  0.4833020       20691.0      0.95584700
  0.4833250       20690.0      0.95574800
  0.4833490       20689.0      0.95565000
  0.4833720       20688.0      0.95555400
  0.4833950       20687.0      0.95545900
  0.4834190       20686.0      0.95536500
  0.4834420       20685.0      0.95527400
  0.4834650       20684.0      0.95518400
  0.4834890       20683.0      0.95509700
  0.4835120       20682.0      0.95501100
  0.4835360       20681.0      0.95492900
  0.4835590       20680.0      0.95484800
  0.4835820       20679.0      0.95477100
  0.4836060       20678.0      0.95469600
  0.4836290       20677.0      0.95462500
  0.4836530       20676.0      0.95455600
  0.4836760       20675.0      0.95449100
  0.4836990       20674.0      0.95443000
  0.4837230       20673.0      0.95437200
  0.4837460       20672.0      0.95431800
  0.4837700       20671.0      0.95426800
  0.4837930       20670.0      0.95422200
  0.4838160       20669.0      0.95418000
  0.4838400       20668.0      0.95414300
  0.4838630       20667.0      0.95411000
  0.4838870       20666.0      0.95408200
  0.4839100       20665.0      0.95405900
  0.4839330       20664.0      0.95404100
  0.4839570       20663.0      0.95402800
  0.4839800       20662.0      0.95402100
  0.4840040       20661.0      0.95401900
  0.4840270       20660.0      0.95402800
  0.4840510       20659.0      0.95405200
  0.4840740       20658.0      0.95408800
  0.4840970       20657.0      0.95413800
  0.4841210       20656.0      0.95419900
  0.4841440       20655.0      0.95427200
  0.4841680       20654.0      0.95435600
  0.4841910       20653.0      0.95445100
  0.4842150       20652.0      0.95455600
  0.4842380       20651.0      0.95467000
  0.4842620       20650.0      0.95479200
  0.4842850       20649.0      0.95492300
  0.4843080       20648.0      0.95506200
  0.4843320       20647.0      0.95520800
  0.4843550       20646.0      0.95536000
  0.4843790       20645.0      0.95551800
  0.4844020       20644.0      0.95568100
  0.4844260       20643.0      0.95584900
  0.4844490       20642.0      0.95602100
  0.4844730       20641.0      0.95619700
  0.4844960       20640.0      0.95637600
  0.4845200       20639.0      0.95655800
  0.4845430       20638.0      0.95674100
  0.4845670       20637.0      0.95692600
  0.4845900       20636.0      0.95711100
  0.4846140       20635.0      0.95729700
  0.4846370       20634.0      0.95748200
  0.4846600       20633.0      0.95766600
  0.4846840       20632.0      0.95784900
  0.4847070       20631.0      0.95803000
  0.4847310       20630.0      0.95820700
  0.4847540       20629.0      0.95838200
  0.4847780       20628.0      0.95855300
  0.4848010       20627.0      0.95871900
  0.4848250       20626.0      0.95888000
  0.4848480       20625.0      0.95903600
  0.4848720       20624.0      0.95918600
  0.4848960       20623.0      0.95932800
  0.4849190       20622.0      0.95946800
  0.4849430       20621.0      0.95961100
  0.4849660       20620.0      0.95975200
  0.4849900       20619.0      0.95988300
  0.4850130       20618.0      0.96000300
  0.4850370       20617.0      0.96012300
  0.4850600       20616.0      0.96024600
  0.4850840       20615.0      0.96037000
  0.4851070       20614.0      0.96049600
  0.4851310       20613.0      0.96062400
  0.4851540       20612.0      0.96075200
  0.4851780       20611.0      0.96088000
  0.4852010       20610.0      0.96100900
  0.4852250       20609.0      0.96113700
  0.4852480       20608.0      0.96126500
  0.4852720       20607.0      0.96139200
  0.4852960       20606.0      0.96151700
  0.4853190       20605.0      0.96164000
  0.4853430       20604.0      0.96176200
  0.4853660       20603.0      0.96188000
  0.4853900       20602.0      0.96199600
  0.4854130       20601.0      0.96210900
  0.4854370       20600.0      0.96221700
  0.4854600       20599.0      0.96232200
  0.4854840       20598.0      0.96242300
  0.4855080       20597.0      0.96251800
  0.4855310       20596.0      0.96260900
  0.4855550       20595.0      0.96269400
  0.4855780       20594.0      0.96277300
  0.4856020       20593.0      0.96284500
  0.4856250       20592.0      0.96291100
  0.4856490       20591.0      0.96297000
  0.4856730       20590.0      0.96302200
  0.4856960       20589.0      0.96306500
  0.4857200       20588.0      0.96310100
  0.4857430       20587.0      0.96312800
  0.4857670       20586.0      0.96314600
  0.4857910       20585.0      0.96315400
  0.4858140       20584.0      0.96314600
  0.4858380       20583.0      0.96309500
  0.4858610       20582.0      0.96300500
  0.4858850       20581.0      0.96288400
  0.4859090       20580.0      0.96273900
  0.4859320       20579.0      0.96257800
  0.4859560       20578.0      0.96240900
  0.4859790       20577.0      0.96223900
  0.4860030       20576.0      0.96207600
  0.4860270       20575.0      0.96191400
  0.4860500       20574.0      0.96174900
  0.4860740       20573.0      0.96158000
  0.4860980       20572.0      0.96140600
  0.4861210       20571.0      0.96122800
  0.4861450       20570.0      0.96104300
  0.4861690       20569.0      0.96085400
  0.4861920       20568.0      0.96065800
  0.4862160       20567.0      0.96045600
  0.4862390       20566.0      0.96024700
  0.4862630       20565.0      0.96003100
  0.4862870       20564.0      0.95980800
  0.4863100       20563.0      0.95957700
  0.4863340       20562.0      0.95933700
  0.4863580       20561.0      0.95908900
  0.4863810       20560.0      0.95883300
  0.4864050       20559.0      0.95856700
  0.4864290       20558.0      0.95829200
  0.4864520       20557.0      0.95800600
  0.4864760       20556.0      0.95771100
  0.4865000       20555.0      0.95740500
  0.4865230       20554.0      0.95708800
  0.4865470       20553.0      0.95675900
  0.4865710       20552.0      0.95641900
  0.4865940       20551.0      0.95606700
  0.4866180       20550.0      0.95570200
  0.4866420       20549.0      0.95532500
  0.4866650       20548.0      0.95493400
  0.4866890       20547.0      0.95453000
  0.4867130       20546.0      0.95410400
  0.4867360       20545.0      0.95361500
  0.4867600       20544.0      0.95306100
  0.4867840       20543.0      0.95244500
  0.4868080       20542.0      0.95177200
  0.4868310       20541.0      0.95104700
  0.4868550       20540.0      0.95027300
  0.4868790       20539.0      0.94945400
  0.4869020       20538.0      0.94859400
  0.4869260       20537.0      0.94769800
  0.4869500       20536.0      0.94677000
  0.4869730       20535.0      0.94581400
  0.4869970       20534.0      0.94483400
  0.4870210       20533.0      0.94381700
  0.4870450       20532.0      0.94274100
  0.4870680       20531.0      0.94160600
  0.4870920       20530.0      0.94041500
  0.4871160       20529.0      0.93916800
  0.4871400       20528.0      0.93786900
  0.4871630       20527.0      0.93651700
  0.4871870       20526.0      0.93511600
  0.4872110       20525.0      0.93366600
  0.4872340       20524.0      0.93217000
  0.4872580       20523.0      0.93062900
  0.4872820       20522.0      0.92904500
  0.4873060       20521.0      0.92741900
  0.4873290       20520.0      0.92575400
  0.4873530       20519.0      0.92405000
  0.4873770       20518.0      0.92231000
  0.4874010       20517.0      0.92053600
  0.4874240       20516.0      0.91872800
  0.4874480       20515.0      0.91688900
  0.4874720       20514.0      0.91502000
  0.4874960       20513.0      0.91312400
  0.4875200       20512.0      0.91120100
  0.4875430       20511.0      0.90925400
  0.4875670       20510.0      0.90728400
  0.4875910       20509.0      0.90529300
  0.4876150       20508.0      0.90328200
  0.4876380       20507.0      0.90125400
  0.4876620       20506.0      0.89921000
  0.4876860       20505.0      0.89715100
  0.4877100       20504.0      0.89507300
  0.4877340       20503.0      0.89291700
  0.4877570       20502.0      0.89067100
  0.4877810       20501.0      0.88834100
  0.4878050       20500.0      0.88592900
  0.4878290       20499.0      0.88344000
  0.4878520       20498.0      0.88087800
  0.4878760       20497.0      0.87824700
  0.4879000       20496.0      0.87555100
  0.4879240       20495.0      0.87279300
  0.4879480       20494.0      0.86997900
  0.4879720       20493.0      0.86711100
  0.4879950       20492.0      0.86419500
  0.4880190       20491.0      0.86122000
  0.4880430       20490.0      0.85816300
  0.4880670       20489.0      0.85502600
  0.4880910       20488.0      0.85181300
  0.4881140       20487.0      0.84852600
  0.4881380       20486.0      0.84517000
  0.4881620       20485.0      0.84174800
  0.4881860       20484.0      0.83826300
  0.4882100       20483.0      0.83471800
  0.4882340       20482.0      0.83111600
  0.4882570       20481.0      0.82746200
  0.4882810       20480.0      0.82375800
  0.4883050       20479.0      0.82000800
  0.4883290       20478.0      0.81621500
  0.4883530       20477.0      0.81238200
  0.4883770       20476.0      0.80851300
  0.4884000       20475.0      0.80461200
  0.4884240       20474.0      0.80068100
  0.4884480       20473.0      0.79672400
  0.4884720       20472.0      0.79274400
  0.4884960       20471.0      0.78874500
  0.4885200       20470.0      0.78473000
  0.4885440       20469.0      0.78070200
  0.4885680       20468.0      0.77666500
  0.4885910       20467.0      0.77262200
  0.4886150       20466.0      0.76857700
  0.4886390       20465.0      0.76453300
  0.4886630       20464.0      0.76049300
  0.4886870       20463.0      0.75646100
  0.4887110       20462.0      0.75243900
  0.4887350       20461.0      0.74843300
  0.4887590       20460.0      0.74444400
  0.4887820       20459.0      0.74047600
  0.4888060       20458.0      0.73653400
  0.4888300       20457.0      0.73261900
  0.4888540       20456.0      0.72873600
  0.4888780       20455.0      0.72488700
  0.4889020       20454.0      0.72107700
  0.4889260       20453.0      0.71730800
  0.4889500       20452.0      0.71358500
  0.4889740       20451.0      0.70991000
  0.4889980       20450.0      0.70628700
  0.4890210       20449.0      0.70270200
  0.4890450       20448.0      0.69913100
  0.4890690       20447.0      0.69557400
  0.4890930       20446.0      0.69202900
  0.4891170       20445.0      0.68849600
  0.4891410       20444.0      0.68497500
  0.4891650       20443.0      0.68146600
  0.4891890       20442.0      0.67796700
  0.4892130       20441.0      0.67447900
  0.4892370       20440.0      0.67100100
  0.4892610       20439.0      0.66753200
  0.4892850       20438.0      0.66407200
  0.4893090       20437.0      0.66062100
  0.4893330       20436.0      0.65717800
  0.4893560       20435.0      0.65374200
  0.4893800       20434.0      0.65031400
  0.4894040       20433.0      0.64689200
  0.4894280       20432.0      0.64347600
  0.4894520       20431.0      0.64006500
  0.4894760       20430.0      0.63666000
  0.4895000       20429.0      0.63326000
  0.4895240       20428.0      0.62986400
  0.4895480       20427.0      0.62647100
  0.4895720       20426.0      0.62308200
  0.4895960       20425.0      0.61969500
  0.4896200       20424.0      0.61631100
  0.4896440       20423.0      0.61292900
  0.4896680       20422.0      0.60954800
  0.4896920       20421.0      0.60616800
  0.4897160       20420.0      0.60278800
  0.4897400       20419.0      0.59940800
  0.4897640       20418.0      0.59602700
  0.4897880       20417.0      0.59264500
  0.4898120       20416.0      0.58926200
  0.4898360       20415.0      0.58587700
  0.4898600       20414.0      0.58248900
  0.4898840       20413.0      0.57909800
  0.4899080       20412.0      0.57570400
  0.4899320       20411.0      0.57230600
  0.4899560       20410.0      0.56890300
  0.4899800       20409.0      0.56549600
  0.4900040       20408.0      0.56208300
  0.4900280       20407.0      0.55867000
  0.4900520       20406.0      0.55526200
  0.4900760       20405.0      0.55185700
  0.4901000       20404.0      0.54845500
  0.4901240       20403.0      0.54505600
  0.4901480       20402.0      0.54166100
  0.4901720       20401.0      0.53826800
  0.4901960       20400.0      0.53487700
  0.4902200       20399.0      0.53148900
  0.4902440       20398.0      0.52810200
  0.4902680       20397.0      0.52471700
  0.4902920       20396.0      0.52133400
  0.4903160       20395.0      0.51795200
  0.4903400       20394.0      0.51457100
  0.4903640       20393.0      0.51119100
  0.4903880       20392.0      0.50781100
  0.4904120       20391.0      0.50443200
  0.4904360       20390.0      0.50105200
  0.4904610       20389.0      0.49767300
  0.4904850       20388.0      0.49429300
  0.4905090       20387.0      0.49091300
  0.4905330       20386.0      0.48753200
  0.4905570       20385.0      0.48415000
  0.4905810       20384.0      0.48076600
  0.4906050       20383.0      0.47738100
  0.4906290       20382.0      0.47399400
  0.4906530       20381.0      0.47060500
  0.4906770       20380.0      0.46721400
  0.4907010       20379.0      0.46382100
  0.4907250       20378.0      0.46042500
  0.4907490       20377.0      0.45702600
  0.4907730       20376.0      0.45362400
  0.4907980       20375.0      0.45021800
  0.4908220       20374.0      0.44680900
  0.4908460       20373.0      0.44339600
  0.4908700       20372.0      0.43997800
  0.4908940       20371.0      0.43655700
  0.4909180       20370.0      0.43313100
  0.4909420       20369.0      0.42970000
  0.4909660       20368.0      0.42626400
  0.4909900       20367.0      0.42282300
  0.4910140       20366.0      0.41937300
  0.4910390       20365.0      0.41590300
  0.4910630       20364.0      0.41241400
  0.4910870       20363.0      0.40890600
  0.4911110       20362.0      0.40538000
  0.4911350       20361.0      0.40183900
  0.4911590       20360.0      0.39828400
  0.4911830       20359.0      0.39471600
  0.4912070       20358.0      0.39113700
  0.4912320       20357.0      0.38754800
  0.4912560       20356.0      0.38395000
  0.4912800       20355.0      0.38034500
  0.4913040       20354.0      0.37673400
  0.4913280       20353.0      0.37312000
  0.4913520       20352.0      0.36950200
  0.4913760       20351.0      0.36588300
  0.4914000       20350.0      0.36226500
  0.4914250       20349.0      0.35864800
  0.4914490       20348.0      0.35503400
  0.4914730       20347.0      0.35142400
  0.4914970       20346.0      0.34782000
  0.4915210       20345.0      0.34422400
  0.4915450       20344.0      0.34063600
  0.4915700       20343.0      0.33705900
  0.4915940       20342.0      0.33349300
  0.4916180       20341.0      0.32994100
  0.4916420       20340.0      0.32640300
  0.4916660       20339.0      0.32288100
  0.4916900       20338.0      0.31937600
  0.4917150       20337.0      0.31589100
  0.4917390       20336.0      0.31242600
  0.4917630       20335.0      0.30898200
  0.4917870       20334.0      0.30556200
  0.4918110       20333.0      0.30216700
  0.4918360       20332.0      0.29879800
  0.4918600       20331.0      0.29545600
  0.4918840       20330.0      0.29214400
  0.4919080       20329.0      0.28886300
  0.4919320       20328.0      0.28561300
  0.4919570       20327.0      0.28239700
  0.4919810       20326.0      0.27921500
  0.4920050       20325.0      0.27607000
  0.4920290       20324.0      0.27294000
  0.4920530       20323.0      0.26981700
  0.4920780       20322.0      0.26670200
  0.4921020       20321.0      0.26359800
  0.4921260       20320.0      0.26050700
  0.4921500       20319.0      0.25743000
  0.4921740       20318.0      0.25437000
  0.4921990       20317.0      0.25132800
  0.4922230       20316.0      0.24830600
  0.4922470       20315.0      0.24530700
  0.4922710       20314.0      0.24233200
  0.4922960       20313.0      0.23938300
  0.4923200       20312.0      0.23646300
  0.4923440       20311.0      0.23357200
  0.4923680       20310.0      0.23071300
  0.4923930       20309.0      0.22788900
  0.4924170       20308.0      0.22510000
  0.4924410       20307.0      0.22234900
  0.4924650       20306.0      0.21963800
  0.4924900       20305.0      0.21696900
  0.4925140       20304.0      0.21434400
  0.4925380       20303.0      0.21176400
  0.4925620       20302.0      0.20923200
  0.4925870       20301.0      0.20675000
  0.4926110       20300.0      0.20431800
  0.4926350       20299.0      0.20193300
  0.4926590       20298.0      0.19959100
  0.4926840       20297.0      0.19729000
  0.4927080       20296.0      0.19502900
  0.4927320       20295.0      0.19280500
  0.4927560       20294.0      0.19061700
  0.4927810       20293.0      0.18846300
  0.4928050       20292.0      0.18634100
  0.4928290       20291.0      0.18424900
  0.4928540       20290.0      0.18218500
  0.4928780       20289.0      0.18014700
  0.4929020       20288.0      0.17813300
  0.4929270       20287.0      0.17614200
  0.4929510       20286.0      0.17417100
  0.4929750       20285.0      0.17221900
  0.4929990       20284.0      0.17028300
  0.4930240       20283.0      0.16836400
  0.4930480       20282.0      0.16646200
  0.4930720       20281.0      0.16457700
  0.4930970       20280.0      0.16270800
  0.4931210       20279.0      0.16085500
  0.4931450       20278.0      0.15901700
  0.4931700       20277.0      0.15719300
  0.4931940       20276.0      0.15538400
  0.4932180       20275.0      0.15358800
  0.4932430       20274.0      0.15180600
  0.4932670       20273.0      0.15003600
  0.4932910       20272.0      0.14827800
  0.4933160       20271.0      0.14653200
  0.4933400       20270.0      0.14479600
  0.4933640       20269.0      0.14307200
  0.4933890       20268.0      0.14135700
  0.4934130       20267.0      0.13965200
  0.4934370       20266.0      0.13795500
  0.4934620       20265.0      0.13626800
  0.4934860       20264.0      0.13458800
  0.4935100       20263.0      0.13291500
  0.4935350       20262.0      0.13125000
  0.4935590       20261.0      0.12959100
  0.4935830       20260.0      0.12793700
  0.4936080       20259.0      0.12628900
  0.4936320       20258.0      0.12464600
  0.4936570       20257.0      0.12300700
  0.4936810       20256.0      0.12137200
  0.4937050       20255.0      0.11974100
  0.4937300       20254.0      0.11811200
  0.4937540       20253.0      0.11648500
  0.4937780       20252.0      0.11486000
  0.4938030       20251.0      0.11323600
  0.4938270       20250.0      0.11161300
  0.4938520       20249.0      0.10999000
  0.4938760       20248.0      0.10836600
  0.4939000       20247.0      0.10674200
  0.4939250       20246.0      0.10511600
  0.4939490       20245.0      0.10348800
  0.4939740       20244.0      0.10185700
  0.4939980       20243.0      0.10022400
  0.4940220       20242.0      0.09859500
  0.4940470       20241.0      0.09698400
  0.4940710       20240.0      0.09539500
  0.4940960       20239.0      0.09383200
  0.4941200       20238.0      0.09228100
  0.4941440       20237.0      0.09070700
  0.4941690       20236.0      0.08911100
  0.4941930       20235.0      0.08749700
  0.4942180       20234.0      0.08586600
  0.4942420       20233.0      0.08422100
  0.4942670       20232.0      0.08256500
  0.4942910       20231.0      0.08090000
  0.4943150       20230.0      0.07922700
  0.4943400       20229.0      0.07755100
  0.4943640       20228.0      0.07587300
  0.4943890       20227.0      0.07419600
  0.4944130       20226.0      0.07252200
  0.4944380       20225.0      0.07085400
  0.4944620       20224.0      0.06919400
  0.4944860       20223.0      0.06754500
  0.4945110       20222.0      0.06590800
  0.4945350       20221.0      0.06428800
  0.4945600       20220.0      0.06268500
  0.4945840       20219.0      0.06110300
  0.4946090       20218.0      0.05954400
  0.4946330       20217.0      0.05801100
  0.4946580       20216.0      0.05650500
  0.4946820       20215.0      0.05503000
  0.4947070       20214.0      0.05358800
  0.4947310       20213.0      0.05218100
  0.4947560       20212.0      0.05081300
  0.4947800       20211.0      0.04948400
  0.4948050       20210.0      0.04819900
  0.4948290       20209.0      0.04695900
  0.4948540       20208.0      0.04576700
  0.4948780       20207.0      0.04462500
  0.4949030       20206.0      0.04353600
  0.4949270       20205.0      0.04250300
  0.4949510       20204.0      0.04152800
  0.4949760       20203.0      0.04061300
  0.4950000       20202.0      0.03976000
  0.4950250       20201.0      0.03894600
  0.4950500       20200.0      0.03814500
  0.4950740       20199.0      0.03735700
  0.4950990       20198.0      0.03658200
  0.4951230       20197.0      0.03582100
  0.4951480       20196.0      0.03507200
  0.4951720       20195.0      0.03433600
  0.4951970       20194.0      0.03361400
  0.4952210       20193.0      0.03290400
  0.4952460       20192.0      0.03220700
  0.4952700       20191.0      0.03152300
  0.4952950       20190.0      0.03085100
  0.4953190       20189.0      0.03019200
  0.4953440       20188.0      0.02954600
  0.4953680       20187.0      0.02891200
  0.4953930       20186.0      0.02829100
  0.4954170       20185.0      0.02768200
  0.4954420       20184.0      0.02708500
  0.4954660       20183.0      0.02650100
  0.4954910       20182.0      0.02592900
  0.4955160       20181.0      0.02536900
  0.4955400       20180.0      0.02482100
  0.4955650       20179.0      0.02428500
  0.4955890       20178.0      0.02376200
  0.4956140       20177.0      0.02325000
  0.4956380       20176.0      0.02275000
  0.4956630       20175.0      0.02226200
  0.4956880       20174.0      0.02178600
  0.4957120       20173.0      0.02132200
  0.4957370       20172.0      0.02086900
  0.4957610       20171.0      0.02042800
  0.4957860       20170.0      0.01999800
  0.4958100       20169.0      0.01958000
  0.4958350       20168.0      0.01917400
  0.4958600       20167.0      0.01877800
  0.4958840       20166.0      0.01839400
  0.4959090       20165.0      0.01802200
  0.4959330       20164.0      0.01766000
  0.4959580       20163.0      0.01731000
  0.4959830       20162.0      0.01697100
  0.4960070       20161.0      0.01664200
  0.4960320       20160.0      0.01632000
  0.4960560       20159.0      0.01600300
  0.4960810       20158.0      0.01569100
  0.4961060       20157.0      0.01538300
  0.4961300       20156.0      0.01508000
  0.4961550       20155.0      0.01478100
  0.4961790       20154.0      0.01448800
  0.4962040       20153.0      0.01419900
  0.4962290       20152.0      0.01391500
  0.4962530       20151.0      0.01363600
  0.4962780       20150.0      0.01336100
  0.4963030       20149.0      0.01309200
  0.4963270       20148.0      0.01282700
  0.4963520       20147.0      0.01256600
  0.4963760       20146.0      0.01231100
  0.4964010       20145.0      0.01206000
  0.4964260       20144.0      0.01181400
  0.4964500       20143.0      0.01157300
  0.4964750       20142.0      0.01133700
  0.4965000       20141.0      0.01110500
  0.4965240       20140.0      0.01087900
  0.4965490       20139.0      0.01065700
  0.4965740       20138.0      0.01044000
  0.4965980       20137.0      0.01022700
  0.4966230       20136.0      0.01002000
  0.4966480       20135.0      0.00981700
  0.4966720       20134.0      0.00961900
  0.4966970       20133.0      0.00942500
  0.4967220       20132.0      0.00923700
  0.4967460       20131.0      0.00905300
  0.4967710       20130.0      0.00887400
  0.4967960       20129.0      0.00870000
  0.4968200       20128.0      0.00853100
  0.4968450       20127.0      0.00836700
  0.4968700       20126.0      0.00820700
  0.4968940       20125.0      0.00805200
  0.4969190       20124.0      0.00790200
  0.4969440       20123.0      0.00775700
  0.4969680       20122.0      0.00761600
  0.4969930       20121.0      0.00748100
  0.4970180       20120.0      0.00734900
  0.4970430       20119.0      0.00722000
  0.4970670       20118.0      0.00709300
  0.4970920       20117.0      0.00696800
  0.4971170       20116.0      0.00684500
  0.4971410       20115.0      0.00672400
  0.4971660       20114.0      0.00660500
  0.4971910       20113.0      0.00648800
  0.4972160       20112.0      0.00637300
  0.4972400       20111.0      0.00626000
  0.4972650       20110.0      0.00615000
  0.4972900       20109.0      0.00604100
  0.4973150       20108.0      0.00593400
  0.4973390       20107.0      0.00582900
  0.4973640       20106.0      0.00572600
  0.4973890       20105.0      0.00562500
  0.4974130       20104.0      0.00552600
  0.4974380       20103.0      0.00542800
  0.4974630       20102.0      0.00533300
  0.4974880       20101.0      0.00523900
  0.4975120       20100.0      0.00514800
  0.4975370       20099.0      0.00505800
  0.4975620       20098.0      0.00497000
  0.4975870       20097.0      0.00488400
  0.4976110       20096.0      0.00479900
  0.4976360       20095.0      0.00471700
  0.4976610       20094.0      0.00463600
  0.4976860       20093.0      0.00455700
  0.4977110       20092.0      0.00447900
  0.4977350       20091.0      0.00440300
  0.4977600       20090.0      0.00432900
  0.4977850       20089.0      0.00425700
  0.4978100       20088.0      0.00418700
  0.4978340       20087.0      0.00411800
  0.4978590       20086.0      0.00405000
  0.4978840       20085.0      0.00398500
  0.4979090       20084.0      0.00392100
  0.4979340       20083.0      0.00385800
  0.4979580       20082.0      0.00379800
  0.4979830       20081.0      0.00373800
  0.4980080       20080.0      0.00368100
  0.4980330       20079.0      0.00362400
  0.4980580       20078.0      0.00356900
  0.4980820       20077.0      0.00351400
  0.4981070       20076.0      0.00346000
  0.4981320       20075.0      0.00340700
  0.4981570       20074.0      0.00335500
  0.4981820       20073.0      0.00330400
  0.4982060       20072.0      0.00325400
  0.4982310       20071.0      0.00320500
  0.4982560       20070.0      0.00315600
  0.4982810       20069.0      0.00310900
  0.4983060       20068.0      0.00306200
  0.4983310       20067.0      0.00301600
  0.4983550       20066.0      0.00297100
  0.4983800       20065.0      0.00292600
  0.4984050       20064.0      0.00288200
  0.4984300       20063.0      0.00283900
  0.4984550       20062.0      0.00279700
  0.4984800       20061.0      0.00275600
  0.4985040       20060.0      0.00271500
  0.4985290       20059.0      0.00267500
  0.4985540       20058.0      0.00263500
  0.4985790       20057.0      0.00259600
  0.4986040       20056.0      0.00255800
  0.4986290       20055.0      0.00252100
  0.4986540       20054.0      0.00248400
  0.4986790       20053.0      0.00244700
  0.4987030       20052.0      0.00241200
  0.4987280       20051.0      0.00237700
  0.4987530       20050.0      0.00234200
  0.4987780       20049.0      0.00230800
  0.4988030       20048.0      0.00227400
  0.4988280       20047.0      0.00224100
  0.4988530       20046.0      0.00220900
  0.4988780       20045.0      0.00217700
  0.4989020       20044.0      0.00214500
  0.4989270       20043.0      0.00211400
  0.4989520       20042.0      0.00208400
  0.4989770       20041.0      0.00205300
  0.4990020       20040.0      0.00202400
  0.4990270       20039.0      0.00199400
  0.4990520       20038.0      0.00196500
  0.4990770       20037.0      0.00193700
  0.4991020       20036.0      0.00190800
  0.4991270       20035.0      0.00188000
  0.4991510       20034.0      0.00185300
  0.4991760       20033.0      0.00182500
  0.4992010       20032.0      0.00179800
  0.4992260       20031.0      0.00177200
  0.4992510       20030.0      0.00174600
  0.4992760       20029.0      0.00172000
  0.4993010       20028.0      0.00169400
  0.4993260       20027.0      0.00166900
  0.4993510       20026.0      0.00164400
  0.4993760       20025.0      0.00162000
  0.4994010       20024.0      0.00159500
  0.4994260       20023.0      0.00157200
  0.4994510       20022.0      0.00154800
  0.4994760       20021.0      0.00152500
  0.4995000       20020.0      0.00150200
  0.4995250       20019.0      0.00147900
  0.4995500       20018.0      0.00145700
  0.4995750       20017.0      0.00143500
  0.4996000       20016.0      0.00141300
  0.4996250       20015.0      0.00139200
  0.4996500       20014.0      0.00137000
  0.4996750       20013.0      0.00134900
  0.4997000       20012.0      0.00132900
  0.4997250       20011.0      0.00130900
  0.4997500       20010.0      0.00128900
  0.4997750       20009.0      0.00126900
  0.4998000       20008.0      0.00124900
  0.4998250       20007.0      0.00123000
  0.4998500       20006.0      0.00121100
  0.4998750       20005.0      0.00119300
  0.4999000       20004.0      0.00117400
  0.4999250       20003.0      0.00115600
  0.4999500       20002.0      0.00113800
  0.4999750       20001.0      0.00112000
  0.5000000       20000.0      0.00110300
  0.5000250       19999.0      0.00108600
  0.5000500       19998.0      0.00106900
  0.5000750       19997.0      0.00105200
  0.5001000       19996.0      0.00103500
  0.5001250       19995.0      0.00101800
  0.5001500       19994.0      0.00100200
