# GOES-R ABI FM4 SRF ch 064 CWG release
# wvl [micron],  wavenum [cm-1],  relative SRF
  0.5729020       17455.0      0.00099700
  0.5729350       17454.0      0.00100600
  0.5729670       17453.0      0.00101500
  0.5730000       17452.0      0.00102400
  0.5730330       17451.0      0.00103300
  0.5730660       17450.0      0.00104200
  0.5730990       17449.0      0.00105200
  0.5731320       17448.0      0.00106200
  0.5731640       17447.0      0.00107100
  0.5731970       17446.0      0.00108100
  0.5732300       17445.0      0.00109100
  0.5732630       17444.0      0.00110000
  0.5732960       17443.0      0.00111000
  0.5733290       17442.0      0.00112000
  0.5733620       17441.0      0.00113000
  0.5733940       17440.0      0.00114000
  0.5734270       17439.0      0.00115000
  0.5734600       17438.0      0.00116000
  0.5734930       17437.0      0.00117000
  0.5735260       17436.0      0.00118000
  0.5735590       17435.0      0.00119000
  0.5735920       17434.0      0.00120100
  0.5736250       17433.0      0.00121100
  0.5736580       17432.0      0.00122100
  0.5736910       17431.0      0.00123200
  0.5737230       17430.0      0.00124200
  0.5737560       17429.0      0.00125300
  0.5737890       17428.0      0.00126400
  0.5738220       17427.0      0.00127500
  0.5738550       17426.0      0.00128500
  0.5738880       17425.0      0.00129700
  0.5739210       17424.0      0.00130800
  0.5739540       17423.0      0.00131900
  0.5739870       17422.0      0.00133000
  0.5740200       17421.0      0.00134200
  0.5740530       17420.0      0.00135500
  0.5740860       17419.0      0.00136800
  0.5741190       17418.0      0.00138200
  0.5741520       17417.0      0.00139500
  0.5741850       17416.0      0.00140900
  0.5742180       17415.0      0.00142200
  0.5742510       17414.0      0.00143600
  0.5742840       17413.0      0.00145000
  0.5743170       17412.0      0.00146400
  0.5743500       17411.0      0.00147900
  0.5743830       17410.0      0.00149300
  0.5744160       17409.0      0.00150700
  0.5744490       17408.0      0.00152200
  0.5744820       17407.0      0.00153700
  0.5745150       17406.0      0.00155200
  0.5745480       17405.0      0.00156700
  0.5745810       17404.0      0.00158200
  0.5746140       17403.0      0.00159700
  0.5746470       17402.0      0.00161200
  0.5746800       17401.0      0.00162800
  0.5747130       17400.0      0.00164300
  0.5747460       17399.0      0.00165900
  0.5747790       17398.0      0.00167500
  0.5748120       17397.0      0.00169100
  0.5748450       17396.0      0.00170700
  0.5748780       17395.0      0.00172300
  0.5749110       17394.0      0.00173900
  0.5749440       17393.0      0.00175500
  0.5749770       17392.0      0.00177100
  0.5750100       17391.0      0.00178800
  0.5750430       17390.0      0.00180700
  0.5750760       17389.0      0.00182600
  0.5751090       17388.0      0.00184400
  0.5751420       17387.0      0.00186300
  0.5751750       17386.0      0.00188300
  0.5752090       17385.0      0.00190200
  0.5752420       17384.0      0.00192200
  0.5752750       17383.0      0.00194100
  0.5753080       17382.0      0.00196100
  0.5753410       17381.0      0.00198100
  0.5753740       17380.0      0.00200100
  0.5754070       17379.0      0.00202200
  0.5754400       17378.0      0.00204200
  0.5754730       17377.0      0.00206300
  0.5755060       17376.0      0.00208400
  0.5755400       17375.0      0.00210500
  0.5755730       17374.0      0.00212600
  0.5756060       17373.0      0.00214700
  0.5756390       17372.0      0.00216800
  0.5756720       17371.0      0.00219000
  0.5757050       17370.0      0.00221200
  0.5757380       17369.0      0.00223300
  0.5757720       17368.0      0.00225500
  0.5758050       17367.0      0.00227700
  0.5758380       17366.0      0.00230000
  0.5758710       17365.0      0.00232200
  0.5759040       17364.0      0.00234400
  0.5759370       17363.0      0.00236700
  0.5759710       17362.0      0.00239000
  0.5760040       17361.0      0.00241400
  0.5760370       17360.0      0.00243900
  0.5760700       17359.0      0.00246400
  0.5761030       17358.0      0.00249000
  0.5761360       17357.0      0.00251600
  0.5761700       17356.0      0.00254200
  0.5762030       17355.0      0.00256800
  0.5762360       17354.0      0.00259500
  0.5762690       17353.0      0.00262100
  0.5763020       17352.0      0.00264800
  0.5763360       17351.0      0.00267500
  0.5763690       17350.0      0.00270200
  0.5764020       17349.0      0.00273000
  0.5764350       17348.0      0.00275700
  0.5764690       17347.0      0.00278500
  0.5765020       17346.0      0.00281300
  0.5765350       17345.0      0.00284200
  0.5765680       17344.0      0.00287000
  0.5766020       17343.0      0.00289900
  0.5766350       17342.0      0.00292800
  0.5766680       17341.0      0.00295700
  0.5767010       17340.0      0.00298700
  0.5767350       17339.0      0.00301600
  0.5767680       17338.0      0.00304600
  0.5768010       17337.0      0.00307700
  0.5768340       17336.0      0.00310700
  0.5768680       17335.0      0.00313800
  0.5769010       17334.0      0.00316900
  0.5769340       17333.0      0.00320000
  0.5769670       17332.0      0.00323200
  0.5770010       17331.0      0.00326700
  0.5770340       17330.0      0.00330300
  0.5770670       17329.0      0.00333900
  0.5771010       17328.0      0.00337600
  0.5771340       17327.0      0.00341400
  0.5771670       17326.0      0.00345200
  0.5772010       17325.0      0.00349000
  0.5772340       17324.0      0.00352900
  0.5772670       17323.0      0.00356800
  0.5773010       17322.0      0.00360700
  0.5773340       17321.0      0.00364700
  0.5773670       17320.0      0.00368700
  0.5774010       17319.0      0.00372800
  0.5774340       17318.0      0.00376900
  0.5774670       17317.0      0.00381000
  0.5775010       17316.0      0.00385200
  0.5775340       17315.0      0.00389400
  0.5775670       17314.0      0.00393600
  0.5776010       17313.0      0.00397900
  0.5776340       17312.0      0.00402200
  0.5776670       17311.0      0.00406500
  0.5777010       17310.0      0.00410900
  0.5777340       17309.0      0.00415300
  0.5777680       17308.0      0.00419700
  0.5778010       17307.0      0.00424100
  0.5778340       17306.0      0.00428600
  0.5778680       17305.0      0.00433100
  0.5779010       17304.0      0.00437700
  0.5779340       17303.0      0.00442300
  0.5779680       17302.0      0.00447000
  0.5780010       17301.0      0.00452100
  0.5780350       17300.0      0.00457300
  0.5780680       17299.0      0.00462600
  0.5781020       17298.0      0.00467900
  0.5781350       17297.0      0.00473300
  0.5781680       17296.0      0.00478700
  0.5782020       17295.0      0.00484200
  0.5782350       17294.0      0.00489700
  0.5782690       17293.0      0.00495300
  0.5783020       17292.0      0.00500900
  0.5783360       17291.0      0.00506600
  0.5783690       17290.0      0.00512400
  0.5784020       17289.0      0.00518200
  0.5784360       17288.0      0.00524000
  0.5784690       17287.0      0.00529900
  0.5785030       17286.0      0.00535800
  0.5785360       17285.0      0.00541800
  0.5785700       17284.0      0.00547800
  0.5786030       17283.0      0.00553900
  0.5786370       17282.0      0.00560000
  0.5786700       17281.0      0.00566200
  0.5787040       17280.0      0.00572400
  0.5787370       17279.0      0.00578700
  0.5787710       17278.0      0.00585000
  0.5788040       17277.0      0.00591400
  0.5788380       17276.0      0.00597800
  0.5788710       17275.0      0.00604200
  0.5789050       17274.0      0.00610700
  0.5789380       17273.0      0.00617400
  0.5789720       17272.0      0.00624400
  0.5790050       17271.0      0.00631600
  0.5790390       17270.0      0.00639100
  0.5790720       17269.0      0.00646600
  0.5791060       17268.0      0.00654200
  0.5791390       17267.0      0.00661900
  0.5791730       17266.0      0.00669700
  0.5792060       17265.0      0.00677500
  0.5792400       17264.0      0.00685400
  0.5792740       17263.0      0.00693400
  0.5793070       17262.0      0.00701500
  0.5793410       17261.0      0.00709600
  0.5793740       17260.0      0.00717800
  0.5794080       17259.0      0.00726100
  0.5794410       17258.0      0.00734400
  0.5794750       17257.0      0.00742800
  0.5795090       17256.0      0.00751300
  0.5795420       17255.0      0.00759800
  0.5795760       17254.0      0.00768400
  0.5796090       17253.0      0.00777000
  0.5796430       17252.0      0.00785700
  0.5796770       17251.0      0.00794500
  0.5797100       17250.0      0.00803300
  0.5797440       17249.0      0.00812200
  0.5797770       17248.0      0.00821100
  0.5798110       17247.0      0.00830000
  0.5798450       17246.0      0.00839100
  0.5798780       17245.0      0.00848100
  0.5799120       17244.0      0.00857200
  0.5799450       17243.0      0.00866600
  0.5799790       17242.0      0.00876400
  0.5800130       17241.0      0.00886500
  0.5800460       17240.0      0.00896800
  0.5800800       17239.0      0.00907200
  0.5801140       17238.0      0.00917600
  0.5801470       17237.0      0.00928100
  0.5801810       17236.0      0.00938800
  0.5802150       17235.0      0.00949500
  0.5802480       17234.0      0.00960300
  0.5802820       17233.0      0.00971100
  0.5803160       17232.0      0.00982100
  0.5803490       17231.0      0.00993200
  0.5803830       17230.0      0.01004300
  0.5804170       17229.0      0.01015500
  0.5804500       17228.0      0.01026800
  0.5804840       17227.0      0.01038300
  0.5805180       17226.0      0.01049700
  0.5805520       17225.0      0.01061300
  0.5805850       17224.0      0.01073000
  0.5806190       17223.0      0.01084800
  0.5806530       17222.0      0.01096600
  0.5806860       17221.0      0.01108600
  0.5807200       17220.0      0.01120600
  0.5807540       17219.0      0.01132800
  0.5807880       17218.0      0.01145000
  0.5808210       17217.0      0.01157300
  0.5808550       17216.0      0.01169800
  0.5808890       17215.0      0.01182300
  0.5809230       17214.0      0.01194900
  0.5809560       17213.0      0.01207600
  0.5809900       17212.0      0.01221000
  0.5810240       17211.0      0.01235500
  0.5810580       17210.0      0.01250200
  0.5810910       17209.0      0.01265100
  0.5811250       17208.0      0.01280100
  0.5811590       17207.0      0.01295400
  0.5811930       17206.0      0.01310700
  0.5812260       17205.0      0.01326300
  0.5812600       17204.0      0.01342000
  0.5812940       17203.0      0.01357800
  0.5813280       17202.0      0.01373800
  0.5813620       17201.0      0.01390000
  0.5813950       17200.0      0.01406300
  0.5814290       17199.0      0.01422700
  0.5814630       17198.0      0.01439300
  0.5814970       17197.0      0.01456000
  0.5815310       17196.0      0.01472900
  0.5815640       17195.0      0.01489900
  0.5815980       17194.0      0.01507100
  0.5816320       17193.0      0.01524400
  0.5816660       17192.0      0.01541800
  0.5817000       17191.0      0.01559300
  0.5817340       17190.0      0.01577000
  0.5817670       17189.0      0.01594800
  0.5818010       17188.0      0.01612800
  0.5818350       17187.0      0.01630800
  0.5818690       17186.0      0.01649000
  0.5819030       17185.0      0.01667300
  0.5819370       17184.0      0.01685700
  0.5819710       17183.0      0.01704300
  0.5820040       17182.0      0.01723000
  0.5820380       17181.0      0.01744100
  0.5820720       17180.0      0.01765500
  0.5821060       17179.0      0.01787100
  0.5821400       17178.0      0.01809000
  0.5821740       17177.0      0.01831100
  0.5822080       17176.0      0.01853400
  0.5822420       17175.0      0.01875900
  0.5822760       17174.0      0.01898600
  0.5823090       17173.0      0.01921500
  0.5823430       17172.0      0.01944700
  0.5823770       17171.0      0.01968100
  0.5824110       17170.0      0.01991700
  0.5824450       17169.0      0.02015500
  0.5824790       17168.0      0.02039500
  0.5825130       17167.0      0.02063700
  0.5825470       17166.0      0.02088200
  0.5825810       17165.0      0.02112800
  0.5826150       17164.0      0.02137700
  0.5826490       17163.0      0.02162800
  0.5826830       17162.0      0.02188100
  0.5827170       17161.0      0.02213600
  0.5827510       17160.0      0.02239300
  0.5827850       17159.0      0.02265300
  0.5828190       17158.0      0.02291400
  0.5828520       17157.0      0.02317800
  0.5828860       17156.0      0.02344400
  0.5829200       17155.0      0.02371100
  0.5829540       17154.0      0.02398100
  0.5829880       17153.0      0.02425300
  0.5830220       17152.0      0.02453200
  0.5830560       17151.0      0.02482900
  0.5830900       17150.0      0.02514600
  0.5831240       17149.0      0.02546700
  0.5831580       17148.0      0.02579200
  0.5831920       17147.0      0.02612100
  0.5832260       17146.0      0.02645400
  0.5832600       17145.0      0.02679100
  0.5832940       17144.0      0.02713200
  0.5833280       17143.0      0.02747700
  0.5833630       17142.0      0.02782500
  0.5833970       17141.0      0.02817700
  0.5834310       17140.0      0.02853300
  0.5834650       17139.0      0.02889200
  0.5834990       17138.0      0.02925500
  0.5835330       17137.0      0.02962100
  0.5835670       17136.0      0.02999000
  0.5836010       17135.0      0.03036300
  0.5836350       17134.0      0.03074000
  0.5836690       17133.0      0.03111900
  0.5837030       17132.0      0.03150200
  0.5837370       17131.0      0.03188800
  0.5837710       17130.0      0.03227600
  0.5838050       17129.0      0.03266800
  0.5838390       17128.0      0.03306300
  0.5838730       17127.0      0.03346100
  0.5839080       17126.0      0.03386200
  0.5839420       17125.0      0.03426600
  0.5839760       17124.0      0.03467200
  0.5840100       17123.0      0.03508200
  0.5840440       17122.0      0.03550400
  0.5840780       17121.0      0.03594400
  0.5841120       17120.0      0.03640200
  0.5841460       17119.0      0.03687500
  0.5841800       17118.0      0.03735400
  0.5842150       17117.0      0.03783900
  0.5842490       17116.0      0.03832900
  0.5842830       17115.0      0.03882500
  0.5843170       17114.0      0.03932600
  0.5843510       17113.0      0.03983300
  0.5843850       17112.0      0.04034500
  0.5844190       17111.0      0.04086200
  0.5844540       17110.0      0.04138400
  0.5844880       17109.0      0.04191200
  0.5845220       17108.0      0.04244400
  0.5845560       17107.0      0.04298200
  0.5845900       17106.0      0.04352400
  0.5846240       17105.0      0.04407200
  0.5846590       17104.0      0.04462400
  0.5846930       17103.0      0.04518100
  0.5847270       17102.0      0.04574300
  0.5847610       17101.0      0.04630900
  0.5847950       17100.0      0.04688000
  0.5848300       17099.0      0.04745600
  0.5848640       17098.0      0.04803600
  0.5848980       17097.0      0.04862100
  0.5849320       17096.0      0.04921000
  0.5849660       17095.0      0.04980400
  0.5850010       17094.0      0.05040200
  0.5850350       17093.0      0.05100900
  0.5850690       17092.0      0.05163200
  0.5851030       17091.0      0.05227300
  0.5851380       17090.0      0.05293600
  0.5851720       17089.0      0.05362100
  0.5852060       17088.0      0.05433000
  0.5852400       17087.0      0.05505600
  0.5852740       17086.0      0.05579900
  0.5853090       17085.0      0.05655700
  0.5853430       17084.0      0.05733000
  0.5853770       17083.0      0.05811500
  0.5854120       17082.0      0.05891300
  0.5854460       17081.0      0.05972100
  0.5854800       17080.0      0.06053900
  0.5855140       17079.0      0.06136500
  0.5855490       17078.0      0.06219900
  0.5855830       17077.0      0.06303900
  0.5856170       17076.0      0.06388400
  0.5856520       17075.0      0.06473300
  0.5856860       17074.0      0.06558500
  0.5857200       17073.0      0.06643900
  0.5857540       17072.0      0.06729300
  0.5857890       17071.0      0.06814600
  0.5858230       17070.0      0.06899800
  0.5858570       17069.0      0.06984600
  0.5858920       17068.0      0.07069100
  0.5859260       17067.0      0.07153000
  0.5859600       17066.0      0.07236300
  0.5859950       17065.0      0.07318800
  0.5860290       17064.0      0.07401300
  0.5860630       17063.0      0.07484500
  0.5860980       17062.0      0.07568100
  0.5861320       17061.0      0.07651500
  0.5861660       17060.0      0.07734000
  0.5862010       17059.0      0.07815000
  0.5862350       17058.0      0.07894200
  0.5862700       17057.0      0.07971600
  0.5863040       17056.0      0.08048000
  0.5863380       17055.0      0.08123400
  0.5863730       17054.0      0.08198100
  0.5864070       17053.0      0.08272000
  0.5864410       17052.0      0.08345200
  0.5864760       17051.0      0.08417800
  0.5865100       17050.0      0.08489900
  0.5865450       17049.0      0.08561500
  0.5865790       17048.0      0.08632800
  0.5866130       17047.0      0.08703900
  0.5866480       17046.0      0.08774800
  0.5866820       17045.0      0.08845500
  0.5867170       17044.0      0.08916300
  0.5867510       17043.0      0.08987100
  0.5867860       17042.0      0.09058000
  0.5868200       17041.0      0.09129200
  0.5868540       17040.0      0.09200700
  0.5868890       17039.0      0.09272600
  0.5869230       17038.0      0.09344900
  0.5869580       17037.0      0.09417800
  0.5869920       17036.0      0.09491400
  0.5870270       17035.0      0.09565300
  0.5870610       17034.0      0.09639100
  0.5870960       17033.0      0.09712700
  0.5871300       17032.0      0.09786200
  0.5871650       17031.0      0.09859500
  0.5871990       17030.0      0.09932800
  0.5872340       17029.0      0.10006000
  0.5872680       17028.0      0.10079300
  0.5873030       17027.0      0.10152600
  0.5873370       17026.0      0.10226000
  0.5873720       17025.0      0.10299500
  0.5874060       17024.0      0.10373100
  0.5874410       17023.0      0.10447000
  0.5874750       17022.0      0.10521000
  0.5875100       17021.0      0.10595400
  0.5875440       17020.0      0.10670000
  0.5875790       17019.0      0.10745000
  0.5876130       17018.0      0.10820400
  0.5876480       17017.0      0.10896200
  0.5876820       17016.0      0.10972500
  0.5877170       17015.0      0.11049200
  0.5877510       17014.0      0.11126500
  0.5877860       17013.0      0.11204300
  0.5878200       17012.0      0.11282800
  0.5878550       17011.0      0.11361900
  0.5878890       17010.0      0.11441700
  0.5879240       17009.0      0.11522100
  0.5879590       17008.0      0.11603400
  0.5879930       17007.0      0.11685400
  0.5880280       17006.0      0.11773400
  0.5880620       17005.0      0.11863300
  0.5880970       17004.0      0.11953600
  0.5881320       17003.0      0.12044300
  0.5881660       17002.0      0.12135400
  0.5882010       17001.0      0.12226900
  0.5882350       17000.0      0.12318900
  0.5882700       16999.0      0.12411200
  0.5883050       16998.0      0.12504100
  0.5883390       16997.0      0.12597400
  0.5883740       16996.0      0.12691100
  0.5884080       16995.0      0.12785300
  0.5884430       16994.0      0.12880000
  0.5884780       16993.0      0.12975200
  0.5885120       16992.0      0.13070800
  0.5885470       16991.0      0.13167000
  0.5885820       16990.0      0.13263600
  0.5886160       16989.0      0.13360800
  0.5886510       16988.0      0.13458500
  0.5886850       16987.0      0.13556700
  0.5887200       16986.0      0.13655500
  0.5887550       16985.0      0.13754800
  0.5887890       16984.0      0.13854700
  0.5888240       16983.0      0.13955100
  0.5888590       16982.0      0.14056100
  0.5888930       16981.0      0.14157700
  0.5889280       16980.0      0.14259800
  0.5889630       16979.0      0.14362600
  0.5889980       16978.0      0.14465900
  0.5890320       16977.0      0.14570000
  0.5890670       16976.0      0.14675100
  0.5891020       16975.0      0.14781000
  0.5891360       16974.0      0.14887800
  0.5891710       16973.0      0.14995500
  0.5892060       16972.0      0.15103900
  0.5892400       16971.0      0.15213100
  0.5892750       16970.0      0.15323100
  0.5893100       16969.0      0.15433700
  0.5893450       16968.0      0.15545000
  0.5893790       16967.0      0.15657000
  0.5894140       16966.0      0.15769500
  0.5894490       16965.0      0.15882600
  0.5894840       16964.0      0.15996300
  0.5895180       16963.0      0.16110400
  0.5895530       16962.0      0.16225100
  0.5895880       16961.0      0.16340100
  0.5896230       16960.0      0.16455500
  0.5896570       16959.0      0.16571400
  0.5896920       16958.0      0.16687500
  0.5897270       16957.0      0.16804000
  0.5897620       16956.0      0.16920700
  0.5897970       16955.0      0.17037600
  0.5898310       16954.0      0.17154800
  0.5898660       16953.0      0.17272200
  0.5899010       16952.0      0.17390600
  0.5899360       16951.0      0.17510700
  0.5899710       16950.0      0.17632700
  0.5900050       16949.0      0.17757000
  0.5900400       16948.0      0.17882800
  0.5900750       16947.0      0.18009200
  0.5901100       16946.0      0.18136200
  0.5901450       16945.0      0.18263800
  0.5901790       16944.0      0.18392100
  0.5902140       16943.0      0.18521000
  0.5902490       16942.0      0.18650600
  0.5902840       16941.0      0.18780700
  0.5903190       16940.0      0.18911500
  0.5903540       16939.0      0.19042900
  0.5903880       16938.0      0.19174800
  0.5904230       16937.0      0.19307400
  0.5904580       16936.0      0.19440600
  0.5904930       16935.0      0.19574300
  0.5905280       16934.0      0.19708600
  0.5905630       16933.0      0.19843500
  0.5905980       16932.0      0.19979000
  0.5906330       16931.0      0.20115000
  0.5906670       16930.0      0.20251600
  0.5907020       16929.0      0.20388800
  0.5907370       16928.0      0.20526500
  0.5907720       16927.0      0.20664700
  0.5908070       16926.0      0.20803500
  0.5908420       16925.0      0.20942900
  0.5908770       16924.0      0.21082700
  0.5909120       16923.0      0.21223100
  0.5909470       16922.0      0.21364000
  0.5909820       16921.0      0.21505400
  0.5910170       16920.0      0.21647400
  0.5910510       16919.0      0.21790300
  0.5910860       16918.0      0.21934200
  0.5911210       16917.0      0.22079100
  0.5911560       16916.0      0.22224800
  0.5911910       16915.0      0.22371500
  0.5912260       16914.0      0.22518900
  0.5912610       16913.0      0.22667200
  0.5912960       16912.0      0.22816200
  0.5913310       16911.0      0.22965900
  0.5913660       16910.0      0.23116300
  0.5914010       16909.0      0.23267300
  0.5914360       16908.0      0.23418900
  0.5914710       16907.0      0.23571100
  0.5915060       16906.0      0.23723900
  0.5915410       16905.0      0.23877100
  0.5915760       16904.0      0.24030700
  0.5916110       16903.0      0.24184800
  0.5916460       16902.0      0.24339300
  0.5916810       16901.0      0.24494000
  0.5917160       16900.0      0.24649200
  0.5917510       16899.0      0.24804900
  0.5917860       16898.0      0.24961400
  0.5918210       16897.0      0.25118900
  0.5918560       16896.0      0.25277400
  0.5918910       16895.0      0.25437200
  0.5919260       16894.0      0.25598300
  0.5919610       16893.0      0.25760900
  0.5919960       16892.0      0.25925200
  0.5920310       16891.0      0.26090800
  0.5920660       16890.0      0.26257300
  0.5921010       16889.0      0.26424600
  0.5921360       16888.0      0.26592700
  0.5921710       16887.0      0.26761600
  0.5922070       16886.0      0.26931300
  0.5922420       16885.0      0.27101700
  0.5922770       16884.0      0.27272900
  0.5923120       16883.0      0.27444700
  0.5923470       16882.0      0.27617300
  0.5923820       16881.0      0.27790500
  0.5924170       16880.0      0.27964300
  0.5924520       16879.0      0.28138700
  0.5924870       16878.0      0.28313800
  0.5925220       16877.0      0.28489400
  0.5925570       16876.0      0.28665600
  0.5925930       16875.0      0.28842400
  0.5926280       16874.0      0.29019700
  0.5926630       16873.0      0.29197400
  0.5926980       16872.0      0.29375700
  0.5927330       16871.0      0.29554400
  0.5927680       16870.0      0.29733500
  0.5928030       16869.0      0.29913000
  0.5928390       16868.0      0.30093000
  0.5928740       16867.0      0.30273300
  0.5929090       16866.0      0.30454000
  0.5929440       16865.0      0.30635000
  0.5929790       16864.0      0.30816300
  0.5930140       16863.0      0.30998000
  0.5930490       16862.0      0.31180500
  0.5930850       16861.0      0.31364000
  0.5931200       16860.0      0.31548400
  0.5931550       16859.0      0.31733500
  0.5931900       16858.0      0.31919500
  0.5932250       16857.0      0.32106200
  0.5932610       16856.0      0.32293600
  0.5932960       16855.0      0.32481700
  0.5933310       16854.0      0.32670400
  0.5933660       16853.0      0.32859600
  0.5934010       16852.0      0.33049300
  0.5934370       16851.0      0.33239500
  0.5934720       16850.0      0.33430100
  0.5935070       16849.0      0.33621100
  0.5935420       16848.0      0.33812300
  0.5935770       16847.0      0.34003900
  0.5936130       16846.0      0.34195900
  0.5936480       16845.0      0.34388300
  0.5936830       16844.0      0.34581300
  0.5937180       16843.0      0.34774800
  0.5937540       16842.0      0.34968900
  0.5937890       16841.0      0.35163700
  0.5938240       16840.0      0.35359300
  0.5938590       16839.0      0.35555700
  0.5938950       16838.0      0.35752900
  0.5939300       16837.0      0.35951100
  0.5939650       16836.0      0.36150300
  0.5940010       16835.0      0.36350500
  0.5940360       16834.0      0.36551600
  0.5940710       16833.0      0.36753400
  0.5941060       16832.0      0.36955900
  0.5941420       16831.0      0.37159000
  0.5941770       16830.0      0.37362800
  0.5942120       16829.0      0.37567100
  0.5942480       16828.0      0.37772100
  0.5942830       16827.0      0.37977700
  0.5943180       16826.0      0.38183800
  0.5943540       16825.0      0.38390500
  0.5943890       16824.0      0.38597700
  0.5944240       16823.0      0.38805400
  0.5944600       16822.0      0.39013600
  0.5944950       16821.0      0.39222300
  0.5945300       16820.0      0.39431400
  0.5945660       16819.0      0.39640900
  0.5946010       16818.0      0.39850900
  0.5946360       16817.0      0.40061200
  0.5946720       16816.0      0.40271900
  0.5947070       16815.0      0.40483000
  0.5947420       16814.0      0.40694400
  0.5947780       16813.0      0.40906200
  0.5948130       16812.0      0.41118200
  0.5948490       16811.0      0.41330500
  0.5948840       16810.0      0.41543100
  0.5949190       16809.0      0.41755900
  0.5949550       16808.0      0.41968900
  0.5949900       16807.0      0.42182100
  0.5950260       16806.0      0.42395600
  0.5950610       16805.0      0.42609600
  0.5950960       16804.0      0.42824200
  0.5951320       16803.0      0.43039400
  0.5951670       16802.0      0.43255400
  0.5952030       16801.0      0.43472300
  0.5952380       16800.0      0.43690100
  0.5952740       16799.0      0.43908900
  0.5953090       16798.0      0.44128900
  0.5953440       16797.0      0.44350000
  0.5953800       16796.0      0.44572500
  0.5954150       16795.0      0.44796200
  0.5954510       16794.0      0.45021200
  0.5954860       16793.0      0.45247300
  0.5955220       16792.0      0.45474400
  0.5955570       16791.0      0.45702400
  0.5955930       16790.0      0.45931200
  0.5956280       16789.0      0.46160600
  0.5956640       16788.0      0.46390600
  0.5956990       16787.0      0.46621100
  0.5957350       16786.0      0.46851900
  0.5957700       16785.0      0.47082900
  0.5958060       16784.0      0.47314100
  0.5958410       16783.0      0.47545200
  0.5958770       16782.0      0.47776300
  0.5959120       16781.0      0.48007100
  0.5959480       16780.0      0.48237700
  0.5959830       16779.0      0.48467800
  0.5960190       16778.0      0.48697500
  0.5960540       16777.0      0.48928000
  0.5960900       16776.0      0.49159200
  0.5961250       16775.0      0.49391000
  0.5961610       16774.0      0.49623500
  0.5961960       16773.0      0.49856400
  0.5962320       16772.0      0.50089800
  0.5962670       16771.0      0.50323400
  0.5963030       16770.0      0.50557300
  0.5963380       16769.0      0.50791300
  0.5963740       16768.0      0.51025400
  0.5964100       16767.0      0.51259400
  0.5964450       16766.0      0.51493300
  0.5964810       16765.0      0.51727000
  0.5965160       16764.0      0.51960300
  0.5965520       16763.0      0.52193300
  0.5965880       16762.0      0.52425800
  0.5966230       16761.0      0.52657700
  0.5966590       16760.0      0.52889000
  0.5966940       16759.0      0.53119500
  0.5967300       16758.0      0.53349200
  0.5967660       16757.0      0.53577900
  0.5968010       16756.0      0.53805600
  0.5968370       16755.0      0.54032200
  0.5968720       16754.0      0.54257600
  0.5969080       16753.0      0.54481800
  0.5969440       16752.0      0.54704500
  0.5969790       16751.0      0.54925800
  0.5970150       16750.0      0.55144900
  0.5970510       16749.0      0.55356200
  0.5970860       16748.0      0.55562900
  0.5971220       16747.0      0.55768000
  0.5971580       16746.0      0.55971800
  0.5971930       16745.0      0.56174100
  0.5972290       16744.0      0.56375300
  0.5972650       16743.0      0.56575300
  0.5973000       16742.0      0.56774200
  0.5973360       16741.0      0.56972200
  0.5973720       16740.0      0.57169400
  0.5974070       16739.0      0.57365700
  0.5974430       16738.0      0.57561400
  0.5974790       16737.0      0.57756500
  0.5975140       16736.0      0.57951200
  0.5975500       16735.0      0.58145500
  0.5975860       16734.0      0.58339500
  0.5976210       16733.0      0.58533300
  0.5976570       16732.0      0.58727000
  0.5976930       16731.0      0.58920700
  0.5977290       16730.0      0.59114500
  0.5977640       16729.0      0.59308500
  0.5978000       16728.0      0.59502800
  0.5978360       16727.0      0.59697500
  0.5978720       16726.0      0.59892700
  0.5979070       16725.0      0.60088500
  0.5979430       16724.0      0.60284900
  0.5979790       16723.0      0.60482200
  0.5980150       16722.0      0.60680100
  0.5980500       16721.0      0.60877400
  0.5980860       16720.0      0.61073800
  0.5981220       16719.0      0.61269600
  0.5981580       16718.0      0.61464900
  0.5981930       16717.0      0.61659900
  0.5982290       16716.0      0.61854700
  0.5982650       16715.0      0.62049500
  0.5983010       16714.0      0.62244500
  0.5983370       16713.0      0.62439800
  0.5983720       16712.0      0.62635600
  0.5984080       16711.0      0.62832200
  0.5984440       16710.0      0.63029600
  0.5984800       16709.0      0.63228000
  0.5985160       16708.0      0.63427600
  0.5985520       16707.0      0.63628500
  0.5985870       16706.0      0.63831100
  0.5986230       16705.0      0.64035300
  0.5986590       16704.0      0.64241400
  0.5986950       16703.0      0.64449500
  0.5987310       16702.0      0.64659800
  0.5987670       16701.0      0.64873400
  0.5988020       16700.0      0.65090800
  0.5988380       16699.0      0.65311400
  0.5988740       16698.0      0.65534300
  0.5989100       16697.0      0.65759000
  0.5989460       16696.0      0.65984700
  0.5989820       16695.0      0.66210600
  0.5990180       16694.0      0.66436300
  0.5990530       16693.0      0.66663300
  0.5990890       16692.0      0.66891700
  0.5991250       16691.0      0.67121400
  0.5991610       16690.0      0.67352300
  0.5991970       16689.0      0.67584200
  0.5992330       16688.0      0.67816900
  0.5992690       16687.0      0.68050400
  0.5993050       16686.0      0.68284400
  0.5993410       16685.0      0.68518700
  0.5993770       16684.0      0.68753400
  0.5994130       16683.0      0.68988100
  0.5994490       16682.0      0.69222800
  0.5994840       16681.0      0.69457300
  0.5995200       16680.0      0.69691500
  0.5995560       16679.0      0.69925100
  0.5995920       16678.0      0.70158200
  0.5996280       16677.0      0.70390400
  0.5996640       16676.0      0.70621600
  0.5997000       16675.0      0.70851800
  0.5997360       16674.0      0.71080700
  0.5997720       16673.0      0.71308200
  0.5998080       16672.0      0.71534200
  0.5998440       16671.0      0.71758500
  0.5998800       16670.0      0.71980900
  0.5999160       16669.0      0.72200700
  0.5999520       16668.0      0.72417000
  0.5999880       16667.0      0.72630000
  0.6000240       16666.0      0.72840900
  0.6000600       16665.0      0.73052200
  0.6000960       16664.0      0.73263800
  0.6001320       16663.0      0.73475600
  0.6001680       16662.0      0.73687400
  0.6002040       16661.0      0.73899100
  0.6002400       16660.0      0.74110500
  0.6002760       16659.0      0.74321400
  0.6003120       16658.0      0.74531700
  0.6003480       16657.0      0.74741200
  0.6003840       16656.0      0.74949600
  0.6004200       16655.0      0.75156900
  0.6004560       16654.0      0.75362900
  0.6004920       16653.0      0.75567300
  0.6005280       16652.0      0.75770100
  0.6005650       16651.0      0.75971000
  0.6006010       16650.0      0.76169900
  0.6006370       16649.0      0.76366700
  0.6006730       16648.0      0.76561000
  0.6007090       16647.0      0.76752900
  0.6007450       16646.0      0.76942000
  0.6007810       16645.0      0.77128300
  0.6008170       16644.0      0.77311500
  0.6008530       16643.0      0.77491000
  0.6008890       16642.0      0.77665500
  0.6009250       16641.0      0.77834900
  0.6009620       16640.0      0.77999200
  0.6009980       16639.0      0.78158600
  0.6010340       16638.0      0.78315200
  0.6010700       16637.0      0.78471600
  0.6011060       16636.0      0.78627500
  0.6011420       16635.0      0.78782800
  0.6011780       16634.0      0.78937200
  0.6012140       16633.0      0.79090700
  0.6012510       16632.0      0.79243000
  0.6012870       16631.0      0.79393900
  0.6013230       16630.0      0.79543300
  0.6013590       16629.0      0.79690900
  0.6013950       16628.0      0.79836600
  0.6014310       16627.0      0.79980200
  0.6014680       16626.0      0.80121500
  0.6015040       16625.0      0.80260300
  0.6015400       16624.0      0.80396400
  0.6015760       16623.0      0.80529600
  0.6016120       16622.0      0.80659800
  0.6016490       16621.0      0.80786700
  0.6016850       16620.0      0.80910200
  0.6017210       16619.0      0.81030100
  0.6017570       16618.0      0.81146200
  0.6017930       16617.0      0.81258200
  0.6018300       16616.0      0.81365300
  0.6018660       16615.0      0.81467700
  0.6019020       16614.0      0.81565800
  0.6019380       16613.0      0.81659800
  0.6019740       16612.0      0.81750000
  0.6020110       16611.0      0.81836900
  0.6020470       16610.0      0.81922000
  0.6020830       16609.0      0.82005700
  0.6021190       16608.0      0.82088100
  0.6021560       16607.0      0.82169200
  0.6021920       16606.0      0.82248900
  0.6022280       16605.0      0.82327300
  0.6022650       16604.0      0.82404500
  0.6023010       16603.0      0.82480300
  0.6023370       16602.0      0.82554900
  0.6023730       16601.0      0.82628200
  0.6024100       16600.0      0.82700300
  0.6024460       16599.0      0.82771100
  0.6024820       16598.0      0.82840700
  0.6025190       16597.0      0.82909100
  0.6025550       16596.0      0.82976300
  0.6025910       16595.0      0.83042300
  0.6026270       16594.0      0.83107000
  0.6026640       16593.0      0.83170700
  0.6027000       16592.0      0.83233100
  0.6027360       16591.0      0.83294300
  0.6027730       16590.0      0.83354000
  0.6028090       16589.0      0.83412000
  0.6028450       16588.0      0.83468300
  0.6028820       16587.0      0.83522800
  0.6029180       16586.0      0.83575500
  0.6029540       16585.0      0.83626300
  0.6029910       16584.0      0.83675100
  0.6030270       16583.0      0.83722500
  0.6030640       16582.0      0.83769500
  0.6031000       16581.0      0.83816200
  0.6031360       16580.0      0.83862500
  0.6031730       16579.0      0.83908200
  0.6032090       16578.0      0.83953300
  0.6032450       16577.0      0.83997700
  0.6032820       16576.0      0.84041200
  0.6033180       16575.0      0.84083700
  0.6033550       16574.0      0.84125200
  0.6033910       16573.0      0.84165600
  0.6034270       16572.0      0.84204700
  0.6034640       16571.0      0.84242400
  0.6035000       16570.0      0.84278700
  0.6035370       16569.0      0.84313400
  0.6035730       16568.0      0.84346500
  0.6036100       16567.0      0.84377800
  0.6036460       16566.0      0.84407200
  0.6036820       16565.0      0.84434700
  0.6037190       16564.0      0.84460400
  0.6037550       16563.0      0.84484500
  0.6037920       16562.0      0.84507400
  0.6038280       16561.0      0.84529100
  0.6038650       16560.0      0.84550100
  0.6039010       16559.0      0.84570400
  0.6039380       16558.0      0.84590400
  0.6039740       16557.0      0.84610400
  0.6040110       16556.0      0.84630400
  0.6040470       16555.0      0.84650200
  0.6040840       16554.0      0.84669700
  0.6041200       16553.0      0.84688900
  0.6041570       16552.0      0.84707800
  0.6041930       16551.0      0.84726400
  0.6042300       16550.0      0.84744700
  0.6042660       16549.0      0.84762800
  0.6043030       16548.0      0.84780800
  0.6043390       16547.0      0.84798500
  0.6043760       16546.0      0.84816100
  0.6044120       16545.0      0.84833500
  0.6044490       16544.0      0.84850900
  0.6044850       16543.0      0.84868100
  0.6045220       16542.0      0.84885300
  0.6045580       16541.0      0.84902400
  0.6045950       16540.0      0.84919400
  0.6046310       16539.0      0.84936500
  0.6046680       16538.0      0.84953700
  0.6047050       16537.0      0.84970700
  0.6047410       16536.0      0.84987700
  0.6047780       16535.0      0.85004500
  0.6048140       16534.0      0.85021100
  0.6048510       16533.0      0.85037500
  0.6048870       16532.0      0.85053400
  0.6049240       16531.0      0.85069000
  0.6049610       16530.0      0.85084200
  0.6049970       16529.0      0.85098800
  0.6050340       16528.0      0.85113100
  0.6050700       16527.0      0.85127200
  0.6051070       16526.0      0.85141100
  0.6051440       16525.0      0.85154900
  0.6051800       16524.0      0.85168400
  0.6052170       16523.0      0.85181700
  0.6052540       16522.0      0.85194800
  0.6052900       16521.0      0.85207600
  0.6053270       16520.0      0.85220100
  0.6053640       16519.0      0.85232300
  0.6054000       16518.0      0.85244200
  0.6054370       16517.0      0.85255700
  0.6054730       16516.0      0.85266900
  0.6055100       16515.0      0.85277700
  0.6055470       16514.0      0.85288000
  0.6055830       16513.0      0.85297800
  0.6056200       16512.0      0.85307000
  0.6056570       16511.0      0.85315700
  0.6056940       16510.0      0.85324000
  0.6057300       16509.0      0.85332000
  0.6057670       16508.0      0.85339900
  0.6058040       16507.0      0.85347800
  0.6058400       16506.0      0.85355800
  0.6058770       16505.0      0.85364000
  0.6059140       16504.0      0.85372400
  0.6059500       16503.0      0.85381300
  0.6059870       16502.0      0.85390800
  0.6060240       16501.0      0.85400800
  0.6060610       16500.0      0.85411100
  0.6060970       16499.0      0.85421600
  0.6061340       16498.0      0.85432500
  0.6061710       16497.0      0.85443600
  0.6062080       16496.0      0.85455100
  0.6062440       16495.0      0.85466800
  0.6062810       16494.0      0.85478900
  0.6063180       16493.0      0.85491300
  0.6063550       16492.0      0.85504000
  0.6063910       16491.0      0.85517100
  0.6064280       16490.0      0.85530500
  0.6064650       16489.0      0.85544300
  0.6065020       16488.0      0.85558600
  0.6065380       16487.0      0.85573500
  0.6065750       16486.0      0.85589200
  0.6066120       16485.0      0.85605600
  0.6066490       16484.0      0.85622600
  0.6066860       16483.0      0.85640100
  0.6067220       16482.0      0.85657900
  0.6067590       16481.0      0.85676200
  0.6067960       16480.0      0.85694700
  0.6068330       16479.0      0.85713300
  0.6068700       16478.0      0.85732100
  0.6069070       16477.0      0.85750900
  0.6069430       16476.0      0.85769600
  0.6069800       16475.0      0.85788200
  0.6070170       16474.0      0.85806700
  0.6070540       16473.0      0.85825400
  0.6070910       16472.0      0.85844500
  0.6071280       16471.0      0.85863900
  0.6071650       16470.0      0.85883400
  0.6072010       16469.0      0.85903000
  0.6072380       16468.0      0.85922600
  0.6072750       16467.0      0.85942100
  0.6073120       16466.0      0.85961500
  0.6073490       16465.0      0.85980600
  0.6073860       16464.0      0.85999300
  0.6074230       16463.0      0.86017700
  0.6074600       16462.0      0.86035600
  0.6074970       16461.0      0.86053400
  0.6075330       16460.0      0.86070900
  0.6075700       16459.0      0.86088200
  0.6076070       16458.0      0.86105300
  0.6076440       16457.0      0.86122300
  0.6076810       16456.0      0.86139100
  0.6077180       16455.0      0.86155900
  0.6077550       16454.0      0.86172600
  0.6077920       16453.0      0.86189200
  0.6078290       16452.0      0.86205900
  0.6078660       16451.0      0.86222500
  0.6079030       16450.0      0.86239100
  0.6079400       16449.0      0.86255800
  0.6079770       16448.0      0.86272600
  0.6080140       16447.0      0.86289400
  0.6080510       16446.0      0.86306100
  0.6080880       16445.0      0.86322600
  0.6081250       16444.0      0.86339100
  0.6081620       16443.0      0.86355500
  0.6081990       16442.0      0.86372000
  0.6082360       16441.0      0.86388600
  0.6082730       16440.0      0.86405400
  0.6083100       16439.0      0.86422400
  0.6083470       16438.0      0.86439800
  0.6083840       16437.0      0.86457500
  0.6084210       16436.0      0.86475500
  0.6084580       16435.0      0.86493900
  0.6084950       16434.0      0.86512600
  0.6085320       16433.0      0.86531500
  0.6085690       16432.0      0.86550600
  0.6086060       16431.0      0.86569800
  0.6086430       16430.0      0.86589200
  0.6086800       16429.0      0.86608800
  0.6087170       16428.0      0.86628300
  0.6087540       16427.0      0.86647900
  0.6087910       16426.0      0.86667500
  0.6088280       16425.0      0.86687100
  0.6088650       16424.0      0.86706600
  0.6089020       16423.0      0.86726000
  0.6089390       16422.0      0.86745200
  0.6089760       16421.0      0.86764300
  0.6090130       16420.0      0.86783100
  0.6090500       16419.0      0.86802100
  0.6090880       16418.0      0.86821100
  0.6091250       16417.0      0.86840200
  0.6091620       16416.0      0.86859100
  0.6091990       16415.0      0.86877800
  0.6092360       16414.0      0.86896100
  0.6092730       16413.0      0.86914000
  0.6093100       16412.0      0.86931400
  0.6093470       16411.0      0.86948300
  0.6093850       16410.0      0.86964900
  0.6094220       16409.0      0.86981400
  0.6094590       16408.0      0.86997600
  0.6094960       16407.0      0.87013600
  0.6095330       16406.0      0.87029400
  0.6095700       16405.0      0.87045100
  0.6096070       16404.0      0.87060500
  0.6096450       16403.0      0.87075900
  0.6096820       16402.0      0.87091000
  0.6097190       16401.0      0.87106100
  0.6097560       16400.0      0.87121000
  0.6097930       16399.0      0.87135800
  0.6098300       16398.0      0.87150500
  0.6098680       16397.0      0.87165100
  0.6099050       16396.0      0.87179600
  0.6099420       16395.0      0.87194100
  0.6099790       16394.0      0.87208500
  0.6100160       16393.0      0.87222800
  0.6100540       16392.0      0.87237100
  0.6100910       16391.0      0.87251200
  0.6101280       16390.0      0.87265000
  0.6101650       16389.0      0.87278700
  0.6102030       16388.0      0.87292000
  0.6102400       16387.0      0.87305000
  0.6102770       16386.0      0.87317600
  0.6103140       16385.0      0.87329800
  0.6103520       16384.0      0.87341800
  0.6103890       16383.0      0.87353600
  0.6104260       16382.0      0.87365200
  0.6104630       16381.0      0.87376600
  0.6105010       16380.0      0.87387800
  0.6105380       16379.0      0.87398900
  0.6105750       16378.0      0.87409900
  0.6106120       16377.0      0.87420800
  0.6106500       16376.0      0.87431700
  0.6106870       16375.0      0.87442600
  0.6107240       16374.0      0.87453600
  0.6107620       16373.0      0.87464500
  0.6107990       16372.0      0.87475600
  0.6108360       16371.0      0.87486700
  0.6108740       16370.0      0.87498000
  0.6109110       16369.0      0.87509400
  0.6109480       16368.0      0.87521000
  0.6109860       16367.0      0.87532900
  0.6110230       16366.0      0.87545000
  0.6110600       16365.0      0.87557200
  0.6110980       16364.0      0.87569700
  0.6111350       16363.0      0.87582400
  0.6111720       16362.0      0.87595200
  0.6112100       16361.0      0.87608200
  0.6112470       16360.0      0.87621600
  0.6112840       16359.0      0.87635300
  0.6113220       16358.0      0.87649400
  0.6113590       16357.0      0.87663700
  0.6113960       16356.0      0.87678200
  0.6114340       16355.0      0.87692900
  0.6114710       16354.0      0.87707700
  0.6115090       16353.0      0.87722600
  0.6115460       16352.0      0.87737500
  0.6115830       16351.0      0.87752300
  0.6116210       16350.0      0.87767000
  0.6116580       16349.0      0.87781600
  0.6116960       16348.0      0.87796000
  0.6117330       16347.0      0.87810200
  0.6117700       16346.0      0.87824000
  0.6118080       16345.0      0.87837500
  0.6118450       16344.0      0.87850600
  0.6118830       16343.0      0.87863300
  0.6119200       16342.0      0.87875400
  0.6119580       16341.0      0.87887000
  0.6119950       16340.0      0.87898000
  0.6120330       16339.0      0.87908100
  0.6120700       16338.0      0.87917300
  0.6121070       16337.0      0.87926200
  0.6121450       16336.0      0.87935200
  0.6121820       16335.0      0.87944400
  0.6122200       16334.0      0.87953500
  0.6122570       16333.0      0.87962500
  0.6122950       16332.0      0.87971400
  0.6123320       16331.0      0.87980300
  0.6123700       16330.0      0.87989100
  0.6124070       16329.0      0.87997900
  0.6124450       16328.0      0.88006700
  0.6124820       16327.0      0.88015500
  0.6125200       16326.0      0.88024400
  0.6125570       16325.0      0.88033200
  0.6125950       16324.0      0.88042100
  0.6126320       16323.0      0.88051100
  0.6126700       16322.0      0.88060100
  0.6127080       16321.0      0.88069200
  0.6127450       16320.0      0.88078400
  0.6127830       16319.0      0.88087700
  0.6128200       16318.0      0.88097200
  0.6128580       16317.0      0.88106700
  0.6128950       16316.0      0.88116400
  0.6129330       16315.0      0.88126300
  0.6129700       16314.0      0.88136400
  0.6130080       16313.0      0.88146700
  0.6130460       16312.0      0.88158100
  0.6130830       16311.0      0.88168600
  0.6131210       16310.0      0.88177800
  0.6131580       16309.0      0.88186800
  0.6131960       16308.0      0.88195400
  0.6132340       16307.0      0.88203900
  0.6132710       16306.0      0.88212000
  0.6133090       16305.0      0.88220000
  0.6133460       16304.0      0.88227800
  0.6133840       16303.0      0.88235400
  0.6134220       16302.0      0.88242900
  0.6134590       16301.0      0.88250100
  0.6134970       16300.0      0.88257300
  0.6135350       16299.0      0.88264400
  0.6135720       16298.0      0.88271300
  0.6136100       16297.0      0.88278200
  0.6136480       16296.0      0.88285100
  0.6136850       16295.0      0.88291800
  0.6137230       16294.0      0.88298600
  0.6137610       16293.0      0.88305400
  0.6137980       16292.0      0.88312100
  0.6138360       16291.0      0.88318900
  0.6138740       16290.0      0.88325700
  0.6139110       16289.0      0.88332600
  0.6139490       16288.0      0.88339600
  0.6139870       16287.0      0.88346600
  0.6140240       16286.0      0.88353600
  0.6140620       16285.0      0.88360600
  0.6141000       16284.0      0.88367500
  0.6141370       16283.0      0.88374200
  0.6141750       16282.0      0.88380800
  0.6142130       16281.0      0.88387400
  0.6142510       16280.0      0.88393900
  0.6142880       16279.0      0.88400300
  0.6143260       16278.0      0.88406800
  0.6143640       16277.0      0.88413300
  0.6144020       16276.0      0.88419800
  0.6144390       16275.0      0.88426300
  0.6144770       16274.0      0.88432900
  0.6145150       16273.0      0.88439600
  0.6145530       16272.0      0.88446400
  0.6145900       16271.0      0.88453400
  0.6146280       16270.0      0.88460400
  0.6146660       16269.0      0.88467700
  0.6147040       16268.0      0.88475100
  0.6147420       16267.0      0.88482800
  0.6147790       16266.0      0.88490700
  0.6148170       16265.0      0.88498800
  0.6148550       16264.0      0.88507200
  0.6148930       16263.0      0.88515900
  0.6149310       16262.0      0.88524900
  0.6149680       16261.0      0.88534300
  0.6150060       16260.0      0.88546000
  0.6150440       16259.0      0.88558100
  0.6150820       16258.0      0.88570500
  0.6151200       16257.0      0.88583200
  0.6151570       16256.0      0.88596200
  0.6151950       16255.0      0.88609400
  0.6152330       16254.0      0.88622700
  0.6152710       16253.0      0.88636300
  0.6153090       16252.0      0.88650000
  0.6153470       16251.0      0.88663800
  0.6153850       16250.0      0.88677600
  0.6154220       16249.0      0.88691600
  0.6154600       16248.0      0.88705500
  0.6154980       16247.0      0.88719500
  0.6155360       16246.0      0.88733400
  0.6155740       16245.0      0.88747300
  0.6156120       16244.0      0.88761000
  0.6156500       16243.0      0.88774700
  0.6156880       16242.0      0.88788200
  0.6157260       16241.0      0.88801500
  0.6157640       16240.0      0.88814600
  0.6158010       16239.0      0.88827500
  0.6158390       16238.0      0.88840200
  0.6158770       16237.0      0.88852500
  0.6159150       16236.0      0.88864500
  0.6159530       16235.0      0.88875900
  0.6159910       16234.0      0.88887000
  0.6160290       16233.0      0.88898100
  0.6160670       16232.0      0.88908900
  0.6161050       16231.0      0.88919400
  0.6161430       16230.0      0.88929700
  0.6161810       16229.0      0.88939900
  0.6162190       16228.0      0.88949900
  0.6162570       16227.0      0.88959900
  0.6162950       16226.0      0.88969800
  0.6163330       16225.0      0.88979700
  0.6163710       16224.0      0.88989600
  0.6164090       16223.0      0.88999600
  0.6164470       16222.0      0.89009700
  0.6164850       16221.0      0.89019900
  0.6165230       16220.0      0.89030300
  0.6165610       16219.0      0.89041000
  0.6165990       16218.0      0.89051900
  0.6166370       16217.0      0.89063100
  0.6166750       16216.0      0.89074600
  0.6167130       16215.0      0.89086600
  0.6167510       16214.0      0.89098900
  0.6167890       16213.0      0.89111700
  0.6168270       16212.0      0.89125000
  0.6168650       16211.0      0.89139100
  0.6169030       16210.0      0.89154800
  0.6169410       16209.0      0.89171700
  0.6169790       16208.0      0.89189400
  0.6170170       16207.0      0.89207500
  0.6170550       16206.0      0.89226000
  0.6170930       16205.0      0.89245100
  0.6171320       16204.0      0.89264600
  0.6171700       16203.0      0.89284500
  0.6172080       16202.0      0.89304900
  0.6172460       16201.0      0.89325500
  0.6172840       16200.0      0.89346500
  0.6173220       16199.0      0.89367700
  0.6173600       16198.0      0.89389200
  0.6173980       16197.0      0.89410900
  0.6174360       16196.0      0.89432700
  0.6174750       16195.0      0.89454600
  0.6175130       16194.0      0.89476600
  0.6175510       16193.0      0.89498600
  0.6175890       16192.0      0.89520600
  0.6176270       16191.0      0.89542600
  0.6176650       16190.0      0.89564500
  0.6177030       16189.0      0.89586200
  0.6177420       16188.0      0.89607800
  0.6177800       16187.0      0.89629200
  0.6178180       16186.0      0.89650300
  0.6178560       16185.0      0.89671300
  0.6178940       16184.0      0.89692400
  0.6179320       16183.0      0.89713700
  0.6179710       16182.0      0.89735500
  0.6180090       16181.0      0.89758000
  0.6180470       16180.0      0.89781000
  0.6180850       16179.0      0.89804200
  0.6181230       16178.0      0.89827700
  0.6181620       16177.0      0.89851600
  0.6182000       16176.0      0.89875600
  0.6182380       16175.0      0.89899900
  0.6182760       16174.0      0.89924500
  0.6183140       16173.0      0.89949200
  0.6183530       16172.0      0.89974200
  0.6183910       16171.0      0.89999300
  0.6184290       16170.0      0.90024700
  0.6184670       16169.0      0.90050100
  0.6185060       16168.0      0.90075800
  0.6185440       16167.0      0.90101500
  0.6185820       16166.0      0.90127400
  0.6186200       16165.0      0.90153400
  0.6186590       16164.0      0.90179500
  0.6186970       16163.0      0.90205700
  0.6187350       16162.0      0.90231900
  0.6187740       16161.0      0.90258400
  0.6188120       16160.0      0.90285300
  0.6188500       16159.0      0.90312400
  0.6188880       16158.0      0.90339900
  0.6189270       16157.0      0.90367500
  0.6189650       16156.0      0.90395400
  0.6190030       16155.0      0.90423500
  0.6190420       16154.0      0.90451900
  0.6190800       16153.0      0.90480500
  0.6191180       16152.0      0.90509300
  0.6191570       16151.0      0.90538400
  0.6191950       16150.0      0.90567700
  0.6192330       16149.0      0.90597100
  0.6192720       16148.0      0.90626600
  0.6193100       16147.0      0.90656300
  0.6193480       16146.0      0.90686000
  0.6193870       16145.0      0.90715800
  0.6194250       16144.0      0.90745600
  0.6194640       16143.0      0.90775400
  0.6195020       16142.0      0.90805200
  0.6195400       16141.0      0.90834900
  0.6195790       16140.0      0.90864500
  0.6196170       16139.0      0.90894100
  0.6196550       16138.0      0.90923400
  0.6196940       16137.0      0.90952800
  0.6197320       16136.0      0.90982100
  0.6197710       16135.0      0.91011600
  0.6198090       16134.0      0.91040900
  0.6198480       16133.0      0.91070300
  0.6198860       16132.0      0.91099500
  0.6199240       16131.0      0.91128500
  0.6199630       16130.0      0.91157400
  0.6200010       16129.0      0.91185900
  0.6200400       16128.0      0.91214300
  0.6200780       16127.0      0.91242700
  0.6201170       16126.0      0.91271000
  0.6201550       16125.0      0.91299200
  0.6201940       16124.0      0.91327400
  0.6202320       16123.0      0.91355400
  0.6202700       16122.0      0.91383300
  0.6203090       16121.0      0.91411100
  0.6203470       16120.0      0.91438700
  0.6203860       16119.0      0.91466200
  0.6204240       16118.0      0.91493500
  0.6204630       16117.0      0.91520600
  0.6205010       16116.0      0.91547500
  0.6205400       16115.0      0.91574100
  0.6205780       16114.0      0.91600500
  0.6206170       16113.0      0.91626600
  0.6206550       16112.0      0.91652500
  0.6206940       16111.0      0.91678200
  0.6207320       16110.0      0.91703600
  0.6207710       16109.0      0.91728700
  0.6208100       16108.0      0.91753700
  0.6208480       16107.0      0.91778500
  0.6208870       16106.0      0.91803000
  0.6209250       16105.0      0.91827400
  0.6209640       16104.0      0.91851600
  0.6210020       16103.0      0.91875600
  0.6210410       16102.0      0.91899500
  0.6210790       16101.0      0.91923300
  0.6211180       16100.0      0.91947000
  0.6211570       16099.0      0.91970600
  0.6211950       16098.0      0.91994100
  0.6212340       16097.0      0.92017400
  0.6212720       16096.0      0.92040600
  0.6213110       16095.0      0.92063600
  0.6213500       16094.0      0.92086300
  0.6213880       16093.0      0.92108900
  0.6214270       16092.0      0.92131200
  0.6214650       16091.0      0.92153300
  0.6215040       16090.0      0.92175200
  0.6215430       16089.0      0.92196700
  0.6215810       16088.0      0.92218100
  0.6216200       16087.0      0.92239400
  0.6216590       16086.0      0.92260600
  0.6216970       16085.0      0.92281600
  0.6217360       16084.0      0.92302300
  0.6217750       16083.0      0.92322900
  0.6218130       16082.0      0.92343100
  0.6218520       16081.0      0.92363000
  0.6218910       16080.0      0.92382400
  0.6219290       16079.0      0.92401500
  0.6219680       16078.0      0.92420100
  0.6220070       16077.0      0.92438200
  0.6220450       16076.0      0.92455800
  0.6220840       16075.0      0.92473100
  0.6221230       16074.0      0.92490000
  0.6221610       16073.0      0.92506600
  0.6222000       16072.0      0.92522900
  0.6222390       16071.0      0.92538900
  0.6222780       16070.0      0.92554700
  0.6223160       16069.0      0.92570300
  0.6223550       16068.0      0.92585700
  0.6223940       16067.0      0.92600900
  0.6224320       16066.0      0.92616000
  0.6224710       16065.0      0.92630900
  0.6225100       16064.0      0.92645800
  0.6225490       16063.0      0.92660800
  0.6225870       16062.0      0.92675700
  0.6226260       16061.0      0.92690600
  0.6226650       16060.0      0.92705300
  0.6227040       16059.0      0.92719900
  0.6227430       16058.0      0.92734200
  0.6227810       16057.0      0.92748300
  0.6228200       16056.0      0.92762000
  0.6228590       16055.0      0.92775400
  0.6228980       16054.0      0.92788300
  0.6229370       16053.0      0.92800700
  0.6229750       16052.0      0.92812500
  0.6230140       16051.0      0.92823800
  0.6230530       16050.0      0.92834800
  0.6230920       16049.0      0.92845600
  0.6231310       16048.0      0.92856100
  0.6231690       16047.0      0.92866300
  0.6232080       16046.0      0.92876200
  0.6232470       16045.0      0.92885700
  0.6232860       16044.0      0.92894700
  0.6233250       16043.0      0.92903300
  0.6233640       16042.0      0.92911300
  0.6234030       16041.0      0.92918700
  0.6234410       16040.0      0.92925400
  0.6234800       16039.0      0.92931700
  0.6235190       16038.0      0.92937500
  0.6235580       16037.0      0.92943000
  0.6235970       16036.0      0.92948100
  0.6236360       16035.0      0.92953000
  0.6236750       16034.0      0.92957700
  0.6237140       16033.0      0.92962300
  0.6237520       16032.0      0.92966800
  0.6237910       16031.0      0.92971400
  0.6238300       16030.0      0.92976000
  0.6238690       16029.0      0.92980700
  0.6239080       16028.0      0.92985700
  0.6239470       16027.0      0.92990900
  0.6239860       16026.0      0.92996500
  0.6240250       16025.0      0.93002300
  0.6240640       16024.0      0.93008300
  0.6241030       16023.0      0.93014500
  0.6241420       16022.0      0.93020800
  0.6241810       16021.0      0.93027300
  0.6242200       16020.0      0.93034100
  0.6242590       16019.0      0.93041000
  0.6242980       16018.0      0.93048300
  0.6243370       16017.0      0.93055800
  0.6243760       16016.0      0.93063700
  0.6244150       16015.0      0.93072000
  0.6244540       16014.0      0.93080800
  0.6244930       16013.0      0.93090000
  0.6245320       16012.0      0.93099500
  0.6245710       16011.0      0.93109400
  0.6246100       16010.0      0.93119500
  0.6246490       16009.0      0.93129800
  0.6246880       16008.0      0.93140400
  0.6247270       16007.0      0.93151000
  0.6247660       16006.0      0.93161800
  0.6248050       16005.0      0.93172500
  0.6248440       16004.0      0.93183300
  0.6248830       16003.0      0.93194000
  0.6249220       16002.0      0.93204600
  0.6249610       16001.0      0.93215100
  0.6250000       16000.0      0.93225400
  0.6250390       15999.0      0.93236200
  0.6250780       15998.0      0.93248000
  0.6251170       15997.0      0.93260200
  0.6251560       15996.0      0.93272100
  0.6251950       15995.0      0.93283200
  0.6252340       15994.0      0.93292800
  0.6252740       15993.0      0.93300300
  0.6253130       15992.0      0.93305300
  0.6253520       15991.0      0.93309500
  0.6253910       15990.0      0.93313500
  0.6254300       15989.0      0.93317400
  0.6254690       15988.0      0.93321100
  0.6255080       15987.0      0.93324600
  0.6255470       15986.0      0.93327900
  0.6255860       15985.0      0.93331000
  0.6256260       15984.0      0.93333800
  0.6256650       15983.0      0.93336500
  0.6257040       15982.0      0.93338800
  0.6257430       15981.0      0.93341000
  0.6257820       15980.0      0.93342800
  0.6258210       15979.0      0.93344400
  0.6258610       15978.0      0.93345700
  0.6259000       15977.0      0.93346700
  0.6259390       15976.0      0.93347400
  0.6259780       15975.0      0.93347700
  0.6260170       15974.0      0.93347700
  0.6260560       15973.0      0.93347200
  0.6260960       15972.0      0.93346400
  0.6261350       15971.0      0.93345400
  0.6261740       15970.0      0.93344400
  0.6262130       15969.0      0.93343800
  0.6262530       15968.0      0.93343700
  0.6262920       15967.0      0.93343900
  0.6263310       15966.0      0.93344300
  0.6263700       15965.0      0.93344900
  0.6264090       15964.0      0.93345600
  0.6264490       15963.0      0.93346600
  0.6264880       15962.0      0.93347700
  0.6265270       15961.0      0.93349100
  0.6265660       15960.0      0.93350500
  0.6266060       15959.0      0.93352100
  0.6266450       15958.0      0.93353900
  0.6266840       15957.0      0.93355800
  0.6267230       15956.0      0.93357800
  0.6267630       15955.0      0.93359900
  0.6268020       15954.0      0.93362200
  0.6268410       15953.0      0.93364500
  0.6268810       15952.0      0.93366900
  0.6269200       15951.0      0.93369500
  0.6269590       15950.0      0.93372000
  0.6269990       15949.0      0.93374700
  0.6270380       15948.0      0.93378100
  0.6270770       15947.0      0.93382900
  0.6271170       15946.0      0.93388200
  0.6271560       15945.0      0.93393600
  0.6271950       15944.0      0.93398500
  0.6272350       15943.0      0.93403000
  0.6272740       15942.0      0.93407300
  0.6273130       15941.0      0.93411400
  0.6273530       15940.0      0.93415400
  0.6273920       15939.0      0.93419300
  0.6274310       15938.0      0.93423200
  0.6274710       15937.0      0.93427000
  0.6275100       15936.0      0.93430800
  0.6275490       15935.0      0.93434700
  0.6275890       15934.0      0.93438600
  0.6276280       15933.0      0.93442700
  0.6276680       15932.0      0.93446900
  0.6277070       15931.0      0.93451200
  0.6277460       15930.0      0.93455800
  0.6277860       15929.0      0.93460600
  0.6278250       15928.0      0.93465700
  0.6278650       15927.0      0.93471100
  0.6279040       15926.0      0.93476900
  0.6279430       15925.0      0.93483000
  0.6279830       15924.0      0.93489500
  0.6280220       15923.0      0.93496900
  0.6280620       15922.0      0.93506300
  0.6281010       15921.0      0.93517400
  0.6281410       15920.0      0.93529500
  0.6281800       15919.0      0.93542500
  0.6282200       15918.0      0.93556200
  0.6282590       15917.0      0.93570800
  0.6282990       15916.0      0.93586100
  0.6283380       15915.0      0.93602000
  0.6283780       15914.0      0.93618600
  0.6284170       15913.0      0.93635800
  0.6284570       15912.0      0.93653500
  0.6284960       15911.0      0.93671700
  0.6285360       15910.0      0.93690400
  0.6285750       15909.0      0.93709400
  0.6286150       15908.0      0.93728700
  0.6286540       15907.0      0.93748300
  0.6286940       15906.0      0.93768200
  0.6287330       15905.0      0.93788200
  0.6287730       15904.0      0.93808300
  0.6288120       15903.0      0.93828500
  0.6288520       15902.0      0.93848800
  0.6288910       15901.0      0.93869000
  0.6289310       15900.0      0.93889200
  0.6289700       15899.0      0.93909200
  0.6290100       15898.0      0.93929100
  0.6290500       15897.0      0.93950200
  0.6290890       15896.0      0.93971400
  0.6291290       15895.0      0.93992700
  0.6291680       15894.0      0.94014000
  0.6292080       15893.0      0.94035500
  0.6292470       15892.0      0.94057000
  0.6292870       15891.0      0.94078600
  0.6293270       15890.0      0.94100300
  0.6293660       15889.0      0.94122000
  0.6294060       15888.0      0.94143700
  0.6294450       15887.0      0.94165400
  0.6294850       15886.0      0.94187200
  0.6295250       15885.0      0.94208900
  0.6295640       15884.0      0.94230700
  0.6296040       15883.0      0.94252400
  0.6296440       15882.0      0.94274100
  0.6296830       15881.0      0.94295700
  0.6297230       15880.0      0.94317300
  0.6297630       15879.0      0.94338800
  0.6298020       15878.0      0.94360200
  0.6298420       15877.0      0.94381500
  0.6298820       15876.0      0.94402700
  0.6299210       15875.0      0.94423800
  0.6299610       15874.0      0.94444800
  0.6300010       15873.0      0.94465600
  0.6300400       15872.0      0.94486100
  0.6300800       15871.0      0.94506700
  0.6301200       15870.0      0.94527400
  0.6301590       15869.0      0.94548100
  0.6301990       15868.0      0.94568800
  0.6302390       15867.0      0.94589600
  0.6302790       15866.0      0.94610400
  0.6303180       15865.0      0.94631200
  0.6303580       15864.0      0.94652100
  0.6303980       15863.0      0.94672900
  0.6304380       15862.0      0.94693700
  0.6304770       15861.0      0.94714500
  0.6305170       15860.0      0.94735200
  0.6305570       15859.0      0.94755900
  0.6305970       15858.0      0.94776500
  0.6306360       15857.0      0.94797000
  0.6306760       15856.0      0.94817500
  0.6307160       15855.0      0.94837900
  0.6307560       15854.0      0.94858100
  0.6307950       15853.0      0.94878300
  0.6308350       15852.0      0.94898300
  0.6308750       15851.0      0.94918200
  0.6309150       15850.0      0.94937900
  0.6309550       15849.0      0.94957500
  0.6309940       15848.0      0.94976400
  0.6310340       15847.0      0.94994500
  0.6310740       15846.0      0.95012400
  0.6311140       15845.0      0.95030100
  0.6311540       15844.0      0.95047600
  0.6311940       15843.0      0.95065000
  0.6312330       15842.0      0.95082200
  0.6312730       15841.0      0.95099300
  0.6313130       15840.0      0.95116200
  0.6313530       15839.0      0.95133000
  0.6313930       15838.0      0.95149700
  0.6314330       15837.0      0.95166200
  0.6314730       15836.0      0.95182700
  0.6315120       15835.0      0.95199100
  0.6315520       15834.0      0.95215400
  0.6315920       15833.0      0.95231600
  0.6316320       15832.0      0.95247800
  0.6316720       15831.0      0.95263900
  0.6317120       15830.0      0.95280000
  0.6317520       15829.0      0.95296000
  0.6317920       15828.0      0.95312000
  0.6318320       15827.0      0.95328000
  0.6318720       15826.0      0.95344000
  0.6319120       15825.0      0.95359700
  0.6319510       15824.0      0.95375000
  0.6319910       15823.0      0.95390700
  0.6320310       15822.0      0.95407100
  0.6320710       15821.0      0.95424300
  0.6321110       15820.0      0.95442000
  0.6321510       15819.0      0.95460200
  0.6321910       15818.0      0.95478900
  0.6322310       15817.0      0.95497800
  0.6322710       15816.0      0.95517000
  0.6323110       15815.0      0.95536200
  0.6323510       15814.0      0.95555500
  0.6323910       15813.0      0.95574800
  0.6324310       15812.0      0.95593900
  0.6324710       15811.0      0.95612700
  0.6325110       15810.0      0.95631200
  0.6325510       15809.0      0.95649300
  0.6325910       15808.0      0.95666800
  0.6326310       15807.0      0.95683800
  0.6326710       15806.0      0.95700000
  0.6327110       15805.0      0.95715400
  0.6327510       15804.0      0.95730000
  0.6327910       15803.0      0.95743500
  0.6328310       15802.0      0.95756000
  0.6328710       15801.0      0.95767200
  0.6329110       15800.0      0.95777600
  0.6329510       15799.0      0.95787500
  0.6329920       15798.0      0.95797300
  0.6330320       15797.0      0.95807200
  0.6330720       15796.0      0.95816700
  0.6331120       15795.0      0.95826000
  0.6331520       15794.0      0.95835100
  0.6331920       15793.0      0.95844000
  0.6332320       15792.0      0.95852700
  0.6332720       15791.0      0.95861400
  0.6333120       15790.0      0.95870000
  0.6333520       15789.0      0.95878600
  0.6333920       15788.0      0.95887200
  0.6334330       15787.0      0.95895800
  0.6334730       15786.0      0.95904500
  0.6335130       15785.0      0.95913400
  0.6335530       15784.0      0.95922400
  0.6335930       15783.0      0.95931600
  0.6336330       15782.0      0.95941100
  0.6336730       15781.0      0.95950800
  0.6337140       15780.0      0.95960800
  0.6337540       15779.0      0.95971200
  0.6337940       15778.0      0.95982000
  0.6338340       15777.0      0.95993200
  0.6338740       15776.0      0.96004700
  0.6339140       15775.0      0.96016700
  0.6339550       15774.0      0.96029100
  0.6339950       15773.0      0.96042000
  0.6340350       15772.0      0.96055400
  0.6340750       15771.0      0.96069500
  0.6341150       15770.0      0.96084300
  0.6341560       15769.0      0.96099600
  0.6341960       15768.0      0.96115400
  0.6342360       15767.0      0.96131500
  0.6342760       15766.0      0.96147900
  0.6343170       15765.0      0.96164500
  0.6343570       15764.0      0.96181100
  0.6343970       15763.0      0.96197600
  0.6344370       15762.0      0.96214100
  0.6344780       15761.0      0.96230300
  0.6345180       15760.0      0.96246200
  0.6345580       15759.0      0.96261700
  0.6345980       15758.0      0.96276600
  0.6346390       15757.0      0.96291000
  0.6346790       15756.0      0.96304600
  0.6347190       15755.0      0.96317500
  0.6347590       15754.0      0.96329800
  0.6348000       15753.0      0.96341600
  0.6348400       15752.0      0.96353100
  0.6348800       15751.0      0.96364400
  0.6349210       15750.0      0.96375700
  0.6349610       15749.0      0.96386900
  0.6350010       15748.0      0.96398400
  0.6350420       15747.0      0.96409900
  0.6350820       15746.0      0.96421100
  0.6351220       15745.0      0.96432200
  0.6351630       15744.0      0.96443100
  0.6352030       15743.0      0.96454000
  0.6352430       15742.0      0.96464900
  0.6352840       15741.0      0.96475800
  0.6353240       15740.0      0.96486700
  0.6353640       15739.0      0.96497800
  0.6354050       15738.0      0.96509000
  0.6354450       15737.0      0.96520500
  0.6354860       15736.0      0.96532200
  0.6355260       15735.0      0.96544300
  0.6355660       15734.0      0.96556600
  0.6356070       15733.0      0.96569400
  0.6356470       15732.0      0.96582700
  0.6356870       15731.0      0.96596700
  0.6357280       15730.0      0.96611300
  0.6357680       15729.0      0.96626400
  0.6358090       15728.0      0.96641800
  0.6358490       15727.0      0.96657500
  0.6358900       15726.0      0.96673300
  0.6359300       15725.0      0.96689000
  0.6359700       15724.0      0.96704700
  0.6360110       15723.0      0.96720200
  0.6360510       15722.0      0.96736000
  0.6360920       15721.0      0.96752200
  0.6361320       15720.0      0.96768800
  0.6361730       15719.0      0.96785600
  0.6362130       15718.0      0.96802500
  0.6362540       15717.0      0.96819300
  0.6362940       15716.0      0.96836000
  0.6363350       15715.0      0.96852300
  0.6363750       15714.0      0.96868300
  0.6364160       15713.0      0.96883600
  0.6364560       15712.0      0.96898300
  0.6364970       15711.0      0.96912200
  0.6365370       15710.0      0.96925200
  0.6365780       15709.0      0.96937200
  0.6366180       15708.0      0.96948700
  0.6366590       15707.0      0.96959800
  0.6366990       15706.0      0.96970600
  0.6367400       15705.0      0.96981000
  0.6367800       15704.0      0.96991000
  0.6368210       15703.0      0.97000600
  0.6368620       15702.0      0.97009600
  0.6369020       15701.0      0.97018200
  0.6369430       15700.0      0.97026300
  0.6369830       15699.0      0.97033800
  0.6370240       15698.0      0.97040700
  0.6370640       15697.0      0.97047200
  0.6371050       15696.0      0.97053200
  0.6371460       15695.0      0.97058900
  0.6371860       15694.0      0.97064300
  0.6372270       15693.0      0.97069500
  0.6372670       15692.0      0.97074500
  0.6373080       15691.0      0.97079400
  0.6373490       15690.0      0.97084400
  0.6373890       15689.0      0.97089300
  0.6374300       15688.0      0.97094400
  0.6374710       15687.0      0.97099600
  0.6375110       15686.0      0.97105100
  0.6375520       15685.0      0.97111200
  0.6375920       15684.0      0.97117700
  0.6376330       15683.0      0.97124500
  0.6376740       15682.0      0.97131400
  0.6377140       15681.0      0.97138300
  0.6377550       15680.0      0.97145100
  0.6377960       15679.0      0.97151500
  0.6378360       15678.0      0.97157500
  0.6378770       15677.0      0.97162700
  0.6379180       15676.0      0.97167200
  0.6379590       15675.0      0.97170700
  0.6379990       15674.0      0.97173000
  0.6380400       15673.0      0.97174600
  0.6380810       15672.0      0.97176200
  0.6381210       15671.0      0.97177700
  0.6381620       15670.0      0.97179000
  0.6382030       15669.0      0.97180200
  0.6382440       15668.0      0.97181300
  0.6382840       15667.0      0.97182200
  0.6383250       15666.0      0.97182900
  0.6383660       15665.0      0.97183400
  0.6384070       15664.0      0.97183700
  0.6384470       15663.0      0.97183800
  0.6384880       15662.0      0.97183300
  0.6385290       15661.0      0.97182200
  0.6385700       15660.0      0.97180600
  0.6386100       15659.0      0.97178600
  0.6386510       15658.0      0.97176100
  0.6386920       15657.0      0.97173300
  0.6387330       15656.0      0.97170200
  0.6387740       15655.0      0.97166800
  0.6388140       15654.0      0.97163100
  0.6388550       15653.0      0.97159400
  0.6388960       15652.0      0.97155500
  0.6389370       15651.0      0.97151500
  0.6389780       15650.0      0.97147500
  0.6390180       15649.0      0.97143500
  0.6390590       15648.0      0.97139000
  0.6391000       15647.0      0.97134000
  0.6391410       15646.0      0.97128400
  0.6391820       15645.0      0.97122400
  0.6392230       15644.0      0.97115800
  0.6392640       15643.0      0.97108900
  0.6393040       15642.0      0.97101600
  0.6393450       15641.0      0.97093900
  0.6393860       15640.0      0.97085400
  0.6394270       15639.0      0.97075600
  0.6394680       15638.0      0.97064800
  0.6395090       15637.0      0.97053100
  0.6395500       15636.0      0.97040600
  0.6395910       15635.0      0.97027500
  0.6396320       15634.0      0.97013900
  0.6396720       15633.0      0.97000000
  0.6397130       15632.0      0.96986000
  0.6397540       15631.0      0.96972000
  0.6397950       15630.0      0.96958200
  0.6398360       15629.0      0.96944700
  0.6398770       15628.0      0.96931700
  0.6399180       15627.0      0.96919300
  0.6399590       15626.0      0.96907700
  0.6400000       15625.0      0.96897100
  0.6400410       15624.0      0.96887000
  0.6400820       15623.0      0.96877000
  0.6401230       15622.0      0.96867500
  0.6401640       15621.0      0.96858500
  0.6402050       15620.0      0.96850300
  0.6402460       15619.0      0.96843100
  0.6402870       15618.0      0.96836800
  0.6403280       15617.0      0.96830600
  0.6403690       15616.0      0.96824700
  0.6404100       15615.0      0.96818900
  0.6404510       15614.0      0.96813300
  0.6404920       15613.0      0.96807900
  0.6405330       15612.0      0.96802700
  0.6405740       15611.0      0.96797700
  0.6406150       15610.0      0.96792900
  0.6406560       15609.0      0.96788300
  0.6406970       15608.0      0.96783900
  0.6407380       15607.0      0.96779800
  0.6407790       15606.0      0.96775900
  0.6408200       15605.0      0.96772300
  0.6408610       15604.0      0.96768900
  0.6409020       15603.0      0.96765800
  0.6409430       15602.0      0.96763000
  0.6409850       15601.0      0.96760400
  0.6410260       15600.0      0.96758200
  0.6410670       15599.0      0.96756400
  0.6411080       15598.0      0.96754900
  0.6411490       15597.0      0.96753200
  0.6411900       15596.0      0.96751000
  0.6412310       15595.0      0.96748500
  0.6412720       15594.0      0.96745700
  0.6413130       15593.0      0.96742600
  0.6413550       15592.0      0.96739200
  0.6413960       15591.0      0.96735700
  0.6414370       15590.0      0.96732100
  0.6414780       15589.0      0.96728400
  0.6415190       15588.0      0.96724600
  0.6415600       15587.0      0.96720900
  0.6416010       15586.0      0.96717200
  0.6416430       15585.0      0.96713600
  0.6416840       15584.0      0.96710200
  0.6417250       15583.0      0.96707100
  0.6417660       15582.0      0.96704200
  0.6418070       15581.0      0.96701600
  0.6418490       15580.0      0.96699400
  0.6418900       15579.0      0.96697600
  0.6419310       15578.0      0.96696300
  0.6419720       15577.0      0.96695400
  0.6420130       15576.0      0.96695200
  0.6420550       15575.0      0.96695100
  0.6420960       15574.0      0.96695400
  0.6421370       15573.0      0.96697400
  0.6421780       15572.0      0.96701100
  0.6422200       15571.0      0.96706300
  0.6422610       15570.0      0.96712900
  0.6423020       15569.0      0.96720900
  0.6423430       15568.0      0.96730200
  0.6423850       15567.0      0.96740600
  0.6424260       15566.0      0.96752000
  0.6424670       15565.0      0.96764300
  0.6425080       15564.0      0.96777400
  0.6425500       15563.0      0.96791200
  0.6425910       15562.0      0.96805600
  0.6426320       15561.0      0.96820600
  0.6426740       15560.0      0.96835800
  0.6427150       15559.0      0.96851400
  0.6427560       15558.0      0.96867100
  0.6427970       15557.0      0.96882900
  0.6428390       15556.0      0.96898600
  0.6428800       15555.0      0.96914200
  0.6429210       15554.0      0.96929500
  0.6429630       15553.0      0.96944400
  0.6430040       15552.0      0.96960500
  0.6430450       15551.0      0.96979400
  0.6430870       15550.0      0.96999200
  0.6431280       15549.0      0.97019700
  0.6431700       15548.0      0.97041000
  0.6432110       15547.0      0.97063000
  0.6432520       15546.0      0.97085500
  0.6432940       15545.0      0.97108400
  0.6433350       15544.0      0.97131800
  0.6433760       15543.0      0.97155600
  0.6434180       15542.0      0.97179500
  0.6434590       15541.0      0.97203700
  0.6435010       15540.0      0.97228000
  0.6435420       15539.0      0.97252300
  0.6435830       15538.0      0.97276500
  0.6436250       15537.0      0.97300600
  0.6436660       15536.0      0.97324500
  0.6437080       15535.0      0.97348100
  0.6437490       15534.0      0.97371400
  0.6437910       15533.0      0.97394200
  0.6438320       15532.0      0.97416500
  0.6438740       15531.0      0.97438200
  0.6439150       15530.0      0.97459100
  0.6439560       15529.0      0.97479400
  0.6439980       15528.0      0.97499500
  0.6440390       15527.0      0.97519700
  0.6440810       15526.0      0.97539700
  0.6441220       15525.0      0.97559400
  0.6441640       15524.0      0.97578900
  0.6442050       15523.0      0.97598400
  0.6442470       15522.0      0.97617800
  0.6442880       15521.0      0.97637100
  0.6443300       15520.0      0.97656400
  0.6443710       15519.0      0.97675900
  0.6444130       15518.0      0.97695400
  0.6444540       15517.0      0.97715100
  0.6444960       15516.0      0.97735000
  0.6445380       15515.0      0.97755100
  0.6445790       15514.0      0.97775600
  0.6446210       15513.0      0.97796300
  0.6446620       15512.0      0.97817500
  0.6447040       15511.0      0.97839100
  0.6447450       15510.0      0.97861200
  0.6447870       15509.0      0.97883800
  0.6448280       15508.0      0.97907500
  0.6448700       15507.0      0.97932800
  0.6449120       15506.0      0.97958800
  0.6449530       15505.0      0.97984700
  0.6449950       15504.0      0.98009700
  0.6450360       15503.0      0.98033800
  0.6450780       15502.0      0.98058200
  0.6451200       15501.0      0.98082600
  0.6451610       15500.0      0.98107200
  0.6452030       15499.0      0.98131600
  0.6452450       15498.0      0.98156000
  0.6452860       15497.0      0.98180200
  0.6453280       15496.0      0.98204100
  0.6453690       15495.0      0.98227600
  0.6454110       15494.0      0.98250700
  0.6454530       15493.0      0.98273200
  0.6454940       15492.0      0.98295100
  0.6455360       15491.0      0.98316300
  0.6455780       15490.0      0.98336800
  0.6456190       15489.0      0.98356300
  0.6456610       15488.0      0.98375000
  0.6457030       15487.0      0.98392500
  0.6457450       15486.0      0.98409100
  0.6457860       15485.0      0.98424900
  0.6458280       15484.0      0.98440000
  0.6458700       15483.0      0.98454300
  0.6459110       15482.0      0.98468100
  0.6459530       15481.0      0.98481300
  0.6459950       15480.0      0.98494100
  0.6460370       15479.0      0.98506700
  0.6460780       15478.0      0.98519600
  0.6461200       15477.0      0.98532500
  0.6461620       15476.0      0.98545500
  0.6462040       15475.0      0.98558300
  0.6462450       15474.0      0.98570800
  0.6462870       15473.0      0.98583000
  0.6463290       15472.0      0.98594700
  0.6463710       15471.0      0.98605700
  0.6464120       15470.0      0.98615900
  0.6464540       15469.0      0.98625300
  0.6464960       15468.0      0.98633700
  0.6465380       15467.0      0.98641000
  0.6465800       15466.0      0.98647000
  0.6466210       15465.0      0.98651800
  0.6466630       15464.0      0.98656300
  0.6467050       15463.0      0.98660600
  0.6467470       15462.0      0.98664700
  0.6467890       15461.0      0.98668500
  0.6468310       15460.0      0.98671800
  0.6468720       15459.0      0.98674600
  0.6469140       15458.0      0.98676700
  0.6469560       15457.0      0.98678100
  0.6469980       15456.0      0.98678600
  0.6470400       15455.0      0.98678400
  0.6470820       15454.0      0.98678000
  0.6471240       15453.0      0.98677300
  0.6471650       15452.0      0.98676300
  0.6472070       15451.0      0.98675100
  0.6472490       15450.0      0.98673700
  0.6472910       15449.0      0.98672100
  0.6473330       15448.0      0.98670300
  0.6473750       15447.0      0.98668400
  0.6474170       15446.0      0.98666400
  0.6474590       15445.0      0.98664300
  0.6475010       15444.0      0.98662100
  0.6475430       15443.0      0.98659700
  0.6475850       15442.0      0.98656600
  0.6476260       15441.0      0.98652900
  0.6476680       15440.0      0.98648500
  0.6477100       15439.0      0.98643700
  0.6477520       15438.0      0.98638400
  0.6477940       15437.0      0.98632700
  0.6478360       15436.0      0.98626700
  0.6478780       15435.0      0.98620400
  0.6479200       15434.0      0.98613900
  0.6479620       15433.0      0.98607100
  0.6480040       15432.0      0.98600300
  0.6480460       15431.0      0.98593000
  0.6480880       15430.0      0.98584900
  0.6481300       15429.0      0.98576100
  0.6481720       15428.0      0.98566600
  0.6482140       15427.0      0.98556700
  0.6482560       15426.0      0.98546200
  0.6482980       15425.0      0.98535500
  0.6483400       15424.0      0.98524400
  0.6483820       15423.0      0.98513100
  0.6484240       15422.0      0.98501700
  0.6484660       15421.0      0.98489900
  0.6485080       15420.0      0.98477700
  0.6485500       15419.0      0.98465000
  0.6485930       15418.0      0.98451900
  0.6486350       15417.0      0.98438500
  0.6486770       15416.0      0.98424700
  0.6487190       15415.0      0.98410500
  0.6487610       15414.0      0.98396000
  0.6488030       15413.0      0.98381200
  0.6488450       15412.0      0.98366100
  0.6488870       15411.0      0.98350700
  0.6489290       15410.0      0.98335000
  0.6489710       15409.0      0.98319200
  0.6490130       15408.0      0.98303000
  0.6490560       15407.0      0.98286400
  0.6490980       15406.0      0.98269200
  0.6491400       15405.0      0.98251400
  0.6491820       15404.0      0.98233100
  0.6492240       15403.0      0.98214200
  0.6492660       15402.0      0.98194700
  0.6493080       15401.0      0.98174700
  0.6493510       15400.0      0.98154000
  0.6493930       15399.0      0.98132200
  0.6494350       15398.0      0.98109500
  0.6494770       15397.0      0.98086000
  0.6495190       15396.0      0.98061900
  0.6495620       15395.0      0.98037200
  0.6496040       15394.0      0.98012100
  0.6496460       15393.0      0.97986800
  0.6496880       15392.0      0.97961400
  0.6497300       15391.0      0.97935900
  0.6497730       15390.0      0.97910700
  0.6498150       15389.0      0.97885700
  0.6498570       15388.0      0.97861200
  0.6498990       15387.0      0.97837200
  0.6499420       15386.0      0.97814000
  0.6499840       15385.0      0.97791500
  0.6500260       15384.0      0.97769900
  0.6500680       15383.0      0.97748600
  0.6501110       15382.0      0.97727700
  0.6501530       15381.0      0.97707700
  0.6501950       15380.0      0.97688700
  0.6502370       15379.0      0.97671100
  0.6502800       15378.0      0.97654300
  0.6503220       15377.0      0.97638200
  0.6503640       15376.0      0.97622600
  0.6504070       15375.0      0.97607500
  0.6504490       15374.0      0.97592800
  0.6504910       15373.0      0.97578500
  0.6505330       15372.0      0.97564500
  0.6505760       15371.0      0.97550700
  0.6506180       15370.0      0.97537200
  0.6506600       15369.0      0.97523800
  0.6507030       15368.0      0.97510400
  0.6507450       15367.0      0.97497000
  0.6507870       15366.0      0.97483600
  0.6508300       15365.0      0.97470100
  0.6508720       15364.0      0.97456400
  0.6509150       15363.0      0.97442500
  0.6509570       15362.0      0.97428200
  0.6509990       15361.0      0.97413700
  0.6510420       15360.0      0.97398900
  0.6510840       15359.0      0.97384000
  0.6511260       15358.0      0.97368500
  0.6511690       15357.0      0.97352400
  0.6512110       15356.0      0.97335900
  0.6512540       15355.0      0.97319000
  0.6512960       15354.0      0.97301800
  0.6513390       15353.0      0.97284400
  0.6513810       15352.0      0.97266700
  0.6514230       15351.0      0.97248800
  0.6514660       15350.0      0.97230700
  0.6515080       15349.0      0.97212500
  0.6515510       15348.0      0.97194200
  0.6515930       15347.0      0.97175800
  0.6516360       15346.0      0.97157400
  0.6516780       15345.0      0.97139000
  0.6517210       15344.0      0.97120700
  0.6517630       15343.0      0.97102400
  0.6518060       15342.0      0.97084200
  0.6518480       15341.0      0.97066100
  0.6518900       15340.0      0.97048300
  0.6519330       15339.0      0.97030600
  0.6519750       15338.0      0.97013200
  0.6520180       15337.0      0.96996000
  0.6520610       15336.0      0.96979800
  0.6521030       15335.0      0.96963300
  0.6521460       15334.0      0.96946200
  0.6521880       15333.0      0.96928700
  0.6522310       15332.0      0.96910900
  0.6522730       15331.0      0.96892900
  0.6523160       15330.0      0.96874900
  0.6523580       15329.0      0.96857000
  0.6524010       15328.0      0.96839300
  0.6524430       15327.0      0.96821900
  0.6524860       15326.0      0.96804900
  0.6525290       15325.0      0.96788600
  0.6525710       15324.0      0.96772900
  0.6526140       15323.0      0.96758000
  0.6526560       15322.0      0.96744200
  0.6526990       15321.0      0.96731400
  0.6527420       15320.0      0.96719800
  0.6527840       15319.0      0.96709500
  0.6528270       15318.0      0.96700700
  0.6528690       15317.0      0.96693400
  0.6529120       15316.0      0.96687900
  0.6529550       15315.0      0.96684100
  0.6529970       15314.0      0.96681900
  0.6530400       15313.0      0.96681000
  0.6530830       15312.0      0.96680200
  0.6531250       15311.0      0.96679500
  0.6531680       15310.0      0.96678900
  0.6532110       15309.0      0.96678400
  0.6532530       15308.0      0.96678000
  0.6532960       15307.0      0.96677700
  0.6533390       15306.0      0.96677400
  0.6533810       15305.0      0.96677200
  0.6534240       15304.0      0.96676900
  0.6534670       15303.0      0.96676700
  0.6535090       15302.0      0.96676400
  0.6535520       15301.0      0.96676200
  0.6535950       15300.0      0.96675800
  0.6536370       15299.0      0.96675400
  0.6536800       15298.0      0.96675000
  0.6537230       15297.0      0.96674400
  0.6537660       15296.0      0.96673700
  0.6538080       15295.0      0.96672900
  0.6538510       15294.0      0.96672000
  0.6538940       15293.0      0.96670000
  0.6539370       15292.0      0.96667100
  0.6539790       15291.0      0.96663900
  0.6540220       15290.0      0.96660600
  0.6540650       15289.0      0.96656900
  0.6541080       15288.0      0.96652700
  0.6541510       15287.0      0.96648100
  0.6541930       15286.0      0.96643100
  0.6542360       15285.0      0.96637900
  0.6542790       15284.0      0.96632600
  0.6543220       15283.0      0.96627200
  0.6543650       15282.0      0.96621900
  0.6544070       15281.0      0.96616800
  0.6544500       15280.0      0.96611900
  0.6544930       15279.0      0.96607300
  0.6545360       15278.0      0.96603200
  0.6545790       15277.0      0.96599600
  0.6546220       15276.0      0.96596700
  0.6546640       15275.0      0.96594500
  0.6547070       15274.0      0.96593100
  0.6547500       15273.0      0.96592700
  0.6547930       15272.0      0.96594900
  0.6548360       15271.0      0.96600600
  0.6548790       15270.0      0.96608900
  0.6549220       15269.0      0.96618800
  0.6549650       15268.0      0.96629300
  0.6550080       15267.0      0.96639700
  0.6550500       15266.0      0.96651300
  0.6550930       15265.0      0.96664800
  0.6551360       15264.0      0.96679900
  0.6551790       15263.0      0.96696500
  0.6552220       15262.0      0.96714200
  0.6552650       15261.0      0.96733000
  0.6553080       15260.0      0.96752400
  0.6553510       15259.0      0.96772200
  0.6553940       15258.0      0.96792300
  0.6554370       15257.0      0.96812400
  0.6554800       15256.0      0.96832100
  0.6555230       15255.0      0.96851400
  0.6555660       15254.0      0.96869900
  0.6556090       15253.0      0.96887400
  0.6556520       15252.0      0.96903600
  0.6556950       15251.0      0.96918800
  0.6557380       15250.0      0.96933400
  0.6557810       15249.0      0.96947600
  0.6558240       15248.0      0.96961500
  0.6558670       15247.0      0.96975300
  0.6559100       15246.0      0.96989000
  0.6559530       15245.0      0.97002900
  0.6559960       15244.0      0.97016900
  0.6560390       15243.0      0.97031100
  0.6560820       15242.0      0.97044900
  0.6561250       15241.0      0.97058500
  0.6561680       15240.0      0.97072100
  0.6562110       15239.0      0.97085600
  0.6562540       15238.0      0.97099200
  0.6562970       15237.0      0.97112900
  0.6563400       15236.0      0.97126900
  0.6563830       15235.0      0.97141200
  0.6564260       15234.0      0.97156000
  0.6564700       15233.0      0.97171200
  0.6565130       15232.0      0.97187100
  0.6565560       15231.0      0.97203600
  0.6565990       15230.0      0.97221000
  0.6566420       15229.0      0.97239400
  0.6566850       15228.0      0.97258700
  0.6567280       15227.0      0.97278700
  0.6567710       15226.0      0.97299200
  0.6568140       15225.0      0.97320100
  0.6568580       15224.0      0.97341400
  0.6569010       15223.0      0.97362700
  0.6569440       15222.0      0.97384000
  0.6569870       15221.0      0.97405200
  0.6570300       15220.0      0.97426200
  0.6570730       15219.0      0.97447500
  0.6571170       15218.0      0.97469100
  0.6571600       15217.0      0.97490900
  0.6572030       15216.0      0.97512800
  0.6572460       15215.0      0.97534800
  0.6572890       15214.0      0.97556900
  0.6573330       15213.0      0.97578800
  0.6573760       15212.0      0.97600700
  0.6574190       15211.0      0.97622500
  0.6574620       15210.0      0.97643900
  0.6575050       15209.0      0.97665400
  0.6575490       15208.0      0.97687000
  0.6575920       15207.0      0.97708700
  0.6576350       15206.0      0.97730500
  0.6576780       15205.0      0.97752100
  0.6577220       15204.0      0.97773700
  0.6577650       15203.0      0.97795000
  0.6578080       15202.0      0.97816100
  0.6578510       15201.0      0.97837000
  0.6578950       15200.0      0.97857400
  0.6579380       15199.0      0.97877400
  0.6579810       15198.0      0.97896900
  0.6580250       15197.0      0.97915900
  0.6580680       15196.0      0.97934900
  0.6581110       15195.0      0.97953700
  0.6581550       15194.0      0.97972100
  0.6581980       15193.0      0.97990100
  0.6582410       15192.0      0.98007500
  0.6582850       15191.0      0.98024100
  0.6583280       15190.0      0.98039700
  0.6583710       15189.0      0.98054400
  0.6584150       15188.0      0.98068300
  0.6584580       15187.0      0.98081900
  0.6585010       15186.0      0.98095100
  0.6585450       15185.0      0.98108000
  0.6585880       15184.0      0.98120400
  0.6586310       15183.0      0.98132600
  0.6586750       15182.0      0.98144400
  0.6587180       15181.0      0.98155800
  0.6587620       15180.0      0.98167000
  0.6588050       15179.0      0.98177900
  0.6588480       15178.0      0.98188500
  0.6588920       15177.0      0.98198800
  0.6589350       15176.0      0.98208900
  0.6589790       15175.0      0.98218700
  0.6590220       15174.0      0.98228200
  0.6590650       15173.0      0.98236700
  0.6591090       15172.0      0.98244700
  0.6591520       15171.0      0.98252500
  0.6591960       15170.0      0.98260500
  0.6592390       15169.0      0.98269300
  0.6592830       15168.0      0.98279300
  0.6593260       15167.0      0.98290700
  0.6593700       15166.0      0.98303400
  0.6594130       15165.0      0.98317100
  0.6594570       15164.0      0.98331700
  0.6595000       15163.0      0.98347000
  0.6595440       15162.0      0.98362700
  0.6595870       15161.0      0.98378700
  0.6596310       15160.0      0.98394800
  0.6596740       15159.0      0.98410800
  0.6597180       15158.0      0.98426400
  0.6597610       15157.0      0.98441500
  0.6598050       15156.0      0.98455900
  0.6598480       15155.0      0.98469400
  0.6598920       15154.0      0.98481700
  0.6599350       15153.0      0.98492700
  0.6599790       15152.0      0.98502200
  0.6600220       15151.0      0.98510300
  0.6600660       15150.0      0.98518500
  0.6601100       15149.0      0.98525400
  0.6601530       15148.0      0.98529300
  0.6601970       15147.0      0.98529300
  0.6602400       15146.0      0.98528200
  0.6602840       15145.0      0.98526200
  0.6603280       15144.0      0.98523400
  0.6603710       15143.0      0.98519900
  0.6604150       15142.0      0.98515700
  0.6604580       15141.0      0.98511000
  0.6605020       15140.0      0.98505900
  0.6605460       15139.0      0.98500300
  0.6605890       15138.0      0.98494500
  0.6606330       15137.0      0.98488400
  0.6606770       15136.0      0.98482200
  0.6607200       15135.0      0.98476000
  0.6607640       15134.0      0.98469700
  0.6608080       15133.0      0.98463600
  0.6608510       15132.0      0.98457600
  0.6608950       15131.0      0.98452000
  0.6609390       15130.0      0.98446600
  0.6609820       15129.0      0.98441700
  0.6610260       15128.0      0.98436700
  0.6610700       15127.0      0.98433000
  0.6611130       15126.0      0.98433400
  0.6611570       15125.0      0.98434400
  0.6612010       15124.0      0.98436200
  0.6612440       15123.0      0.98438500
  0.6612880       15122.0      0.98441400
  0.6613320       15121.0      0.98444900
  0.6613760       15120.0      0.98449000
  0.6614190       15119.0      0.98453500
  0.6614630       15118.0      0.98458500
  0.6615070       15117.0      0.98464000
  0.6615510       15116.0      0.98469800
  0.6615940       15115.0      0.98476000
  0.6616380       15114.0      0.98482500
  0.6616820       15113.0      0.98489400
  0.6617260       15112.0      0.98496500
  0.6617700       15111.0      0.98503800
  0.6618130       15110.0      0.98511400
  0.6618570       15109.0      0.98519100
  0.6619010       15108.0      0.98527000
  0.6619450       15107.0      0.98535000
  0.6619890       15106.0      0.98543900
  0.6620320       15105.0      0.98556700
  0.6620760       15104.0      0.98570000
  0.6621200       15103.0      0.98583800
  0.6621640       15102.0      0.98598200
  0.6622080       15101.0      0.98613000
  0.6622520       15100.0      0.98628300
  0.6622960       15099.0      0.98643900
  0.6623390       15098.0      0.98659900
  0.6623830       15097.0      0.98676200
  0.6624270       15096.0      0.98692800
  0.6624710       15095.0      0.98709700
  0.6625150       15094.0      0.98726800
  0.6625590       15093.0      0.98744000
  0.6626030       15092.0      0.98761400
  0.6626470       15091.0      0.98778800
  0.6626910       15090.0      0.98796400
  0.6627340       15089.0      0.98813900
  0.6627780       15088.0      0.98831500
  0.6628220       15087.0      0.98849000
  0.6628660       15086.0      0.98866400
  0.6629100       15085.0      0.98884300
  0.6629540       15084.0      0.98902900
  0.6629980       15083.0      0.98920700
  0.6630420       15082.0      0.98937400
  0.6630860       15081.0      0.98953600
  0.6631300       15080.0      0.98969400
  0.6631740       15079.0      0.98984900
  0.6632180       15078.0      0.99000100
  0.6632620       15077.0      0.99015100
  0.6633060       15076.0      0.99029900
  0.6633500       15075.0      0.99044500
  0.6633940       15074.0      0.99059100
  0.6634380       15073.0      0.99073600
  0.6634820       15072.0      0.99088200
  0.6635260       15071.0      0.99102800
  0.6635700       15070.0      0.99117600
  0.6636140       15069.0      0.99132600
  0.6636580       15068.0      0.99147800
  0.6637020       15067.0      0.99163300
  0.6637460       15066.0      0.99179200
  0.6637900       15065.0      0.99195400
  0.6638340       15064.0      0.99212000
  0.6638780       15063.0      0.99228900
  0.6639220       15062.0      0.99246100
  0.6639670       15061.0      0.99263700
  0.6640110       15060.0      0.99281700
  0.6640550       15059.0      0.99300300
  0.6640990       15058.0      0.99319700
  0.6641430       15057.0      0.99339700
  0.6641870       15056.0      0.99360100
  0.6642310       15055.0      0.99380800
  0.6642750       15054.0      0.99401700
  0.6643190       15053.0      0.99422600
  0.6643640       15052.0      0.99443400
  0.6644080       15051.0      0.99464000
  0.6644520       15050.0      0.99484100
  0.6644960       15049.0      0.99503600
  0.6645400       15048.0      0.99522500
  0.6645840       15047.0      0.99540500
  0.6646280       15046.0      0.99557600
  0.6646730       15045.0      0.99573500
  0.6647170       15044.0      0.99588200
  0.6647610       15043.0      0.99602100
  0.6648050       15042.0      0.99615200
  0.6648490       15041.0      0.99627800
  0.6648940       15040.0      0.99640100
  0.6649380       15039.0      0.99652200
  0.6649820       15038.0      0.99664600
  0.6650260       15037.0      0.99677100
  0.6650700       15036.0      0.99689700
  0.6651150       15035.0      0.99702300
  0.6651590       15034.0      0.99714900
  0.6652030       15033.0      0.99727400
  0.6652470       15032.0      0.99739900
  0.6652920       15031.0      0.99752300
  0.6653360       15030.0      0.99764500
  0.6653800       15029.0      0.99776700
  0.6654250       15028.0      0.99788700
  0.6654690       15027.0      0.99800500
  0.6655130       15026.0      0.99812200
  0.6655570       15025.0      0.99823700
  0.6656020       15024.0      0.99835100
  0.6656460       15023.0      0.99846500
  0.6656900       15022.0      0.99858000
  0.6657350       15021.0      0.99869500
  0.6657790       15020.0      0.99880700
  0.6658230       15019.0      0.99891600
  0.6658680       15018.0      0.99902100
  0.6659120       15017.0      0.99912100
  0.6659560       15016.0      0.99921400
  0.6660010       15015.0      0.99929900
  0.6660450       15014.0      0.99938300
  0.6660890       15013.0      0.99947000
  0.6661340       15012.0      0.99955800
  0.6661780       15011.0      0.99964500
  0.6662230       15010.0      0.99972800
  0.6662670       15009.0      0.99980500
  0.6663110       15008.0      0.99987200
  0.6663560       15007.0      0.99992700
  0.6664000       15006.0      0.99996900
  0.6664450       15005.0      0.99999400
  0.6664890       15004.0      1.00000000
  0.6665330       15003.0      0.99999500
  0.6665780       15002.0      0.99998300
  0.6666220       15001.0      0.99996600
  0.6666670       15000.0      0.99994300
  0.6667110       14999.0      0.99991500
  0.6667560       14998.0      0.99988300
  0.6668000       14997.0      0.99984700
  0.6668440       14996.0      0.99980700
  0.6668890       14995.0      0.99976400
  0.6669330       14994.0      0.99971900
  0.6669780       14993.0      0.99967200
  0.6670220       14992.0      0.99962000
  0.6670670       14991.0      0.99954700
  0.6671110       14990.0      0.99945300
  0.6671560       14989.0      0.99934300
  0.6672000       14988.0      0.99922300
  0.6672450       14987.0      0.99909600
  0.6672890       14986.0      0.99896800
  0.6673340       14985.0      0.99884400
  0.6673790       14984.0      0.99872700
  0.6674230       14983.0      0.99861200
  0.6674680       14982.0      0.99848800
  0.6675120       14981.0      0.99835700
  0.6675570       14980.0      0.99822200
  0.6676010       14979.0      0.99808500
  0.6676460       14978.0      0.99794900
  0.6676900       14977.0      0.99781500
  0.6677350       14976.0      0.99768700
  0.6677800       14975.0      0.99756500
  0.6678240       14974.0      0.99745300
  0.6678690       14973.0      0.99735200
  0.6679130       14972.0      0.99726600
  0.6679580       14971.0      0.99719600
  0.6680030       14970.0      0.99714400
  0.6680470       14969.0      0.99710200
  0.6680920       14968.0      0.99706100
  0.6681370       14967.0      0.99702500
  0.6681810       14966.0      0.99699600
  0.6682260       14965.0      0.99697500
  0.6682710       14964.0      0.99696600
  0.6683150       14963.0      0.99696800
  0.6683600       14962.0      0.99697800
  0.6684050       14961.0      0.99699500
  0.6684490       14960.0      0.99701700
  0.6684940       14959.0      0.99704400
  0.6685390       14958.0      0.99707400
  0.6685830       14957.0      0.99710600
  0.6686280       14956.0      0.99714000
  0.6686730       14955.0      0.99717400
  0.6687170       14954.0      0.99720700
  0.6687620       14953.0      0.99723800
  0.6688070       14952.0      0.99726700
  0.6688520       14951.0      0.99729200
  0.6688960       14950.0      0.99731100
  0.6689410       14949.0      0.99732500
  0.6689860       14948.0      0.99733100
  0.6690310       14947.0      0.99732600
  0.6690750       14946.0      0.99730300
  0.6691200       14945.0      0.99726700
  0.6691650       14944.0      0.99722500
  0.6692100       14943.0      0.99718400
  0.6692540       14942.0      0.99713700
  0.6692990       14941.0      0.99708400
  0.6693440       14940.0      0.99702500
  0.6693890       14939.0      0.99696100
  0.6694340       14938.0      0.99689200
  0.6694780       14937.0      0.99681800
  0.6695230       14936.0      0.99674000
  0.6695680       14935.0      0.99665600
  0.6696130       14934.0      0.99656900
  0.6696580       14933.0      0.99647800
  0.6697030       14932.0      0.99638200
  0.6697480       14931.0      0.99628300
  0.6697920       14930.0      0.99618100
  0.6698370       14929.0      0.99607600
  0.6698820       14928.0      0.99596800
  0.6699270       14927.0      0.99585700
  0.6699720       14926.0      0.99574300
  0.6700170       14925.0      0.99562500
  0.6700620       14924.0      0.99547900
  0.6701070       14923.0      0.99529600
  0.6701510       14922.0      0.99508600
  0.6701960       14921.0      0.99485100
  0.6702410       14920.0      0.99459500
  0.6702860       14919.0      0.99431900
  0.6703310       14918.0      0.99402500
  0.6703760       14917.0      0.99371700
  0.6704210       14916.0      0.99339500
  0.6704660       14915.0      0.99306200
  0.6705110       14914.0      0.99272000
  0.6705560       14913.0      0.99237200
  0.6706010       14912.0      0.99202000
  0.6706460       14911.0      0.99166600
  0.6706910       14910.0      0.99131100
  0.6707360       14909.0      0.99095900
  0.6707810       14908.0      0.99061200
  0.6708260       14907.0      0.99027100
  0.6708710       14906.0      0.98994000
  0.6709160       14905.0      0.98961900
  0.6709610       14904.0      0.98931200
  0.6710060       14903.0      0.98902500
  0.6710510       14902.0      0.98875700
  0.6710960       14901.0      0.98848300
  0.6711410       14900.0      0.98820400
  0.6711860       14899.0      0.98792300
  0.6712310       14898.0      0.98764100
  0.6712760       14897.0      0.98735900
  0.6713210       14896.0      0.98708100
  0.6713660       14895.0      0.98680600
  0.6714110       14894.0      0.98653800
  0.6714560       14893.0      0.98627800
  0.6715010       14892.0      0.98602700
  0.6715470       14891.0      0.98578800
  0.6715920       14890.0      0.98556200
  0.6716370       14889.0      0.98535000
  0.6716820       14888.0      0.98515600
  0.6717270       14887.0      0.98498000
  0.6717720       14886.0      0.98482400
  0.6718170       14885.0      0.98469000
  0.6718620       14884.0      0.98457900
  0.6719080       14883.0      0.98448800
  0.6719530       14882.0      0.98440900
  0.6719980       14881.0      0.98437300
  0.6720430       14880.0      0.98437300
  0.6720880       14879.0      0.98437500
  0.6721330       14878.0      0.98437700
  0.6721790       14877.0      0.98438100
  0.6722240       14876.0      0.98438600
  0.6722690       14875.0      0.98439100
  0.6723140       14874.0      0.98439800
  0.6723590       14873.0      0.98440600
  0.6724050       14872.0      0.98441400
  0.6724500       14871.0      0.98442400
  0.6724950       14870.0      0.98443500
  0.6725400       14869.0      0.98444600
  0.6725850       14868.0      0.98445800
  0.6726310       14867.0      0.98447200
  0.6726760       14866.0      0.98448600
  0.6727210       14865.0      0.98450100
  0.6727660       14864.0      0.98451600
  0.6728120       14863.0      0.98453900
  0.6728570       14862.0      0.98458100
  0.6729020       14861.0      0.98463300
  0.6729480       14860.0      0.98468500
  0.6729930       14859.0      0.98472600
  0.6730380       14858.0      0.98475600
  0.6730830       14857.0      0.98478600
  0.6731290       14856.0      0.98481500
  0.6731740       14855.0      0.98484400
  0.6732190       14854.0      0.98487200
  0.6732650       14853.0      0.98489900
  0.6733100       14852.0      0.98492400
  0.6733550       14851.0      0.98494700
  0.6734010       14850.0      0.98496900
  0.6734460       14849.0      0.98498800
  0.6734910       14848.0      0.98500400
  0.6735370       14847.0      0.98501800
  0.6735820       14846.0      0.98502800
  0.6736270       14845.0      0.98503400
  0.6736730       14844.0      0.98503700
  0.6737180       14843.0      0.98500800
  0.6737640       14842.0      0.98491300
  0.6738090       14841.0      0.98476400
  0.6738540       14840.0      0.98457200
  0.6739000       14839.0      0.98434900
  0.6739450       14838.0      0.98410800
  0.6739910       14837.0      0.98386000
  0.6740360       14836.0      0.98359700
  0.6740820       14835.0      0.98328400
  0.6741270       14834.0      0.98292400
  0.6741720       14833.0      0.98251900
  0.6742180       14832.0      0.98207100
  0.6742630       14831.0      0.98158400
  0.6743090       14830.0      0.98106000
  0.6743540       14829.0      0.98050200
  0.6744000       14828.0      0.97991200
  0.6744450       14827.0      0.97929300
  0.6744910       14826.0      0.97864800
  0.6745360       14825.0      0.97798000
  0.6745820       14824.0      0.97729100
  0.6746270       14823.0      0.97653600
  0.6746730       14822.0      0.97569100
  0.6747180       14821.0      0.97476400
  0.6747640       14820.0      0.97376200
  0.6748090       14819.0      0.97269200
  0.6748550       14818.0      0.97156100
  0.6749000       14817.0      0.97037600
  0.6749460       14816.0      0.96914500
  0.6749920       14815.0      0.96787500
  0.6750370       14814.0      0.96656000
  0.6750830       14813.0      0.96517400
  0.6751280       14812.0      0.96371400
  0.6751740       14811.0      0.96217600
  0.6752190       14810.0      0.96055700
  0.6752650       14809.0      0.95885300
  0.6753110       14808.0      0.95706100
  0.6753560       14807.0      0.95517700
  0.6754020       14806.0      0.95319800
  0.6754470       14805.0      0.95111900
  0.6754930       14804.0      0.94892600
  0.6755390       14803.0      0.94651100
  0.6755840       14802.0      0.94387100
  0.6756300       14801.0      0.94103400
  0.6756760       14800.0      0.93802900
  0.6757210       14799.0      0.93488400
  0.6757670       14798.0      0.93162700
  0.6758130       14797.0      0.92828600
  0.6758580       14796.0      0.92489000
  0.6759040       14795.0      0.92146800
  0.6759500       14794.0      0.91804600
  0.6759950       14793.0      0.91465400
  0.6760410       14792.0      0.91122800
  0.6760870       14791.0      0.90766600
  0.6761330       14790.0      0.90400400
  0.6761780       14789.0      0.90027700
  0.6762240       14788.0      0.89652300
  0.6762700       14787.0      0.89277800
  0.6763150       14786.0      0.88907800
  0.6763610       14785.0      0.88546100
  0.6764070       14784.0      0.88193400
  0.6764530       14783.0      0.87843800
  0.6764980       14782.0      0.87496700
  0.6765440       14781.0      0.87152000
  0.6765900       14780.0      0.86809300
  0.6766360       14779.0      0.86468600
  0.6766820       14778.0      0.86129400
  0.6767270       14777.0      0.85791600
  0.6767730       14776.0      0.85455100
  0.6768190       14775.0      0.85119400
  0.6768650       14774.0      0.84784500
  0.6769110       14773.0      0.84450000
  0.6769560       14772.0      0.84115800
  0.6770020       14771.0      0.83781600
  0.6770480       14770.0      0.83447000
  0.6770940       14769.0      0.83111800
  0.6771400       14768.0      0.82776200
  0.6771860       14767.0      0.82440500
  0.6772310       14766.0      0.82104700
  0.6772770       14765.0      0.81769200
  0.6773230       14764.0      0.81434100
  0.6773690       14763.0      0.81099500
  0.6774150       14762.0      0.80765800
  0.6774610       14761.0      0.80433000
  0.6775070       14760.0      0.80101500
  0.6775530       14759.0      0.79771200
  0.6775990       14758.0      0.79442600
  0.6776450       14757.0      0.79115700
  0.6776900       14756.0      0.78790800
  0.6777360       14755.0      0.78468000
  0.6777820       14754.0      0.78147600
  0.6778280       14753.0      0.77829700
  0.6778740       14752.0      0.77514500
  0.6779200       14751.0      0.77202300
  0.6779660       14750.0      0.76893200
  0.6780120       14749.0      0.76597600
  0.6780580       14748.0      0.76312400
  0.6781040       14747.0      0.76029600
  0.6781500       14746.0      0.75749000
  0.6781960       14745.0      0.75470400
  0.6782420       14744.0      0.75193900
  0.6782880       14743.0      0.74919100
  0.6783340       14742.0      0.74646100
  0.6783800       14741.0      0.74374600
  0.6784260       14740.0      0.74104500
  0.6784720       14739.0      0.73835700
  0.6785180       14738.0      0.73568100
  0.6785640       14737.0      0.73301600
  0.6786100       14736.0      0.73035900
  0.6786560       14735.0      0.72771000
  0.6787020       14734.0      0.72506700
  0.6787480       14733.0      0.72243000
  0.6787940       14732.0      0.71979600
  0.6788410       14731.0      0.71716400
  0.6788870       14730.0      0.71453400
  0.6789330       14729.0      0.71190300
  0.6789790       14728.0      0.70927100
  0.6790250       14727.0      0.70663900
  0.6790710       14726.0      0.70403000
  0.6791170       14725.0      0.70144300
  0.6791630       14724.0      0.69887500
  0.6792090       14723.0      0.69632300
  0.6792560       14722.0      0.69378500
  0.6793020       14721.0      0.69125800
  0.6793480       14720.0      0.68873800
  0.6793940       14719.0      0.68622400
  0.6794400       14718.0      0.68371100
  0.6794860       14717.0      0.68119700
  0.6795320       14716.0      0.67867900
  0.6795790       14715.0      0.67615500
  0.6796250       14714.0      0.67362100
  0.6796710       14713.0      0.67107500
  0.6797170       14712.0      0.66851300
  0.6797630       14711.0      0.66593400
  0.6798100       14710.0      0.66333200
  0.6798560       14709.0      0.66070700
  0.6799020       14708.0      0.65805500
  0.6799480       14707.0      0.65537300
  0.6799950       14706.0      0.65265800
  0.6800410       14705.0      0.64991400
  0.6800870       14704.0      0.64715000
  0.6801330       14703.0      0.64436600
  0.6801800       14702.0      0.64156000
  0.6802260       14701.0      0.63873400
  0.6802720       14700.0      0.63588700
  0.6803180       14699.0      0.63301800
  0.6803650       14698.0      0.63012800
  0.6804110       14697.0      0.62721500
  0.6804570       14696.0      0.62428000
  0.6805040       14695.0      0.62132300
  0.6805500       14694.0      0.61834200
  0.6805960       14693.0      0.61533900
  0.6806430       14692.0      0.61231200
  0.6806890       14691.0      0.60926100
  0.6807350       14690.0      0.60618200
  0.6807820       14689.0      0.60305100
  0.6808280       14688.0      0.59987000
  0.6808740       14687.0      0.59664500
  0.6809210       14686.0      0.59338300
  0.6809670       14685.0      0.59008900
  0.6810130       14684.0      0.58677000
  0.6810600       14683.0      0.58343300
  0.6811060       14682.0      0.58007900
  0.6811530       14681.0      0.57670800
  0.6811990       14680.0      0.57332000
  0.6812450       14679.0      0.56991700
  0.6812920       14678.0      0.56649700
  0.6813380       14677.0      0.56306100
  0.6813850       14676.0      0.55961000
  0.6814310       14675.0      0.55614400
  0.6814770       14674.0      0.55266300
  0.6815240       14673.0      0.54916700
  0.6815700       14672.0      0.54565700
  0.6816170       14671.0      0.54213200
  0.6816630       14670.0      0.53859300
  0.6817100       14669.0      0.53504100
  0.6817560       14668.0      0.53147500
  0.6818030       14667.0      0.52789600
  0.6818490       14666.0      0.52430400
  0.6818960       14665.0      0.52069900
  0.6819420       14664.0      0.51708200
  0.6819890       14663.0      0.51345300
  0.6820350       14662.0      0.50980800
  0.6820820       14661.0      0.50613900
  0.6821280       14660.0      0.50244700
  0.6821750       14659.0      0.49873400
  0.6822210       14658.0      0.49500000
  0.6822680       14657.0      0.49124800
  0.6823140       14656.0      0.48748000
  0.6823610       14655.0      0.48369500
  0.6824080       14654.0      0.47989700
  0.6824540       14653.0      0.47608600
  0.6825010       14652.0      0.47226400
  0.6825470       14651.0      0.46843300
  0.6825940       14650.0      0.46459300
  0.6826400       14649.0      0.46074700
  0.6826870       14648.0      0.45689600
  0.6827340       14647.0      0.45304100
  0.6827800       14646.0      0.44918300
  0.6828270       14645.0      0.44532600
  0.6828740       14644.0      0.44146900
  0.6829200       14643.0      0.43761400
  0.6829670       14642.0      0.43376300
  0.6830130       14641.0      0.42990200
  0.6830600       14640.0      0.42588200
  0.6831070       14639.0      0.42180300
  0.6831530       14638.0      0.41767100
  0.6832000       14637.0      0.41349200
  0.6832470       14636.0      0.40927200
  0.6832930       14635.0      0.40501500
  0.6833400       14634.0      0.40072700
  0.6833870       14633.0      0.39641500
  0.6834340       14632.0      0.39208400
  0.6834800       14631.0      0.38773900
  0.6835270       14630.0      0.38338700
  0.6835740       14629.0      0.37903200
  0.6836200       14628.0      0.37468100
  0.6836670       14627.0      0.37033900
  0.6837140       14626.0      0.36601200
  0.6837610       14625.0      0.36170600
  0.6838070       14624.0      0.35742600
  0.6838540       14623.0      0.35317800
  0.6839010       14622.0      0.34896700
  0.6839480       14621.0      0.34480000
  0.6839950       14620.0      0.34068200
  0.6840410       14619.0      0.33659300
  0.6840880       14618.0      0.33249800
  0.6841350       14617.0      0.32840300
  0.6841820       14616.0      0.32431300
  0.6842290       14615.0      0.32023300
  0.6842750       14614.0      0.31616900
  0.6843220       14613.0      0.31212700
  0.6843690       14612.0      0.30811200
  0.6844160       14611.0      0.30413000
  0.6844630       14610.0      0.30018500
  0.6845100       14609.0      0.29628400
  0.6845560       14608.0      0.29243200
  0.6846030       14607.0      0.28863500
  0.6846500       14606.0      0.28489700
  0.6846970       14605.0      0.28122600
  0.6847440       14604.0      0.27762700
  0.6847910       14603.0      0.27411900
  0.6848380       14602.0      0.27069500
  0.6848850       14601.0      0.26734200
  0.6849320       14600.0      0.26404900
  0.6849780       14599.0      0.26080400
  0.6850250       14598.0      0.25759100
  0.6850720       14597.0      0.25438800
  0.6851190       14596.0      0.25119300
  0.6851660       14595.0      0.24800900
  0.6852130       14594.0      0.24483700
  0.6852600       14593.0      0.24167900
  0.6853070       14592.0      0.23853700
  0.6853540       14591.0      0.23541300
  0.6854010       14590.0      0.23230900
  0.6854480       14589.0      0.22922700
  0.6854950       14588.0      0.22616800
  0.6855420       14587.0      0.22313500
  0.6855890       14586.0      0.22012900
  0.6856360       14585.0      0.21715300
  0.6856830       14584.0      0.21420800
  0.6857300       14583.0      0.21129700
  0.6857770       14582.0      0.20842100
  0.6858240       14581.0      0.20558100
  0.6858710       14580.0      0.20278100
  0.6859180       14579.0      0.20002100
  0.6859650       14578.0      0.19730500
  0.6860120       14577.0      0.19463300
  0.6860590       14576.0      0.19200400
  0.6861060       14575.0      0.18941900
  0.6861530       14574.0      0.18687800
  0.6862010       14573.0      0.18438400
  0.6862480       14572.0      0.18193900
  0.6862950       14571.0      0.17954200
  0.6863420       14570.0      0.17719700
  0.6863890       14569.0      0.17490500
  0.6864360       14568.0      0.17266600
  0.6864830       14567.0      0.17048000
  0.6865300       14566.0      0.16833900
  0.6865770       14565.0      0.16624000
  0.6866250       14564.0      0.16418000
  0.6866720       14563.0      0.16215600
  0.6867190       14562.0      0.16016500
  0.6867660       14561.0      0.15820400
  0.6868130       14560.0      0.15627000
  0.6868600       14559.0      0.15436000
  0.6869080       14558.0      0.15247100
  0.6869550       14557.0      0.15060000
  0.6870020       14556.0      0.14874300
  0.6870490       14555.0      0.14691100
  0.6870960       14554.0      0.14510900
  0.6871440       14553.0      0.14333500
  0.6871910       14552.0      0.14158700
  0.6872380       14551.0      0.13986000
  0.6872850       14550.0      0.13815300
  0.6873320       14549.0      0.13646300
  0.6873800       14548.0      0.13478600
  0.6874270       14547.0      0.13312100
  0.6874740       14546.0      0.13146300
  0.6875210       14545.0      0.12981100
  0.6875690       14544.0      0.12816100
  0.6876160       14543.0      0.12651000
  0.6876630       14542.0      0.12485600
  0.6877110       14541.0      0.12319600
  0.6877580       14540.0      0.12152700
  0.6878050       14539.0      0.11984600
  0.6878530       14538.0      0.11815000
  0.6879000       14537.0      0.11643700
  0.6879470       14536.0      0.11470300
  0.6879940       14535.0      0.11294600
  0.6880420       14534.0      0.11116600
  0.6880890       14533.0      0.10936200
  0.6881370       14532.0      0.10752900
  0.6881840       14531.0      0.10565800
  0.6882310       14530.0      0.10374300
  0.6882790       14529.0      0.10179000
  0.6883260       14528.0      0.09980400
  0.6883730       14527.0      0.09779200
  0.6884210       14526.0      0.09576000
  0.6884680       14525.0      0.09371300
  0.6885160       14524.0      0.09165900
  0.6885630       14523.0      0.08960300
  0.6886100       14522.0      0.08755100
  0.6886580       14521.0      0.08551000
  0.6887050       14520.0      0.08348500
  0.6887530       14519.0      0.08148400
  0.6888000       14518.0      0.07951100
  0.6888480       14517.0      0.07757400
  0.6888950       14516.0      0.07567900
  0.6889420       14515.0      0.07383100
  0.6889900       14514.0      0.07203700
  0.6890370       14513.0      0.07029800
  0.6890850       14512.0      0.06861400
  0.6891320       14511.0      0.06700600
  0.6891800       14510.0      0.06549300
  0.6892270       14509.0      0.06403800
  0.6892750       14508.0      0.06260400
  0.6893220       14507.0      0.06119200
  0.6893700       14506.0      0.05980300
  0.6894170       14505.0      0.05843600
  0.6894650       14504.0      0.05709200
  0.6895130       14503.0      0.05577000
  0.6895600       14502.0      0.05447200
  0.6896080       14501.0      0.05319700
  0.6896550       14500.0      0.05194600
  0.6897030       14499.0      0.05071800
  0.6897500       14498.0      0.04951400
  0.6897980       14497.0      0.04833500
  0.6898450       14496.0      0.04718000
  0.6898930       14495.0      0.04605000
  0.6899410       14494.0      0.04494400
  0.6899880       14493.0      0.04386400
  0.6900360       14492.0      0.04282100
  0.6900840       14491.0      0.04184600
  0.6901310       14490.0      0.04093900
  0.6901790       14489.0      0.04007600
  0.6902260       14488.0      0.03922800
  0.6902740       14487.0      0.03839200
  0.6903220       14486.0      0.03757000
  0.6903690       14485.0      0.03676200
  0.6904170       14484.0      0.03596600
  0.6904650       14483.0      0.03518500
  0.6905120       14482.0      0.03441600
  0.6905600       14481.0      0.03366100
  0.6906080       14480.0      0.03292000
  0.6906550       14479.0      0.03219100
  0.6907030       14478.0      0.03147700
  0.6907510       14477.0      0.03077600
  0.6907990       14476.0      0.03008800
  0.6908460       14475.0      0.02941300
  0.6908940       14474.0      0.02875300
  0.6909420       14473.0      0.02810500
  0.6909890       14472.0      0.02747100
  0.6910370       14471.0      0.02686400
  0.6910850       14470.0      0.02630900
  0.6911330       14469.0      0.02579000
  0.6911810       14468.0      0.02527900
  0.6912280       14467.0      0.02477500
  0.6912760       14466.0      0.02427800
  0.6913240       14465.0      0.02378800
  0.6913720       14464.0      0.02330500
  0.6914190       14463.0      0.02283000
  0.6914670       14462.0      0.02236100
  0.6915150       14461.0      0.02190000
  0.6915630       14460.0      0.02144600
  0.6916110       14459.0      0.02099900
  0.6916590       14458.0      0.02056000
  0.6917060       14457.0      0.02012800
  0.6917540       14456.0      0.01970200
  0.6918020       14455.0      0.01928500
  0.6918500       14454.0      0.01887400
  0.6918980       14453.0      0.01847000
  0.6919460       14452.0      0.01807400
  0.6919940       14451.0      0.01768500
  0.6920420       14450.0      0.01732000
  0.6920890       14449.0      0.01699100
  0.6921370       14448.0      0.01666700
  0.6921850       14447.0      0.01634700
  0.6922330       14446.0      0.01603000
  0.6922810       14445.0      0.01571800
  0.6923290       14444.0      0.01540900
  0.6923770       14443.0      0.01510400
  0.6924250       14442.0      0.01480400
  0.6924730       14441.0      0.01450700
  0.6925210       14440.0      0.01421400
  0.6925690       14439.0      0.01392600
  0.6926170       14438.0      0.01364200
  0.6926650       14437.0      0.01336200
  0.6927130       14436.0      0.01308700
  0.6927610       14435.0      0.01281600
  0.6928090       14434.0      0.01254900
  0.6928570       14433.0      0.01228700
  0.6929050       14432.0      0.01203000
  0.6929530       14431.0      0.01177700
  0.6930010       14430.0      0.01152900
  0.6930490       14429.0      0.01131300
  0.6930970       14428.0      0.01110300
  0.6931450       14427.0      0.01089500
  0.6931930       14426.0      0.01069000
  0.6932410       14425.0      0.01048600
  0.6932890       14424.0      0.01028500
  0.6933370       14423.0      0.01008600
  0.6933850       14422.0      0.00989000
  0.6934330       14421.0      0.00969600
  0.6934810       14420.0      0.00950500
  0.6935290       14419.0      0.00931600
  0.6935770       14418.0      0.00913100
  0.6936260       14417.0      0.00894800
  0.6936740       14416.0      0.00876900
  0.6937220       14415.0      0.00859200
  0.6937700       14414.0      0.00841900
  0.6938180       14413.0      0.00824900
  0.6938660       14412.0      0.00808300
  0.6939140       14411.0      0.00792000
  0.6939630       14410.0      0.00776100
  0.6940110       14409.0      0.00761100
  0.6940590       14408.0      0.00748000
  0.6941070       14407.0      0.00735200
  0.6941550       14406.0      0.00722500
  0.6942030       14405.0      0.00709900
  0.6942520       14404.0      0.00697600
  0.6943000       14403.0      0.00685400
  0.6943480       14402.0      0.00673300
  0.6943960       14401.0      0.00661400
  0.6944440       14400.0      0.00649700
  0.6944930       14399.0      0.00638200
  0.6945410       14398.0      0.00626700
  0.6945890       14397.0      0.00615500
  0.6946370       14396.0      0.00604400
  0.6946860       14395.0      0.00593400
  0.6947340       14394.0      0.00582600
  0.6947820       14393.0      0.00571900
  0.6948300       14392.0      0.00561400
  0.6948790       14391.0      0.00551000
  0.6949270       14390.0      0.00540700
  0.6949750       14389.0      0.00530500
  0.6950240       14388.0      0.00521200
  0.6950720       14387.0      0.00512400
  0.6951200       14386.0      0.00503600
  0.6951690       14385.0      0.00495000
  0.6952170       14384.0      0.00486300
  0.6952650       14383.0      0.00477800
  0.6953140       14382.0      0.00469400
  0.6953620       14381.0      0.00461000
  0.6954100       14380.0      0.00452700
  0.6954590       14379.0      0.00444600
  0.6955070       14378.0      0.00436500
  0.6955550       14377.0      0.00428500
  0.6956040       14376.0      0.00420700
  0.6956520       14375.0      0.00412900
  0.6957010       14374.0      0.00405300
  0.6957490       14373.0      0.00397800
  0.6957970       14372.0      0.00390400
  0.6958460       14371.0      0.00383200
  0.6958940       14370.0      0.00376100
  0.6959430       14369.0      0.00369100
  0.6959910       14368.0      0.00362400
  0.6960400       14367.0      0.00356600
  0.6960880       14366.0      0.00350800
  0.6961360       14365.0      0.00345100
  0.6961850       14364.0      0.00339400
  0.6962330       14363.0      0.00333900
  0.6962820       14362.0      0.00328400
  0.6963300       14361.0      0.00322900
  0.6963790       14360.0      0.00317600
  0.6964270       14359.0      0.00312300
  0.6964760       14358.0      0.00307000
  0.6965240       14357.0      0.00301800
  0.6965730       14356.0      0.00296700
  0.6966210       14355.0      0.00291700
  0.6966700       14354.0      0.00286700
  0.6967180       14353.0      0.00281800
  0.6967670       14352.0      0.00276900
  0.6968160       14351.0      0.00272100
  0.6968640       14350.0      0.00267300
  0.6969130       14349.0      0.00262700
  0.6969610       14348.0      0.00258000
  0.6970100       14347.0      0.00253700
  0.6970580       14346.0      0.00249700
  0.6971070       14345.0      0.00245600
  0.6971560       14344.0      0.00241600
  0.6972040       14343.0      0.00237600
  0.6972530       14342.0      0.00233700
  0.6973010       14341.0      0.00229800
  0.6973500       14340.0      0.00225900
  0.6973990       14339.0      0.00222100
  0.6974470       14338.0      0.00218300
  0.6974960       14337.0      0.00214600
  0.6975450       14336.0      0.00210900
  0.6975930       14335.0      0.00207300
  0.6976420       14334.0      0.00203700
  0.6976910       14333.0      0.00200200
  0.6977390       14332.0      0.00196700
  0.6977880       14331.0      0.00193300
  0.6978370       14330.0      0.00190000
  0.6978850       14329.0      0.00186700
  0.6979340       14328.0      0.00183500
  0.6979830       14327.0      0.00180500
  0.6980320       14326.0      0.00177800
  0.6980800       14325.0      0.00175100
  0.6981290       14324.0      0.00172500
  0.6981780       14323.0      0.00169900
  0.6982270       14322.0      0.00167300
  0.6982750       14321.0      0.00164800
  0.6983240       14320.0      0.00162300
  0.6983730       14319.0      0.00159800
  0.6984220       14318.0      0.00157300
  0.6984700       14317.0      0.00154900
  0.6985190       14316.0      0.00152500
  0.6985680       14315.0      0.00150200
  0.6986170       14314.0      0.00147900
  0.6986660       14313.0      0.00145600
  0.6987140       14312.0      0.00143300
  0.6987630       14311.0      0.00141100
  0.6988120       14310.0      0.00138900
  0.6988610       14309.0      0.00136700
  0.6989100       14308.0      0.00134500
  0.6989590       14307.0      0.00132400
  0.6990070       14306.0      0.00130400
  0.6990560       14305.0      0.00128600
  0.6991050       14304.0      0.00126700
  0.6991540       14303.0      0.00124900
  0.6992030       14302.0      0.00123000
  0.6992520       14301.0      0.00121200
  0.6993010       14300.0      0.00119400
  0.6993500       14299.0      0.00117600
  0.6993990       14298.0      0.00115900
  0.6994470       14297.0      0.00114100
  0.6994960       14296.0      0.00112400
  0.6995450       14295.0      0.00110700
  0.6995940       14294.0      0.00109000
  0.6996430       14293.0      0.00107400
  0.6996920       14292.0      0.00105700
  0.6997410       14291.0      0.00104100
  0.6997900       14290.0      0.00102600
  0.6998390       14289.0      0.00101000
