# wavelength_um solar_response_weight_W_m2_at_1au
0.572902000 3.13046592381372007e-05
0.572935000 6.17111698053644504e-05
0.572967000 6.32377242888050432e-05
0.573000000 6.48701174569226948e-05
0.573033000 6.52409253731338790e-05
0.573066000 6.55687659489781997e-05
0.573099000 6.66367475896728829e-05
0.573132000 6.62461307566488783e-05
0.573164000 6.69549586447812020e-05
0.573197000 6.86727554652231573e-05
0.573230000 6.83212097863423762e-05
0.573263000 6.82226737594149844e-05
0.573296000 6.86337392030180019e-05
0.573329000 6.09799557129967384e-05
0.573362000 6.71339649675715966e-05
0.573394000 6.82958731736729968e-05
0.573427000 7.19281984362856662e-05
0.573460000 7.30520539333020700e-05
0.573493000 7.40407638966053571e-05
0.573526000 7.47365328008411364e-05
0.573559000 7.49023101826793824e-05
0.573592000 7.54555311804904773e-05
0.573625000 7.55559277522941687e-05
0.573658000 7.73765955538139054e-05
0.573691000 7.67395138444971017e-05
0.573723000 7.59558093759409844e-05
0.573756000 7.88676210685150325e-05
0.573789000 8.00093848112742076e-05
0.573822000 8.02976644918581515e-05
0.573855000 7.94817625560790387e-05
0.573888000 8.08817485069205212e-05
0.573921000 8.24593428974785772e-05
0.573954000 8.30005033558695976e-05
0.573987000 8.11424280068477540e-05
0.574020000 8.43459331257795191e-05
0.574053000 8.56343122679412686e-05
0.574086000 8.58039768445378133e-05
0.574119000 8.60111717201146635e-05
0.574152000 8.65499824712258082e-05
0.574185000 8.87257168894384256e-05
0.574218000 8.98447310883916238e-05
0.574251000 9.03484554392884246e-05
0.574284000 9.11805228166380770e-05
0.574317000 9.09015241298629674e-05
0.574350000 8.59950509796916925e-05
0.574383000 9.43415146883350663e-05
0.574416000 9.52536834176207848e-05
0.574449000 9.32288854677966965e-05
0.574482000 9.43113210849967377e-05
0.574515000 9.68680821374905295e-05
0.574548000 9.81593033170794811e-05
0.574581000 9.99273855121824870e-05
0.574614000 1.00976978471468227e-04
0.574647000 1.01632621624244950e-04
0.574680000 1.02922905865690634e-04
0.574713000 1.04005266626542789e-04
0.574746000 1.04831698242786737e-04
0.574779000 1.05538445895447130e-04
0.574812000 1.05981839026990355e-04
0.574845000 1.07204476291819257e-04
0.574878000 1.08175037992898758e-04
0.574911000 1.02454670112134556e-04
0.574944000 9.58444605440950874e-05
0.574977000 1.03279673127396038e-04
0.575010000 1.07250757224841429e-04
0.575043000 1.13556462009530671e-04
0.575076000 1.14143020377384413e-04
0.575109000 1.15384289985359312e-04
0.575142000 1.17318777999340004e-04
0.575175000 1.20084377875536929e-04
0.575209000 1.22104287714666756e-04
0.575242000 1.21245767689139996e-04
0.575275000 1.22170957057830723e-04
0.575308000 1.23814139728596970e-04
0.575341000 1.18016721193371234e-04
0.575374000 1.11652821328481376e-04
0.575407000 1.27421945327968125e-04
0.575440000 1.25755626355528470e-04
0.575473000 1.02082829205989885e-04
0.575506000 1.20002972976755866e-04
0.575540000 1.23055944787945774e-04
0.575573000 1.28216511434129835e-04
0.575606000 1.17009826553166938e-04
0.575639000 1.17521705525585520e-04
0.575672000 1.36768969595596658e-04
0.575705000 1.38982303291818965e-04
0.575738000 1.43389081021140269e-04
0.575772000 1.44418875185724454e-04
0.575805000 1.43240727935026619e-04
0.575838000 1.34078401202050355e-04
0.575871000 1.44328706321156556e-04
0.575904000 1.47596189465682077e-04
0.575937000 1.51036864551705056e-04
0.575971000 1.53017176148319782e-04
0.576004000 1.52314443393476631e-04
0.576037000 1.52783656304888668e-04
0.576070000 1.53433042656038362e-04
0.576103000 1.51132793190239566e-04
0.576136000 1.59368770716264012e-04
0.576170000 1.60240286816959069e-04
0.576203000 1.52728325029643478e-04
0.576236000 1.49243591293506692e-04
0.576269000 1.59432625034222934e-04
0.576302000 1.66567665704520350e-04
0.576336000 1.68868235195409992e-04
0.576369000 1.66053601969403487e-04
0.576402000 1.54847444301347236e-04
0.576435000 1.51398040683281142e-04
0.576469000 1.34922416400319817e-04
0.576502000 1.73776882932674643e-04
0.576535000 1.78251070933959917e-04
0.576568000 1.83030435481499752e-04
0.576602000 1.84757489833547496e-04
0.576635000 1.84377726229703598e-04
0.576668000 1.86519038837808709e-04
0.576701000 1.91311425633812482e-04
0.576735000 1.93032992150355895e-04
0.576768000 1.90394447342033567e-04
0.576801000 1.89752649300428076e-04
0.576834000 1.98869957479966985e-04
0.576868000 2.00882124995949130e-04
0.576901000 1.99349175951940306e-04
0.576934000 2.01627478146920697e-04
0.576967000 2.06571404014473147e-04
0.577001000 2.08467692447113857e-04
0.577034000 2.07805624861251290e-04
0.577067000 2.11029502310295655e-04
0.577101000 2.11294879965987718e-04
0.577134000 2.13766250495003672e-04
0.577167000 2.20056379194674923e-04
0.577201000 2.21990913117870033e-04
0.577234000 2.21820081912085473e-04
0.577267000 2.27746224470103960e-04
0.577301000 2.27768058862987339e-04
0.577334000 2.25241551701909303e-04
0.577367000 2.06047162112905945e-04
0.577401000 2.25820595653780914e-04
0.577434000 2.35780358784901903e-04
0.577467000 2.43203155108614208e-04
0.577501000 2.44791514450860067e-04
0.577534000 2.43255204044576538e-04
0.577567000 2.41270377118037264e-04
0.577601000 2.48130486569513194e-04
0.577634000 2.49141006549671374e-04
0.577667000 2.18164850102666640e-04
0.577701000 2.57483530249565746e-04
0.577734000 2.64979206627490331e-04
0.577768000 2.67218144863068374e-04
0.577801000 2.65985426569315944e-04
0.577834000 2.72341282470288967e-04
0.577868000 2.76596428762235778e-04
0.577901000 2.75360894056543093e-04
0.577934000 2.81232066308938179e-04
0.577968000 2.85170084118964732e-04
0.578001000 2.72669490667262044e-04
0.578035000 2.87819377125395721e-04
0.578068000 2.94923795589972640e-04
0.578102000 2.96888053993491679e-04
0.578135000 2.93507201954429126e-04
0.578168000 2.97780785972082650e-04
0.578202000 2.67674321485015772e-04
0.578235000 2.66806748015630576e-04
0.578269000 2.96366249894566304e-04
0.578302000 3.11879143814136151e-04
0.578336000 3.00362174428093261e-04
0.578369000 2.56165809282802106e-04
0.578402000 3.15298112541433193e-04
0.578436000 3.29490055497257985e-04
0.578469000 3.08361486550823934e-04
0.578503000 3.38835453275535871e-04
0.578536000 3.13223152931938712e-04
0.578570000 3.31897210843292096e-04
0.578603000 3.42317486265182440e-04
0.578637000 3.22006360621627131e-04
0.578670000 3.12532135312903374e-04
0.578704000 3.18225213186592833e-04
0.578737000 3.23485877220020023e-04
0.578771000 3.59477658287819086e-04
0.578804000 3.74981512554729759e-04
0.578838000 3.77093912802492666e-04
0.578871000 3.77471058339592588e-04
0.578905000 3.87882752468966569e-04
0.578938000 3.62186143781163860e-04
0.578972000 3.71170663864520091e-04
0.579005000 3.95146642658118156e-04
0.579039000 4.06714665410302077e-04
0.579072000 4.11729946543527099e-04
0.579106000 4.16686642408560092e-04
0.579139000 4.20258391338501874e-04
0.579173000 4.17524827644066138e-04
0.579206000 4.28651554427880125e-04
0.579240000 3.89304257556241456e-04
0.579274000 3.67380077356115596e-04
0.579307000 4.33433643812234965e-04
0.579341000 4.42947484245153375e-04
0.579374000 4.55538971852024544e-04
0.579408000 4.61425131290746999e-04
0.579441000 4.53319060790043288e-04
0.579475000 4.28900223770060549e-04
0.579509000 4.73094265173431248e-04
0.579542000 4.46703770031317527e-04
0.579576000 4.71626274977951759e-04
0.579609000 4.91177692024492374e-04
0.579643000 5.05681441765399231e-04
0.579677000 5.04386622552115116e-04
0.579710000 5.10787219808640108e-04
0.579744000 5.11214011775508372e-04
0.579777000 5.10646424128404506e-04
0.579811000 5.29429422614994313e-04
0.579845000 5.26763722961356550e-04
0.579878000 5.36280232930085683e-04
0.579912000 5.31462716782717614e-04
0.579945000 4.81072417292756208e-04
0.579979000 4.91558853981813879e-04
0.580013000 5.55631422465920435e-04
0.580046000 5.69135292745774255e-04
0.580080000 5.84085629058784584e-04
0.580114000 5.81527955707096663e-04
0.580147000 5.85161458817578931e-04
0.580181000 6.00218913326090666e-04
0.580215000 5.97229718668947063e-04
0.580248000 6.07266251907278534e-04
0.580282000 6.16643120016443233e-04
0.580316000 6.21291612736998670e-04
0.580349000 6.28542436555617123e-04
0.580383000 6.46676076829421948e-04
0.580417000 6.44611644170025710e-04
0.580450000 6.50293092303577355e-04
0.580484000 6.68005488171745159e-04
0.580518000 6.74063608686380081e-04
0.580552000 6.41207129225491936e-04
0.580585000 6.19448793210889857e-04
0.580619000 6.65972181238570294e-04
0.580653000 6.85070049383463111e-04
0.580686000 6.26934841937246590e-04
0.580720000 7.03557359327666417e-04
0.580754000 7.10906821068626690e-04
0.580788000 7.21535135470303957e-04
0.580821000 6.54418041621364702e-04
0.580855000 7.03615722660857904e-04
0.580889000 7.57806229993229839e-04
0.580923000 7.46632368136388347e-04
0.580956000 7.46999942640063264e-04
0.580990000 7.80104732772111866e-04
0.581024000 7.92765106873949323e-04
0.581058000 7.62058214151148448e-04
0.581091000 7.05924085948858300e-04
0.581125000 8.13938397450763651e-04
0.581159000 8.27168000058877578e-04
0.581193000 8.28782516863103879e-04
0.581226000 8.27706676592595962e-04
0.581260000 8.50514036273133825e-04
0.581294000 8.70802471517363730e-04
0.581328000 8.71164480024399037e-04
0.581362000 8.58461285805652073e-04
0.581395000 8.87707534697481336e-04
0.581429000 9.08149023368349053e-04
0.581463000 9.15167690519444943e-04
0.581497000 9.32168064509259191e-04
0.581531000 9.20964639069854463e-04
0.581564000 9.29276473843774153e-04
0.581598000 9.67664326656924732e-04
0.581632000 9.32778298829537280e-04
0.581666000 9.53706543702575169e-04
0.581700000 9.81321787007920698e-04
0.581734000 9.87110062312579169e-04
0.581767000 9.36811491303048117e-04
0.581801000 8.23814583895579318e-04
0.581835000 1.02888933577986426e-03
0.581869000 1.01833429408159574e-03
0.581903000 1.06034509373376649e-03
0.581937000 1.08039496976437550e-03
0.581971000 1.07831593882700490e-03
0.582004000 1.08987412128880561e-03
0.582038000 1.11914597003246017e-03
0.582072000 1.13304309134938555e-03
0.582106000 1.14346362773563880e-03
0.582140000 1.15021561046689232e-03
0.582174000 1.16249596582929972e-03
0.582208000 1.18565387910266008e-03
0.582242000 1.20312613149687947e-03
0.582276000 1.19791876218163125e-03
0.582309000 1.21227716112994391e-03
0.582343000 1.22545295948580280e-03
0.582377000 1.25229135144632191e-03
0.582411000 1.25595468809914569e-03
0.582445000 1.28774135098974488e-03
0.582479000 1.29739361972434496e-03
0.582513000 1.31056055509984706e-03
0.582547000 1.32588956274633111e-03
0.582581000 1.34485658075120598e-03
0.582615000 1.35991026649430317e-03
0.582649000 1.38192414926542021e-03
0.582683000 1.39914160527236002e-03
0.582717000 1.40961792371878066e-03
0.582751000 1.42032478512562808e-03
0.582785000 1.44686642465823891e-03
0.582819000 1.43532915106041586e-03
0.582852000 1.45931029478326281e-03
0.582886000 1.48228539015012083e-03
0.582920000 1.48920863520717517e-03
0.582954000 1.49040623532492524e-03
0.582988000 1.55351774085198797e-03
0.583022000 1.56422433815215419e-03
0.583056000 1.58651246805316046e-03
0.583090000 1.60834960229029557e-03
0.583124000 1.62954738204337400e-03
0.583158000 1.63692026661470084e-03
0.583192000 1.66875116238723756e-03
0.583226000 1.68381016052403828e-03
0.583260000 1.71319719557941016e-03
0.583294000 1.71452990388028552e-03
0.583328000 1.66766217052057237e-03
0.583363000 1.79588403855098530e-03
0.583397000 1.79815216857082474e-03
0.583431000 1.82410226535159852e-03
0.583465000 1.84813524320531688e-03
0.583499000 1.87031768400742972e-03
0.583533000 1.87797236049391065e-03
0.583567000 1.82558024584337673e-03
0.583601000 1.93675545730216171e-03
0.583635000 1.95636221768078367e-03
0.583669000 1.91202960444247132e-03
0.583703000 1.93966712038661903e-03
0.583737000 2.01930520053241825e-03
0.583771000 2.06078463394915659e-03
0.583805000 2.08706573163703561e-03
0.583839000 2.10656044116506840e-03
0.583873000 2.16641713090904306e-03
0.583908000 2.17697324576929642e-03
0.583942000 2.12941467628017600e-03
0.583976000 2.12689430414285266e-03
0.584010000 2.13612584747397902e-03
0.584044000 2.24957684073335239e-03
0.584078000 2.29529695596501250e-03
0.584112000 2.30600686783291988e-03
0.584146000 2.34612738039637709e-03
0.584180000 2.42548964548117488e-03
0.584215000 2.45238170757440359e-03
0.584249000 2.44166796349472521e-03
0.584283000 2.46898327636554211e-03
0.584317000 2.51211764284286088e-03
0.584351000 2.54503695916319861e-03
0.584385000 2.57479411524796833e-03
0.584419000 2.64507174508233711e-03
0.584454000 2.66532671540686264e-03
0.584488000 2.66294339984220457e-03
0.584522000 2.71160360295216295e-03
0.584556000 2.74381214410514144e-03
0.584590000 2.77377817960193203e-03
0.584624000 2.81914829886674911e-03
0.584659000 2.85829098733802892e-03
0.584693000 2.83534723404693439e-03
0.584727000 2.91848180140673145e-03
0.584761000 2.91579870906038532e-03
0.584795000 3.00632893576777745e-03
0.584830000 3.05208401416730496e-03
0.584864000 2.87674089115707438e-03
0.584898000 3.09172370930627799e-03
0.584932000 3.13313693125340936e-03
0.584966000 2.93201196780931402e-03
0.585001000 3.17138215615888220e-03
0.585035000 3.24138555358110658e-03
0.585069000 3.25271494260794599e-03
0.585103000 3.36455889160074649e-03
0.585138000 3.36562419324826613e-03
0.585172000 3.39520111432165071e-03
0.585206000 3.45373599431033447e-03
0.585240000 3.51059278728033369e-03
0.585274000 3.57855708885389950e-03
0.585309000 3.64633862142474093e-03
0.585343000 3.64536439847688203e-03
0.585377000 3.40625642149332579e-03
0.585412000 3.69727871707908103e-03
0.585446000 3.79295383534612425e-03
0.585480000 3.76447042781387830e-03
0.585514000 3.54393876084170252e-03
0.585549000 3.64886485063614825e-03
0.585583000 3.98865569923520340e-03
0.585617000 4.11466601289286159e-03
0.585652000 4.06466603934811134e-03
0.585686000 4.01602996932716016e-03
0.585720000 4.22761103160376218e-03
0.585754000 4.12003700004567441e-03
0.585789000 4.17383579954847938e-03
0.585823000 4.38140172126272147e-03
0.585857000 4.44257274459918319e-03
0.585892000 3.54839528773719624e-03
0.585926000 3.24066051771646890e-03
0.585960000 4.38663617075737370e-03
0.585995000 4.67567166161929424e-03
0.586029000 4.57789341105296118e-03
0.586063000 4.74442674763971960e-03
0.586098000 4.50452289355846545e-03
0.586132000 4.12398126505830308e-03
0.586166000 4.95638819234713035e-03
0.586201000 5.04273705881531226e-03
0.586235000 5.08620525186031375e-03
0.586270000 5.03151111844819289e-03
0.586304000 5.10142628164649437e-03
0.586338000 5.23451958038460407e-03
0.586373000 4.92143101092860566e-03
0.586407000 4.20906109964102205e-03
0.586441000 5.31261534011702365e-03
0.586476000 5.41554665361876873e-03
0.586510000 5.44775595828865013e-03
0.586545000 5.46302714279348848e-03
0.586579000 5.36834410952605114e-03
0.586613000 5.56767914863147678e-03
0.586648000 5.66568835441306606e-03
0.586682000 5.70141426795765533e-03
0.586717000 5.74725715043318888e-03
0.586751000 5.80482538019668707e-03
0.586786000 5.52129277854460695e-03
0.586820000 5.25536791827303697e-03
0.586854000 5.89434178604227553e-03
0.586889000 5.88347322505766712e-03
0.586923000 5.65602083442237873e-03
0.586958000 6.01985607074907812e-03
0.586992000 6.08974674198442967e-03
0.587027000 6.16253177741952259e-03
0.587061000 6.15361851087088251e-03
0.587096000 6.20007244996417274e-03
0.587130000 6.23002818978981958e-03
0.587165000 6.32875922132983184e-03
0.587199000 6.40242108512981915e-03
0.587234000 6.43500429362582616e-03
0.587268000 6.46827554052999219e-03
0.587303000 6.48814685748060581e-03
0.587337000 6.57583096383455423e-03
0.587372000 6.62373399185230746e-03
0.587406000 6.67721169451061369e-03
0.587441000 6.68195632027908989e-03
0.587475000 6.44883297041128154e-03
0.587510000 6.70826784226594055e-03
0.587544000 6.74824868743612461e-03
0.587579000 6.92347712079559655e-03
0.587613000 6.97427552855285540e-03
0.587648000 7.01926894811949822e-03
0.587682000 7.02904361539076570e-03
0.587717000 7.06271949820602013e-03
0.587751000 7.11581715787828421e-03
0.587786000 7.09893879244004409e-03
0.587820000 7.20357283322586774e-03
0.587855000 7.32061176272493473e-03
0.587889000 7.35477176704284891e-03
0.587924000 7.32407640989484431e-03
0.587959000 7.24994246722013552e-03
0.587993000 7.51582359767689803e-03
0.588028000 7.57291458104150401e-03
0.588062000 7.60457776186218050e-03
0.588097000 7.65741019961100298e-03
0.588132000 7.60351803666471128e-03
0.588166000 7.50664452974165054e-03
0.588201000 7.73618616156301897e-03
0.588235000 7.90107661918545111e-03
0.588270000 7.93547021692439861e-03
0.588305000 7.79674727617235899e-03
0.588339000 8.06499631536935178e-03
0.588374000 8.18061738338187773e-03
0.588408000 8.24270362226897126e-03
0.588443000 8.39389002704673919e-03
0.588478000 8.31619344594779555e-03
0.588512000 8.21007341694236434e-03
0.588547000 7.10503755122059762e-03
0.588582000 8.39813648444618678e-03
0.588616000 8.49737822621537964e-03
0.588651000 8.54656060666816181e-03
0.588685000 8.56456114398472003e-03
0.588720000 8.83524499574750780e-03
0.588755000 8.81025011386778537e-03
0.588789000 8.82791961283954651e-03
0.588824000 9.01980863664464221e-03
0.588859000 8.93508472488717398e-03
0.588893000 8.95839950698102717e-03
0.588928000 9.09725141675983215e-03
0.588963000 9.08408370800935748e-03
0.588998000 8.89008168528311431e-03
0.589032000 8.73138210412182508e-03
0.589067000 8.54239375094785480e-03
0.589102000 7.32854933225796958e-03
0.589136000 4.21283102111125619e-03
0.589171000 2.94309541207095739e-03
0.589206000 6.69860908828784265e-03
0.589240000 8.46500111156823359e-03
0.589275000 8.91549918910805941e-03
0.589310000 9.49978478638147453e-03
0.589345000 9.57668625203952732e-03
0.589379000 9.77882647310747248e-03
0.589414000 9.60123580249109577e-03
0.589449000 7.95764039887610422e-03
0.589484000 9.82135582452038636e-03
0.589518000 1.01574293868287226e-02
0.589553000 1.03608562541885364e-02
0.589588000 1.03961979224551204e-02
0.589623000 1.02181051405645946e-02
0.589657000 1.00131363140245969e-02
0.589692000 9.58414511538599120e-03
0.589727000 6.76416599629077638e-03
0.589762000 3.35689375607476498e-03
0.589797000 7.97890707649164671e-03
0.589831000 9.95091501453839768e-03
0.589866000 1.06047278155081432e-02
0.589901000 1.07274796249447711e-02
0.589936000 1.11307929030314470e-02
0.589971000 1.09373725069847414e-02
0.590005000 1.10960011540821163e-02
0.590040000 1.15200707494307053e-02
0.590075000 1.10700673785162247e-02
0.590110000 1.05895843774633826e-02
0.590145000 1.14276087876096985e-02
0.590179000 1.17434822152838354e-02
0.590214000 1.20121485643484641e-02
0.590249000 1.20817487993113148e-02
0.590284000 1.21589742496350500e-02
0.590319000 1.20213815335415385e-02
0.590354000 1.21566357724338242e-02
0.590388000 1.20701233120585720e-02
0.590423000 1.21955622175070038e-02
0.590458000 1.26194965025485158e-02
0.590493000 1.25472490298816977e-02
0.590528000 1.27670137917463636e-02
0.590563000 1.28098231471357790e-02
0.590598000 1.29227126435892924e-02
0.590633000 1.27702529330462246e-02
0.590667000 1.28030960931151926e-02
0.590702000 1.27866826686052135e-02
0.590737000 1.14556289445113882e-02
0.590772000 1.33670478189431442e-02
0.590807000 1.33184841140440279e-02
0.590842000 1.30092231158899230e-02
0.590877000 1.34947129729000147e-02
0.590912000 1.37583841572818926e-02
0.590947000 1.36199337665755503e-02
0.590982000 1.39366624871570949e-02
0.591017000 1.38514533803089559e-02
0.591051000 1.39376034903109132e-02
0.591086000 1.42248765438047174e-02
0.591121000 1.43201524281279836e-02
0.591156000 1.32721018222044952e-02
0.591191000 1.42381903287183247e-02
0.591226000 1.46125035114483808e-02
0.591261000 1.46864136943549214e-02
0.591296000 1.47957691850667452e-02
0.591331000 1.49134740093913570e-02
0.591366000 1.49016982914701845e-02
0.591401000 1.50362925200895666e-02
0.591436000 1.51498940527504920e-02
0.591471000 1.52651078697749361e-02
0.591506000 1.53485088695476772e-02
0.591541000 1.51318881469389016e-02
0.591576000 1.08665557340987470e-02
0.591611000 1.45390395412872790e-02
0.591646000 1.57599470590284660e-02
0.591681000 1.58549741396701895e-02
0.591716000 1.57168663916597111e-02
0.591751000 1.58964115118739799e-02
0.591786000 1.38969814480770937e-02
0.591821000 1.58227574300084349e-02
0.591856000 1.62705955093079072e-02
0.591891000 1.64571301514161196e-02
0.591926000 1.65635997694027932e-02
0.591961000 1.66946722720515452e-02
0.591996000 1.66138373907171490e-02
0.592031000 1.65039575654450689e-02
0.592066000 1.69498439555726098e-02
0.592101000 1.70761686391189930e-02
0.592136000 1.72475532365442344e-02
0.592171000 1.75865544748364036e-02
0.592207000 1.76506628309836613e-02
0.592242000 1.75053293295767722e-02
0.592277000 1.75970668909077033e-02
0.592312000 1.77413821079686965e-02
0.592347000 1.76075861545456312e-02
0.592382000 1.70865626597704809e-02
0.592417000 1.80813054574894862e-02
0.592452000 1.81732413046334813e-02
0.592487000 1.82604747033225934e-02
0.592522000 1.83837761721801912e-02
0.592557000 1.85209482522532762e-02
0.592593000 1.89064304346894668e-02
0.592628000 1.87586909223052926e-02
0.592663000 1.88574403212610521e-02
0.592698000 1.90023545084722495e-02
0.592733000 1.91009790259651611e-02
0.592768000 1.91815518919912220e-02
0.592803000 1.96225682339161121e-02
0.592839000 1.96480861456565653e-02
0.592874000 1.95024728549036928e-02
0.592909000 1.95285965666542882e-02
0.592944000 1.76250976989118686e-02
0.592979000 1.97462670441522145e-02
0.593014000 1.99431920200572078e-02
0.593049000 2.01324891695212407e-02
0.593085000 2.04912446653252693e-02
0.593120000 1.87867841254560387e-02
0.593155000 1.83799205364253357e-02
0.593190000 1.63517801781582622e-02
0.593225000 2.07191093594855415e-02
0.593261000 2.10081505575048962e-02
0.593296000 2.09403774233205622e-02
0.593331000 2.10790224013809695e-02
0.593366000 2.10984612918242997e-02
0.593401000 2.16471460710783194e-02
0.593437000 2.17682864662493598e-02
0.593472000 2.15163092293207542e-02
0.593507000 2.16163877453776285e-02
0.593542000 2.13765928775215865e-02
0.593577000 2.20705826792367867e-02
0.593613000 1.97902409728112141e-02
0.593648000 1.95410235597804037e-02
0.593683000 2.21072361046804229e-02
0.593718000 2.25829110867794870e-02
0.593754000 2.28909531678344082e-02
0.593789000 2.26847283261060427e-02
0.593824000 2.28240464493059785e-02
0.593859000 2.31754747850107315e-02
0.593895000 2.33416243488390150e-02
0.593930000 2.29024505237321561e-02
0.593965000 2.33705783317703537e-02
0.594001000 2.37074224107429732e-02
0.594036000 2.35761106938015240e-02
0.594071000 2.36923101603120703e-02
0.594106000 2.41193178276602055e-02
0.594142000 2.43086219629568556e-02
0.594177000 2.40392584242766667e-02
0.594212000 2.44318947590765542e-02
0.594248000 2.39899996069018670e-02
0.594283000 2.39006257878645947e-02
0.594318000 2.44423611182362707e-02
0.594354000 2.43673608892020777e-02
0.594389000 2.48436546178374164e-02
0.594424000 2.50706287074735912e-02
0.594460000 2.52623053062015594e-02
0.594495000 2.46375943279469843e-02
0.594530000 2.50364625936915081e-02
0.594566000 2.59139470443140278e-02
0.594601000 2.56935187087423619e-02
0.594636000 2.61404783855958660e-02
0.594672000 2.62820777828680907e-02
0.594707000 2.60065171039280674e-02
0.594742000 2.65462259957584268e-02
0.594778000 2.67100621041931677e-02
0.594813000 2.66532041536004377e-02
0.594849000 2.69826052332129522e-02
0.594884000 2.66746757025336997e-02
0.594919000 2.65722066026052549e-02
0.594955000 2.72894262862407137e-02
0.594990000 2.59462503494805805e-02
0.595026000 2.22416575119864755e-02
0.595061000 2.69737966953061160e-02
0.595096000 2.51669940029120749e-02
0.595132000 2.77124843882627127e-02
0.595167000 2.80875429655675080e-02
0.595203000 2.83121429557362664e-02
0.595238000 2.84837724875218294e-02
0.595274000 2.85583191311547142e-02
0.595309000 2.81783902049416619e-02
0.595344000 2.88378322731005186e-02
0.595380000 2.89526064726094885e-02
0.595415000 2.68700560636647018e-02
0.595451000 2.52474913721970305e-02
0.595486000 2.68664965235591059e-02
0.595522000 2.94925902445063830e-02
0.595557000 2.96439276202692149e-02
0.595593000 2.97908090759720010e-02
0.595628000 2.99624800407694118e-02
0.595664000 3.01471121924294788e-02
0.595699000 3.03438096741328704e-02
0.595735000 3.04726326403285848e-02
0.595770000 3.06357499275823446e-02
0.595806000 2.99947652804192812e-02
0.595841000 2.71999937178900898e-02
0.595877000 3.09255061651938154e-02
0.595912000 3.10518201364080940e-02
0.595948000 3.12452465466072811e-02
0.595983000 3.00749526696598470e-02
0.596019000 3.10877718249543723e-02
0.596054000 3.18197289748342119e-02
0.596090000 3.18490324853390600e-02
0.596125000 3.16000028316754875e-02
0.596161000 3.18937861951209684e-02
0.596196000 3.23100322678751897e-02
0.596232000 3.24885557319671836e-02
0.596267000 3.26128037797275699e-02
0.596303000 3.26656412393161316e-02
0.596338000 3.27976501747156771e-02
0.596374000 3.33774363510471739e-02
0.596410000 3.31644635980091820e-02
0.596445000 3.33382261961980148e-02
0.596481000 3.32659518181896985e-02
0.596516000 3.36119982959811117e-02
0.596552000 3.42943103470133362e-02
0.596588000 3.40145651331829266e-02
0.596623000 3.41502693854390388e-02
0.596659000 3.43278693946503233e-02
0.596694000 3.44221265669627102e-02
0.596730000 3.36647766485889122e-02
0.596766000 3.29921079602337811e-02
0.596801000 3.49513748715948383e-02
0.596837000 3.50613995577537738e-02
0.596872000 3.51550585367317314e-02
0.596908000 3.58711833563477925e-02
0.596944000 3.52535473281392620e-02
0.596979000 3.57002879263926542e-02
0.597015000 3.62916862102156193e-02
0.597051000 3.58275084673508257e-02
0.597086000 3.59104956227777883e-02
0.597122000 3.63055397110336117e-02
0.597158000 3.63503356273742612e-02
0.597193000 3.65233032890661877e-02
0.597229000 3.71164905817895352e-02
0.597265000 3.68004407024078231e-02
0.597300000 3.69237252073310943e-02
0.597336000 3.74967661684220341e-02
0.597372000 3.71543820389763149e-02
0.597407000 3.72249920247205365e-02
0.597443000 3.78579697899526363e-02
0.597479000 3.74278415598935030e-02
0.597514000 3.73781005565821944e-02
0.597550000 3.81838874595879230e-02
0.597586000 3.77903137921645205e-02
0.597621000 3.79210003257303419e-02
0.597657000 3.86382552547671690e-02
0.597693000 3.47705869076091051e-02
0.597729000 3.71638754800214868e-02
0.597764000 3.83816211481841918e-02
0.597800000 3.82292871239149276e-02
0.597836000 3.30286459689652367e-02
0.597872000 3.70407626795552433e-02
0.597907000 3.88706603156087141e-02
0.597943000 3.93332938546306146e-02
0.597979000 3.94364493555909856e-02
0.598015000 3.69780207275672845e-02
0.598050000 3.84698915903752409e-02
0.598086000 3.98936690515568557e-02
0.598122000 4.01207786847048720e-02
0.598158000 3.98627199907604576e-02
0.598193000 4.00295675272341750e-02
0.598229000 4.06286304407008914e-02
0.598265000 4.07338367524583203e-02
0.598301000 4.08191558036587049e-02
0.598337000 4.03913031451019824e-02
0.598372000 4.03894155247765049e-02
0.598408000 4.09285022691389319e-02
0.598444000 4.10274269926716312e-02
0.598480000 4.11694336588711643e-02
0.598516000 3.74389297159756426e-02
0.598552000 3.63608609582763212e-02
0.598587000 4.04858265680840060e-02
0.598623000 3.84692679205646121e-02
0.598659000 3.49094584588690582e-02
0.598695000 4.17227607095517553e-02
0.598731000 4.24321035009008959e-02
0.598767000 4.17948629506100233e-02
0.598802000 4.19709071118539584e-02
0.598838000 4.20295219041423099e-02
0.598874000 3.55722098903355766e-02
0.598910000 4.22682593429625497e-02
0.598946000 4.32538623526759064e-02
0.598982000 4.33891843818394393e-02
0.599018000 4.20525552593020852e-02
0.599053000 4.22148721756245293e-02
0.599089000 4.36688311993094491e-02
0.599125000 4.39553021191579560e-02
0.599161000 4.40961021238106612e-02
0.599197000 4.41911579080906322e-02
0.599233000 4.43682847427725735e-02
0.599269000 4.41577708013686371e-02
0.599305000 4.12335102166309850e-02
0.599341000 4.36566108522780522e-02
0.599377000 4.44376108676594120e-02
0.599413000 4.52722604556784064e-02
0.599449000 4.47833155801413071e-02
0.599484000 4.49461191283018688e-02
0.599520000 4.56892450034433809e-02
0.599556000 4.57517828730888559e-02
0.599592000 4.59794163958250901e-02
0.599628000 4.60924887632869137e-02
0.599664000 4.62455887119628262e-02
0.599700000 4.64231928395373653e-02
0.599736000 4.63926728376927167e-02
0.599772000 4.63558977361866048e-02
0.599808000 4.64811594940097300e-02
0.599844000 4.46310749342402752e-02
0.599880000 4.65487265382558829e-02
0.599916000 4.33909358809094550e-02
0.599952000 4.09805775826487598e-02
0.599988000 4.69755247375694754e-02
0.600024000 4.74508619287646247e-02
0.600060000 4.69461934684953369e-02
0.600096000 4.71718628403060211e-02
0.600132000 4.74371656051988527e-02
0.600168000 4.81587727183840977e-02
0.600204000 4.82289300847918781e-02
0.600240000 4.79596909378820005e-02
0.600276000 4.82638350762474647e-02
0.600312000 4.86324475816325152e-02
0.600348000 4.87896551497774417e-02
0.600384000 4.89388408270516884e-02
0.600420000 4.85504462851422403e-02
0.600456000 4.12065627243967114e-02
0.600492000 4.50543411998680157e-02
0.600528000 5.01010040719410688e-02
0.600565000 5.02982772131853398e-02
0.600601000 4.97130736275857646e-02
0.600637000 4.98554404963792441e-02
0.600673000 4.98655765041237167e-02
0.600709000 4.79166723841354600e-02
0.600745000 4.90689685109445620e-02
0.600781000 4.97752057798422284e-02
0.600817000 5.01812315483066637e-02
0.600853000 5.04776784469768008e-02
0.600889000 4.78914428164382011e-02
0.600925000 4.96819259309785807e-02
0.600962000 4.35819510984893424e-02
0.600998000 4.58990880536649312e-02
0.601034000 4.20563360997077626e-02
0.601070000 5.08984517191315017e-02
0.601106000 5.12316879636812439e-02
0.601142000 5.13455353548896570e-02
0.601178000 5.15556882421820545e-02
0.601214000 5.22100203922948938e-02
0.601251000 5.22864008055340113e-02
0.601287000 5.18733117315397577e-02
0.601323000 5.18827715425357258e-02
0.601359000 5.15240164328883699e-02
0.601395000 4.89214622044879463e-02
0.601431000 5.24685403256138425e-02
0.601468000 5.23852104097805929e-02
0.601504000 4.35317112897012290e-02
0.601540000 4.77408307831965056e-02
0.601576000 5.22032059635031756e-02
0.601612000 5.29421265888858697e-02
0.601649000 5.26226101790086345e-02
0.601685000 5.20915940342551662e-02
0.601721000 5.27585773088759050e-02
0.601757000 5.27656789413419453e-02
0.601793000 5.25182566779330076e-02
0.601830000 4.14877952117256657e-02
0.601866000 5.16017049349205004e-02
0.601902000 5.31645089696276552e-02
0.601938000 5.31514758504296955e-02
0.601974000 5.35192217399605430e-02
0.602011000 5.30763265010792476e-02
0.602047000 5.34670386325065278e-02
0.602083000 5.31898968219170001e-02
0.602119000 5.36075586397426959e-02
0.602156000 4.62611707323411087e-02
0.602192000 4.08981954500878958e-02
0.602228000 5.39792862139605312e-02
0.602265000 5.44222792253400423e-02
0.602301000 5.35480898664475388e-02
0.602337000 4.33152215860974632e-02
0.602373000 4.99718935907249723e-02
0.602410000 5.40302782057960965e-02
0.602446000 5.38550256632655960e-02
0.602482000 5.45664260881968330e-02
0.602519000 5.42405402601114847e-02
0.602555000 4.52900573565822931e-02
0.602591000 4.50186454542887068e-02
0.602627000 5.45527685965843737e-02
0.602664000 5.47968834429792342e-02
0.602700000 5.41090588209683435e-02
0.602736000 5.44427013300578869e-02
0.602773000 5.47914773335563682e-02
0.602809000 5.41552105049437696e-02
0.602845000 5.24883993442495644e-02
0.602882000 4.75954571782506580e-02
0.602918000 5.40560324521222255e-02
0.602954000 5.47554674023733035e-02
0.602991000 5.47309482683231013e-02
0.603027000 5.50169508666761009e-02
0.603064000 5.48083782715990814e-02
0.603100000 5.41980922177534921e-02
0.603136000 5.40805261339876026e-02
0.603173000 5.39022513463286723e-02
0.603209000 5.43351855247353605e-02
0.603245000 5.48771960457064903e-02
0.603282000 5.45868697305699271e-02
0.603318000 5.52031583021386149e-02
0.603355000 5.53717701798548886e-02
0.603391000 5.46935337561671037e-02
0.603427000 5.54902817922743319e-02
0.603464000 5.54904844798852215e-02
0.603500000 5.54323275419984982e-02
0.603537000 5.53700856672508096e-02
0.603573000 5.43896486257741535e-02
0.603610000 5.54918348758682706e-02
0.603646000 5.48039278851992911e-02
0.603682000 5.51824388408317171e-02
0.603719000 5.51850806131905999e-02
0.603755000 5.56443403880660589e-02
0.603792000 5.50617134569848232e-02
0.603828000 5.48704472603110047e-02
0.603865000 5.56108975199489444e-02
0.603901000 5.55904925783343370e-02
0.603938000 5.55560956164640601e-02
0.603974000 5.56586285259553226e-02
0.604011000 5.56968343517227349e-02
0.604047000 5.58004132739283940e-02
0.604084000 5.55587293023852569e-02
0.604120000 5.47460664530069613e-02
0.604157000 5.46351014758192852e-02
0.604193000 5.56258621658687821e-02
0.604230000 5.56078800710505389e-02
0.604266000 5.56388106890080003e-02
0.604303000 5.56498463483665537e-02
0.604339000 5.49338380291396408e-02
0.604376000 4.79863150618610734e-02
0.604412000 5.48925085191295931e-02
0.604449000 5.57254375209332992e-02
0.604485000 5.57048954209563851e-02
0.604522000 5.57443527886142196e-02
0.604558000 5.57389746141935191e-02
0.604595000 5.56771736445292320e-02
0.604631000 5.54946190631367270e-02
0.604668000 5.64825633506917738e-02
0.604705000 5.55263327564832834e-02
0.604741000 5.46707471091569044e-02
0.604778000 5.41602133236689653e-02
0.604814000 5.57634685732243465e-02
0.604851000 5.58187987605889974e-02
0.604887000 5.57266560778799103e-02
0.604924000 5.63170353854836811e-02
0.604961000 5.57586371311737383e-02
0.604997000 5.57615613137385016e-02
0.605034000 5.55554222117285376e-02
0.605070000 5.52638862896460206e-02
0.605107000 5.64904462654368805e-02
0.605144000 5.58377209002282188e-02
0.605180000 5.57827177390317896e-02
0.605217000 5.66569050585418177e-02
0.605254000 5.59426791677933091e-02
0.605290000 5.60048543380575053e-02
0.605327000 5.67054426798132144e-02
0.605364000 5.58581172661820613e-02
0.605400000 5.55938666046696256e-02
0.605437000 5.44583246677860233e-02
0.605473000 5.54490502574839991e-02
0.605510000 5.51147414451515563e-02
0.605547000 5.31672795204643917e-02
0.605583000 5.46361836828251693e-02
0.605620000 5.66016404857771147e-02
0.605657000 5.64230020783866790e-02
0.605694000 5.53473234850793139e-02
0.605730000 5.50865096123583989e-02
0.605767000 4.66271143424169185e-02
0.605804000 5.40319889116740865e-02
0.605840000 5.55864560496926174e-02
0.605877000 5.59446736951663692e-02
0.605914000 5.53087206886472699e-02
0.605950000 5.58161645535771161e-02
0.605987000 5.62850565100282557e-02
0.606024000 5.66828501756445682e-02
0.606061000 5.59117341255709055e-02
0.606097000 5.55969790162589433e-02
0.606134000 5.65153800509121673e-02
0.606171000 5.65804247643727359e-02
0.606208000 5.58471156641698538e-02
0.606244000 5.56887318411401142e-02
0.606281000 5.66350064513998913e-02
0.606318000 5.65731830002716221e-02
0.606355000 5.59265028738202621e-02
0.606391000 5.61112636686265237e-02
0.606428000 5.52272088275391135e-02
0.606465000 5.42273185258262472e-02
0.606502000 5.59072942689816804e-02
0.606538000 5.59049309494185631e-02
0.606575000 5.63689763878974306e-02
0.606612000 5.61914372400522250e-02
0.606649000 5.59435098268889625e-02
0.606686000 5.27783969591152577e-02
0.606722000 4.08933563758204291e-02
0.606759000 5.59010559036069582e-02
0.606796000 5.68752196184890702e-02
0.606833000 5.68439257967663647e-02
0.606870000 5.69315720978978354e-02
0.606907000 5.58946357390027390e-02
0.606943000 5.58124342534549039e-02
0.606980000 5.67432827787279701e-02
0.607017000 5.68629369448146044e-02
0.607054000 5.69995747789950810e-02
0.607091000 5.69983265992097324e-02
0.607128000 5.69372388617341435e-02
0.607165000 5.60146351602458861e-02
0.607201000 5.59715525248083989e-02
0.607238000 5.66982854125863342e-02
0.607275000 5.69078553293461478e-02
0.607312000 5.67067314379781987e-02
0.607349000 5.66844728782070900e-02
0.607386000 5.69608813026375935e-02
0.607423000 5.70588120261337761e-02
0.607460000 5.69954624873360155e-02
0.607497000 5.60366802862055993e-02
0.607533000 5.62598413249033522e-02
0.607570000 5.69927265816243880e-02
0.607607000 5.70903857599421860e-02
0.607644000 5.70322603813777015e-02
0.607681000 5.68834769247459140e-02
0.607718000 5.70239261559917707e-02
0.607755000 5.69124850628250564e-02
0.607792000 5.66889442309478145e-02
0.607829000 5.61597616384813120e-02
0.607866000 5.52610444073695500e-02
0.607903000 5.67997951215530872e-02
0.607940000 5.66086351963191459e-02
0.607977000 5.62592883755276413e-02
0.608014000 4.65967423261836600e-02
0.608051000 5.16540963353774030e-02
0.608088000 5.33308180012283736e-02
0.608125000 5.70210393148090008e-02
0.608162000 5.66414364078286353e-02
0.608199000 5.69223221722604603e-02
0.608236000 5.71567754802479802e-02
0.608273000 5.71017367989404348e-02
0.608310000 5.50922398958466758e-02
0.608347000 5.63661679447014993e-02
0.608384000 5.67014261439997350e-02
0.608421000 5.33908367004649748e-02
0.608458000 5.44538552309056789e-02
0.608495000 5.72096697513021085e-02
0.608532000 5.68313067732642077e-02
0.608569000 5.48238348788855009e-02
0.608606000 5.62924932552829119e-02
0.608643000 5.71929523774228829e-02
0.608680000 5.30713635983231999e-02
0.608717000 5.47500354713658585e-02
0.608754000 5.72405837265748535e-02
0.608791000 5.16306389178519537e-02
0.608828000 5.54899471930843588e-02
0.608865000 5.68818706192551204e-02
0.608902000 5.70640301794811677e-02
0.608939000 5.49946615993017335e-02
0.608976000 5.60118401516984180e-02
0.609013000 5.72302962235536131e-02
0.609050000 5.79210967089528947e-02
0.609088000 5.75619549062083916e-02
0.609125000 5.23388705937198676e-02
0.609162000 5.56263476006448598e-02
0.609199000 5.33667568609147783e-02
0.609236000 5.73697214097201175e-02
0.609273000 5.59098015694192013e-02
0.609310000 5.60802045701138951e-02
0.609347000 5.41583429532184052e-02
0.609385000 5.58344987906195730e-02
0.609422000 5.70207540431987153e-02
0.609459000 5.64461183130487223e-02
0.609496000 5.62119379993810189e-02
0.609533000 5.30791665550885416e-02
0.609570000 5.68168147535351928e-02
0.609607000 5.53715176201931836e-02
0.609645000 5.80885809482278095e-02
0.609682000 5.74115341260495807e-02
0.609719000 5.72614621898296025e-02
0.609756000 5.73435160596765733e-02
0.609793000 5.71754518403749454e-02
0.609830000 5.32468725993008804e-02
0.609868000 5.67902276527160188e-02
0.609905000 5.67596110550102340e-02
0.609942000 5.73269604937052951e-02
0.609979000 5.59873795436065316e-02
0.610016000 5.66651514246952204e-02
0.610054000 5.76965589975830875e-02
0.610091000 5.74412404978830241e-02
0.610128000 5.74625992726340851e-02
0.610165000 5.79575551941144823e-02
0.610203000 5.70020305918429587e-02
0.610240000 5.71692336061021128e-02
0.610277000 5.72549248594931073e-02
0.610314000 5.79722100062652693e-02
0.610352000 5.66792497018065444e-02
0.610389000 4.59521830334925635e-02
0.610426000 4.37565787460530986e-02
0.610463000 4.50870563403430458e-02
0.610501000 4.78722718048656820e-02
0.610538000 5.69394498986569644e-02
0.610575000 5.74225786163187341e-02
0.610612000 5.80959893439359706e-02
0.610650000 5.79801471333865198e-02
0.610687000 5.58198782121959031e-02
0.610724000 5.79397547079599853e-02
0.610762000 5.80869907965004192e-02
0.610799000 5.68824277573534154e-02
0.610836000 5.66422932100959162e-02
0.610874000 5.77789209053587161e-02
0.610911000 5.72858247426416556e-02
0.610948000 5.67340471187370993e-02
0.610986000 4.95275314928674201e-02
0.611023000 5.72847828341809875e-02
0.611060000 5.80832046036146299e-02
0.611098000 5.83388565188803707e-02
0.611135000 5.76894025004125871e-02
0.611172000 5.83920041922090446e-02
0.611210000 5.80991805661005140e-02
0.611247000 5.63764092575837275e-02
0.611284000 5.39988585325001658e-02
0.611322000 5.71943517218826691e-02
0.611359000 5.69202988255877382e-02
0.611396000 5.81230375538860644e-02
0.611434000 5.79485927091148226e-02
0.611471000 5.64580277467383734e-02
0.611509000 5.67223028432750076e-02
0.611546000 5.75084847210073705e-02
0.611583000 5.83840064928884614e-02
0.611621000 5.82501149883153033e-02
0.611658000 5.82331388085916557e-02
0.611696000 5.83466017397523198e-02
0.611733000 5.73928844260385915e-02
0.611770000 5.29939579169062952e-02
0.611808000 5.29109867704714160e-02
0.611845000 5.79003287088842508e-02
0.611883000 5.73906280295588683e-02
0.611920000 5.83102111043625332e-02
0.611958000 5.81576410815117517e-02
0.611995000 5.80502503308776147e-02
0.612033000 5.84701199692387319e-02
0.612070000 5.76468465494168678e-02
0.612107000 5.63478132122991332e-02
0.612145000 5.54154251847338089e-02
0.612182000 5.76923579270555431e-02
0.612220000 5.79244235666936114e-02
0.612257000 5.76367538771632160e-02
0.612295000 5.77957687774562634e-02
0.612332000 5.70117982799702300e-02
0.612370000 4.46538197638665854e-02
0.612407000 4.03635903964983805e-02
0.612445000 5.62265817278220781e-02
0.612482000 5.75068064841295912e-02
0.612520000 5.74066697166800907e-02
0.612557000 5.81627818991004783e-02
0.612595000 5.82765099120784169e-02
0.612632000 5.80121929767355646e-02
0.612670000 5.47580029222217296e-02
0.612708000 5.78180220097301925e-02
0.612745000 5.84015832937945373e-02
0.612783000 5.57847861959986022e-02
0.612820000 5.76053823001901819e-02
0.612858000 5.85090313826356970e-02
0.612895000 5.83379837478937777e-02
0.612933000 5.64206259169811944e-02
0.612970000 5.23374678702254251e-02
0.613008000 5.89816530236782210e-02
0.613046000 5.69317201528735453e-02
0.613083000 5.57661241108025826e-02
0.613121000 5.72798839206399776e-02
0.613158000 5.69538724644294142e-02
0.613196000 5.68653189780059035e-02
0.613234000 5.85455333907185793e-02
0.613271000 5.82912421118857160e-02
0.613309000 5.59627507024912096e-02
0.613346000 5.36923734842431957e-02
0.613384000 5.79959927633749844e-02
0.613422000 5.82869765684091920e-02
0.613459000 5.83382558772449072e-02
0.613497000 5.87494279025792751e-02
0.613535000 5.82802298134143665e-02
0.613572000 5.77860548092827692e-02
0.613610000 5.91403577835838412e-02
0.613648000 5.83332812171317855e-02
0.613685000 5.76157277361805456e-02
0.613723000 5.73038354902797795e-02
0.613761000 5.67376657265229734e-02
0.613798000 5.49815916843476790e-02
0.613836000 4.01213984864878248e-02
0.613874000 4.77440127953551244e-02
0.613911000 5.09349446201785155e-02
0.613949000 4.32263751477474437e-02
0.613987000 5.67814224577227952e-02
0.614024000 5.50577428504870070e-02
0.614062000 5.87425408720006689e-02
0.614100000 5.83680678396543695e-02
0.614137000 5.80841079044149555e-02
0.614175000 5.92650516478533049e-02
0.614213000 5.91652314017904676e-02
0.614251000 5.83577509038931963e-02
0.614288000 5.80532006320234190e-02
0.614326000 4.85034432186908643e-02
0.614364000 5.01747978107877704e-02
0.614402000 5.50372036778354959e-02
0.614439000 5.57532158004050635e-02
0.614477000 5.89734925750288186e-02
0.614515000 5.90865720050061591e-02
0.614553000 5.84501997072712914e-02
0.614590000 5.84852002973382315e-02
0.614628000 5.91457064724954795e-02
0.614666000 5.42892401669266139e-02
0.614704000 5.76675595972703237e-02
0.614742000 5.83915541685768105e-02
0.614779000 5.82470763333327382e-02
0.614817000 5.89888070277900245e-02
0.614855000 5.91318188792964855e-02
0.614893000 5.91789594215434353e-02
0.614931000 5.28070208109212916e-02
0.614968000 5.27045591552970163e-02
0.615006000 5.91634524586734795e-02
0.615044000 5.85770842771220629e-02
0.615082000 5.53929278608739847e-02
0.615120000 5.63570601259817186e-02
0.615157000 5.79386138377804144e-02
0.615195000 5.80117575788858600e-02
0.615233000 5.93405739866953857e-02
0.615271000 5.93188239385765287e-02
0.615309000 5.64476120648321408e-02
0.615347000 5.43958291536956254e-02
0.615385000 5.82297921757785955e-02
0.615422000 5.81865250286408217e-02
0.615460000 5.91390250720138302e-02
0.615498000 5.91251020380830702e-02
0.615536000 5.93248259989237817e-02
0.615574000 5.62891715823234523e-02
0.615612000 5.57924113049110687e-02
0.615650000 5.71969803909641653e-02
0.615688000 4.80020022104022392e-02
0.615726000 5.72847860437288511e-02
0.615764000 5.66634639975866009e-02
0.615801000 5.73387749998134494e-02
0.615839000 5.86261423421950700e-02
0.615877000 5.87901409470352673e-02
0.615915000 5.62132676572830586e-02
0.615953000 5.15564885733616612e-02
0.615991000 5.86419654844284460e-02
0.616029000 5.91313651954229469e-02
0.616067000 5.91403623666859057e-02
0.616105000 5.75838855715250786e-02
0.616143000 5.91173325489808554e-02
0.616181000 5.89647213184443242e-02
0.616219000 5.60889494383958256e-02
0.616257000 5.22776191859312817e-02
0.616295000 5.01048790369373748e-02
0.616333000 5.52183372473191020e-02
0.616371000 3.99354127505640727e-02
0.616409000 4.16756654240706612e-02
0.616447000 5.71599245885493004e-02
0.616485000 5.69419765685662480e-02
0.616523000 4.60464676201843975e-02
0.616561000 5.26720247725946944e-02
0.616599000 5.91582741652167537e-02
0.616637000 5.91078373334462115e-02
0.616675000 5.81599538507875727e-02
0.616713000 5.33827048259418943e-02
0.616751000 5.90045626997363903e-02
0.616789000 5.56539661519527690e-02
0.616827000 5.16997650665680097e-02
0.616865000 5.93322079061701993e-02
0.616903000 5.94779665404289309e-02
0.616941000 5.92167712609135630e-02
0.616979000 5.91773283958730648e-02
0.617017000 5.92236216038528260e-02
0.617055000 5.22071803665350234e-02
0.617093000 4.90316487282426369e-02
0.617132000 4.50310033760784115e-02
0.617170000 5.76347152588627537e-02
0.617208000 5.10271736566366846e-02
0.617246000 5.35817971263830642e-02
0.617284000 5.87906080447977430e-02
0.617322000 5.94422089835196926e-02
0.617360000 5.93322782865161949e-02
0.617398000 5.93737811133537505e-02
0.617436000 5.99543322961786571e-02
0.617475000 5.78970281845759410e-02
0.617513000 5.08523462035133725e-02
0.617551000 5.93541460597124815e-02
0.617589000 5.95832458867254708e-02
0.617627000 5.95661586734435866e-02
0.617665000 5.90699406398418406e-02
0.617703000 5.33690403790697959e-02
0.617742000 5.89026129041152410e-02
0.617780000 5.94713540842130156e-02
0.617818000 5.83484190849856213e-02
0.617856000 5.06987059478331489e-02
0.617894000 5.70593233050042878e-02
0.617932000 5.99052890796732962e-02
0.617971000 6.02381927346451185e-02
0.618009000 5.91400056438871544e-02
0.618047000 5.95327726159145115e-02
0.618085000 5.93546741883520038e-02
0.618123000 6.01707364705015013e-02
0.618162000 5.79660642802300452e-02
0.618200000 5.22133287089085948e-02
0.618238000 5.93832153986754846e-02
0.618276000 5.96872484474792672e-02
0.618314000 6.05248810874269502e-02
0.618353000 6.04254320334795328e-02
0.618391000 5.95467848698282773e-02
0.618429000 5.94506971990059266e-02
0.618467000 6.03295686812762855e-02
0.618506000 5.95369451715203127e-02
0.618544000 5.78195913301156883e-02
0.618582000 5.95489389095500282e-02
0.618620000 6.06548328722299468e-02
0.618659000 6.06068663577513586e-02
0.618697000 5.97565581660058701e-02
0.618735000 5.84435925611210758e-02
0.618774000 5.91451581731908746e-02
0.618812000 5.80372222437171917e-02
0.618850000 5.57872935033909903e-02
0.618888000 6.02433107900957332e-02
0.618927000 6.02154949505699644e-02
0.618965000 5.35718532039157758e-02
0.619003000 5.93413368850269629e-02
0.619042000 6.03022622294432514e-02
0.619080000 5.87365253111859359e-02
0.619118000 6.06921425663418251e-02
0.619157000 6.08069547788197204e-02
0.619195000 5.97299397916730493e-02
0.619233000 6.04271315835029493e-02
0.619272000 5.42094559735282200e-02
0.619310000 4.33369183497670923e-02
0.619348000 5.01879098389062320e-02
0.619387000 6.03642967018173729e-02
0.619425000 6.06868519852177893e-02
0.619464000 6.08682934332681821e-02
0.619502000 5.99873513922300344e-02
0.619540000 6.05493399457295092e-02
0.619579000 6.03011968985839863e-02
0.619617000 5.77160460451935850e-02
0.619655000 6.01973011831311300e-02
0.619694000 5.95294194804816060e-02
0.619732000 5.90331670057143848e-02
0.619771000 6.08552237433804613e-02
0.619809000 6.10126254239272345e-02
0.619848000 6.10425170631692451e-02
0.619886000 6.03064076855884743e-02
0.619924000 6.10446314170290105e-02
0.619963000 6.11196832297963705e-02
0.620001000 6.11307028152810877e-02
0.620040000 6.09135769429291554e-02
0.620078000 5.97375504850699013e-02
0.620117000 5.98427440290331472e-02
0.620155000 6.09315270379838167e-02
0.620194000 5.24013824655296320e-02
0.620232000 5.68175718597800500e-02
0.620270000 6.07320486142782431e-02
0.620309000 6.11028272141653644e-02
0.620347000 6.11834046834074594e-02
0.620386000 6.12792835862815896e-02
0.620424000 6.11166454278803811e-02
0.620463000 6.11352342016084904e-02
0.620501000 6.09570236948367011e-02
0.620540000 6.12587717382856167e-02
0.620578000 6.13436055109326459e-02
0.620617000 5.93292549569735192e-02
0.620655000 5.97996156176241050e-02
0.620694000 6.11009344131352647e-02
0.620732000 6.14638779337065358e-02
0.620771000 6.22786960817281326e-02
0.620810000 6.13982097668561433e-02
0.620848000 6.13979058493041782e-02
0.620887000 6.11088976612158344e-02
0.620925000 6.13324133254041434e-02
0.620964000 6.12993016948517253e-02
0.621002000 6.07663715852483355e-02
0.621041000 6.08032491316159440e-02
0.621079000 6.14365314557048098e-02
0.621118000 6.22388180192606916e-02
0.621157000 6.13837800661561003e-02
0.621195000 6.13736831231709162e-02
0.621234000 6.08508617643073110e-02
0.621272000 6.14107346757660211e-02
0.621311000 6.22953719570819020e-02
0.621350000 6.13620971920191965e-02
0.621388000 6.07485156744457452e-02
0.621427000 6.14716302206911938e-02
0.621465000 6.14574796029384099e-02
0.621504000 5.30132111703149403e-02
0.621543000 5.69443893368934764e-02
0.621581000 6.10906403666847536e-02
0.621620000 6.15479432410782346e-02
0.621659000 5.74693505452633091e-02
0.621697000 5.24544062142749817e-02
0.621736000 6.12243648882046035e-02
0.621775000 6.00895784829846499e-02
0.621813000 5.65007732728090573e-02
0.621852000 6.20822010744456892e-02
0.621891000 6.16917085875154370e-02
0.621929000 6.12379280533330642e-02
0.621968000 6.20950365327061701e-02
0.622007000 6.14836980031852054e-02
0.622045000 6.16016836327831635e-02
0.622084000 5.40059020670898352e-02
0.622123000 5.50083606316527640e-02
0.622161000 6.06641975824745855e-02
0.622200000 5.99882633790292247e-02
0.622239000 5.94333314717612957e-02
0.622278000 5.99791774200833447e-02
0.622316000 5.97453018861416260e-02
0.622355000 6.22097829954661660e-02
0.622394000 6.17187028770920104e-02
0.622432000 6.17074758517977828e-02
0.622471000 6.24338873149146364e-02
0.622510000 6.24684523039201467e-02
0.622549000 5.98305795763622028e-02
0.622587000 5.88224550728350254e-02
0.622626000 6.17002245812059355e-02
0.622665000 6.22680625763655446e-02
0.622704000 6.22312574501276139e-02
0.622743000 6.17811162217472565e-02
0.622781000 6.15084845456408402e-02
0.622820000 6.07538046533929038e-02
0.622859000 5.94112335358906105e-02
0.622898000 6.22600149414536952e-02
0.622937000 6.06642889631852991e-02
0.622975000 6.16081873625504289e-02
0.623014000 6.25074412994525985e-02
0.623053000 6.25537956468908973e-02
0.623092000 5.71804266284645160e-02
0.623131000 6.08484610188613911e-02
0.623169000 5.93240487563625810e-02
0.623208000 5.81938743715703505e-02
0.623247000 4.19309785693442183e-02
0.623286000 5.92261515359362514e-02
0.623325000 6.22852349777785058e-02
0.623364000 6.25468389019281645e-02
0.623403000 5.97154411435542321e-02
0.623441000 4.99446106652468511e-02
0.623480000 6.13746187701113138e-02
0.623519000 6.17305081911689799e-02
0.623558000 6.24917829846182715e-02
0.623597000 6.26957303651991121e-02
0.623636000 6.26809761021731443e-02
0.623675000 6.26380352730400020e-02
0.623714000 6.18083310379036258e-02
0.623752000 6.17693461744231662e-02
0.623791000 6.23617154567017995e-02
0.623830000 6.21332835827338378e-02
0.623869000 6.10184131935043034e-02
0.623908000 5.36826732642379512e-02
0.623947000 6.12974000449259329e-02
0.623986000 5.98074416583372695e-02
0.624025000 5.77804000183817085e-02
0.624064000 6.25957240544660204e-02
0.624103000 6.17767178800874978e-02
0.624142000 6.15398342928525771e-02
0.624181000 5.99498779635311632e-02
0.624220000 5.68309422452226709e-02
0.624259000 5.89890310504997961e-02
0.624298000 6.26839344912108187e-02
0.624337000 6.25682424134510612e-02
0.624376000 6.25380998671502125e-02
0.624415000 6.25636716801466902e-02
0.624454000 6.01921960295380004e-02
0.624493000 5.84482203313513790e-02
0.624532000 5.89585239068959599e-02
0.624571000 5.70167729670374990e-02
0.624610000 5.65891661726449155e-02
0.624649000 6.02826822745712726e-02
0.624688000 6.24276583517264991e-02
0.624727000 5.80800262755819183e-02
0.624766000 5.92472946073343484e-02
0.624805000 4.60330418688002022e-02
0.624844000 6.02122696677747093e-02
0.624883000 6.20623789014269553e-02
0.624922000 5.52832881636290893e-02
0.624961000 6.07961731504653366e-02
0.625000000 6.25625520330596874e-02
0.625039000 6.24220397184487089e-02
0.625078000 6.19506140642449993e-02
0.625117000 6.13807564990508023e-02
0.625156000 6.18005360543257068e-02
0.625195000 6.25295321920185249e-02
0.625234000 6.33808550164667306e-02
0.625274000 6.34289029089910722e-02
0.625313000 6.24272650187897779e-02
0.625352000 6.04921398601054455e-02
0.625391000 6.05296368685405706e-02
0.625430000 4.57087115538759373e-02
0.625469000 6.08942594755825101e-02
0.625508000 6.23580931661474186e-02
0.625547000 5.97786149819381496e-02
0.625586000 4.87946434270072962e-02
0.625626000 5.69876275311473196e-02
0.625665000 6.16566203269410182e-02
0.625704000 6.23162733919062004e-02
0.625743000 6.13646995372125123e-02
0.625782000 5.58444640122521402e-02
0.625821000 5.25722937118579398e-02
0.625861000 6.27506048567555152e-02
0.625900000 6.24396419471126979e-02
0.625939000 6.20983950698189152e-02
0.625978000 5.56427759776312036e-02
0.626017000 5.68602038806412177e-02
0.626056000 5.57070514061550684e-02
0.626096000 6.30177817121978234e-02
0.626135000 5.95260370450705692e-02
0.626174000 6.20868548593780031e-02
0.626213000 6.33076636266620696e-02
0.626253000 6.16008661962150414e-02
0.626292000 5.61549713828205996e-02
0.626331000 6.24736391033901897e-02
0.626370000 6.22143218953791557e-02
0.626409000 6.28341945433384952e-02
0.626449000 6.33157598892207379e-02
0.626488000 6.24310942412285227e-02
0.626527000 6.25222585113353602e-02
0.626566000 6.33489061362926403e-02
0.626606000 6.33129990823146360e-02
0.626645000 6.18988859903894864e-02
0.626684000 5.03739613424478705e-02
0.626723000 6.11543102763057386e-02
0.626763000 6.30038084466116310e-02
0.626802000 6.20501413634309690e-02
0.626841000 6.32627257638037621e-02
0.626881000 6.31607601136829205e-02
0.626920000 6.20917613097495755e-02
0.626959000 6.25027682229460368e-02
0.626999000 6.31643787749116559e-02
0.627038000 6.20145755884893013e-02
0.627077000 6.30166566206577378e-02
0.627117000 6.32139995886892292e-02
0.627156000 6.16859412416143338e-02
0.627195000 5.54938371462100552e-02
0.627235000 6.27022854720648282e-02
0.627274000 6.13918370230934207e-02
0.627313000 6.00271330128816644e-02
0.627353000 6.22991233093548660e-02
0.627392000 6.22473766744278609e-02
0.627431000 6.26734215228654523e-02
0.627471000 6.28088067354599655e-02
0.627510000 6.23346996133019096e-02
0.627549000 6.29369246828065249e-02
0.627589000 6.28149250305978651e-02
0.627628000 6.22844635183541565e-02
0.627668000 6.27996443334864624e-02
0.627707000 6.24114809536427950e-02
0.627746000 6.30783809705804804e-02
0.627786000 6.31656643569663140e-02
0.627825000 6.32393504039215487e-02
0.627865000 6.29699000180532764e-02
0.627904000 6.13509307151703792e-02
0.627943000 6.27088622355819469e-02
0.627983000 6.16628819426436672e-02
0.628022000 6.24037179102628417e-02
0.628062000 6.31639906964790721e-02
0.628101000 6.10838015116431099e-02
0.628141000 5.90216279427835874e-02
0.628180000 6.21123653591531405e-02
0.628220000 5.71722110484081461e-02
0.628259000 5.81349719373707580e-02
0.628299000 6.32289809617472137e-02
0.628338000 6.31296676333228529e-02
0.628378000 6.30360708297980632e-02
0.628417000 6.16442442203675792e-02
0.628457000 5.92157438797993596e-02
0.628496000 6.31701575441369068e-02
0.628536000 6.33706509383655664e-02
0.628575000 6.32869264844320017e-02
0.628615000 6.32897541783471740e-02
0.628654000 6.31526349417685651e-02
0.628694000 6.19316616869120401e-02
0.628733000 6.32727087277581979e-02
0.628773000 6.10538733499183181e-02
0.628812000 6.19185734585550387e-02
0.628852000 6.31979267754260582e-02
0.628891000 6.32003899141001801e-02
0.628931000 6.32089637390857717e-02
0.628970000 6.32848777672249674e-02
0.629010000 6.35580506766227210e-02
0.629050000 6.34347791802088445e-02
0.629089000 6.35032494811916676e-02
0.629129000 6.33440331902359044e-02
0.629168000 6.34365266495174052e-02
0.629208000 6.31241451082236449e-02
0.629247000 5.89299563969442539e-02
0.629287000 5.72779476400408216e-02
0.629327000 6.33832881506277562e-02
0.629366000 6.33373137126183872e-02
0.629406000 6.35109165098880907e-02
0.629445000 6.22765666864318751e-02
0.629485000 6.37172915111232363e-02
0.629525000 6.31938400425569730e-02
0.629564000 6.14459417962989335e-02
0.629604000 6.40967712974572223e-02
0.629644000 6.36033159942926696e-02
0.629683000 6.35285888428636647e-02
0.629723000 6.44110781040017483e-02
0.629763000 6.34658654452778387e-02
0.629802000 6.24440642972050042e-02
0.629842000 6.32523063546243935e-02
0.629882000 6.35203125147245640e-02
0.629921000 6.14165293125849346e-02
0.629961000 5.41754171393700329e-02
0.630001000 6.31329034610045858e-02
0.630040000 6.34367687295965127e-02
0.630080000 6.38330968592969866e-02
0.630120000 5.93699218273620946e-02
0.630159000 6.13130840090660573e-02
0.630199000 6.36247883067156961e-02
0.630239000 6.32364036580811695e-02
0.630279000 6.24153367761931394e-02
0.630318000 4.79343120316822191e-02
0.630358000 5.95388132421820968e-02
0.630398000 5.93228508545735680e-02
0.630438000 5.43815823400781231e-02
0.630477000 6.35566497497014882e-02
0.630517000 6.35188603168242716e-02
0.630557000 6.32562074471933050e-02
0.630597000 6.29730944028324274e-02
0.630636000 6.34403202793714371e-02
0.630676000 6.42973230689453390e-02
0.630716000 6.36776441985844321e-02
0.630756000 6.32709433448704062e-02
0.630795000 6.36768097493295160e-02
0.630835000 6.46403399615686908e-02
0.630875000 6.45216896837198101e-02
0.630915000 6.44225888283789239e-02
0.630955000 6.29636221433756277e-02
0.630994000 6.34838137427908566e-02
0.631034000 6.40346901989577999e-02
0.631074000 6.39954445700928187e-02
0.631114000 6.46243863330090984e-02
0.631154000 6.29603925662077235e-02
0.631194000 6.11588382184823781e-02
0.631233000 6.28520828475313820e-02
0.631273000 6.36608540938480988e-02
0.631313000 6.01859828916016110e-02
0.631353000 6.30395472996713169e-02
0.631393000 6.36081531796273691e-02
0.631433000 6.42254697435806210e-02
0.631473000 6.33067703358958650e-02
0.631512000 6.37316567704707543e-02
0.631552000 6.45895196310193875e-02
0.631592000 6.44614201320079933e-02
0.631632000 5.53485224115848815e-02
0.631672000 6.02191723685458133e-02
0.631712000 5.47236892157826130e-02
0.631752000 5.82647967219961441e-02
0.631792000 6.35587669318684323e-02
0.631832000 6.37891055988460964e-02
0.631872000 6.40298125188730333e-02
0.631912000 6.26364209295787594e-02
0.631951000 5.69911709255929919e-02
0.631991000 5.22640439441783081e-02
0.632031000 5.90457688009968784e-02
0.632071000 5.96550091629573856e-02
0.632111000 5.97165890760718160e-02
0.632151000 6.35998986585717685e-02
0.632191000 6.40918627532497814e-02
0.632231000 6.36332788035903901e-02
0.632271000 6.36076043827680515e-02
0.632311000 6.45621991575207055e-02
0.632351000 6.44518129139733387e-02
0.632391000 6.19682124994150457e-02
0.632431000 5.62184647560250925e-02
0.632471000 6.04402081706621325e-02
0.632511000 6.48356906788243037e-02
0.632551000 6.48468079195602815e-02
0.632591000 6.46774428957641173e-02
0.632631000 6.45459649632164623e-02
0.632671000 6.45163711865156669e-02
0.632711000 6.46680911037689765e-02
0.632751000 6.48372344138884726e-02
0.632791000 6.48389643122627146e-02
0.632831000 6.47205495565638528e-02
0.632871000 6.45053606052498202e-02
0.632911000 6.22645739476977711e-02
0.632951000 6.16798314447751586e-02
0.632992000 6.56777058506686356e-02
0.633032000 6.48975119883708484e-02
0.633072000 6.48708205806172028e-02
0.633112000 6.47966749545534210e-02
0.633152000 6.41032301405928123e-02
0.633192000 6.13210337352785642e-02
0.633232000 6.32619692151379226e-02
0.633272000 6.08828303360367459e-02
0.633312000 6.47861590808313098e-02
0.633352000 6.37526871578930343e-02
0.633392000 6.43267717043654041e-02
0.633433000 6.56557365671038978e-02
0.633473000 6.49215725783649639e-02
0.633513000 6.48840868442731589e-02
0.633553000 6.48421160589415096e-02
0.633593000 6.46907512574114163e-02
0.633633000 6.45155833518896576e-02
0.633673000 6.31524479716939341e-02
0.633714000 5.18716643318789319e-02
0.633754000 6.38969969705777546e-02
0.633794000 6.36222472192023297e-02
0.633834000 5.71354454412442286e-02
0.633874000 5.34688413791198289e-02
0.633914000 6.52333995433541786e-02
0.633955000 6.55396283948656566e-02
0.633995000 6.44354376006743973e-02
0.634035000 6.25904203703722128e-02
0.634075000 5.47682666710610708e-02
0.634115000 6.29568379901879194e-02
0.634156000 6.52859905958378950e-02
0.634196000 6.44823725406445669e-02
0.634236000 6.46178318399713431e-02
0.634276000 6.54168761336882537e-02
0.634317000 6.50797551453762835e-02
0.634357000 6.38715680576995848e-02
0.634397000 6.37826357671745642e-02
0.634437000 6.40014099232411593e-02
0.634478000 6.35749620409493954e-02
0.634518000 6.26366454845263126e-02
0.634558000 6.08736119869877912e-02
0.634598000 5.63249138594968321e-02
0.634639000 6.43531903865693228e-02
0.634679000 6.39487693709099858e-02
0.634719000 6.42928634609747918e-02
0.634759000 6.51271246030098727e-02
0.634800000 6.53165536801148944e-02
0.634840000 6.42540638974733735e-02
0.634880000 5.96814786965114141e-02
0.634921000 6.37400151765489809e-02
0.634961000 6.41752731781241037e-02
0.635001000 6.55702794996679272e-02
0.635042000 6.56599249348667480e-02
0.635082000 6.48626086656318712e-02
0.635122000 6.53913728793127647e-02
0.635163000 6.54762151755240163e-02
0.635203000 6.43471682781737581e-02
0.635243000 6.50215022783709601e-02
0.635284000 6.54761119496990451e-02
0.635324000 6.45749779700390131e-02
0.635364000 6.56469654788309070e-02
0.635405000 6.54972250792435484e-02
0.635445000 6.52068884112361330e-02
0.635486000 6.51165079681167436e-02
0.635526000 6.43945112351068660e-02
0.635566000 6.53307658419234605e-02
0.635607000 6.55414253550278131e-02
0.635647000 6.25106752071114963e-02
0.635687000 5.50101487313161691e-02
0.635728000 6.49906923638667450e-02
0.635768000 6.55718309284456513e-02
0.635809000 6.55770483766832252e-02
0.635849000 6.55447071296705458e-02
0.635890000 6.53686913045561369e-02
0.635930000 6.46621264906030863e-02
0.635970000 6.53445950946150017e-02
0.636011000 6.29036641205367453e-02
0.636051000 5.42428246832589722e-02
0.636092000 6.48265798540937771e-02
0.636132000 6.46290185666849176e-02
0.636173000 6.44077749990374787e-02
0.636213000 6.41694246597092760e-02
0.636254000 6.13556321858923642e-02
0.636294000 6.30040556960806686e-02
0.636335000 6.30061131676575709e-02
0.636375000 6.23579292130445259e-02
0.636416000 6.02117898851243158e-02
0.636456000 5.94496260450869257e-02
0.636497000 6.32606611147526754e-02
0.636537000 6.46237360625573909e-02
0.636578000 6.43685527921808581e-02
0.636618000 6.04186104405446331e-02
0.636659000 6.38379947088714428e-02
0.636699000 6.55666250030281228e-02
0.636740000 6.56290514283213722e-02
0.636780000 6.54128644290803418e-02
0.636821000 6.22050816279301130e-02
0.636862000 6.50967657127005384e-02
0.636902000 6.53603334742809128e-02
0.636943000 6.57067108288007795e-02
0.636983000 6.57963937819851102e-02
0.637024000 6.57802282833469254e-02
0.637064000 6.57059594613156189e-02
0.637105000 6.48304510768256820e-02
0.637146000 6.44528488746852896e-02
0.637186000 6.49525257943296963e-02
0.637227000 6.40452489709040784e-02
0.637267000 6.54850053948880378e-02
0.637308000 6.24848920168954089e-02
0.637349000 6.49930811782950812e-02
0.637389000 6.59769131620442234e-02
0.637430000 6.67467248334277369e-02
0.637471000 6.57895496693594178e-02
0.637511000 6.58820759337707673e-02
0.637552000 6.56904383842359108e-02
0.637592000 6.55802800937389657e-02
0.637633000 6.62804400014110201e-02
0.637674000 6.56636787530366084e-02
0.637714000 6.53186670596788838e-02
0.637755000 6.58296961299727756e-02
0.637796000 6.53885983689486278e-02
0.637836000 6.58584325085289218e-02
0.637877000 6.67092091775638024e-02
0.637918000 6.65404414002385564e-02
0.637959000 6.57156771275375778e-02
0.637999000 6.11788714429247968e-02
0.638040000 6.57182290587576684e-02
0.638081000 6.54102391652299497e-02
0.638121000 6.56497567290932754e-02
0.638162000 6.65796780930356102e-02
0.638203000 6.65939211288624350e-02
0.638244000 5.88440985730859720e-02
0.638284000 6.37554973054607482e-02
0.638325000 6.63918539878354530e-02
0.638366000 6.63566016463682240e-02
0.638407000 6.55433173979584893e-02
0.638447000 6.56312052309847432e-02
0.638488000 6.65274131295850585e-02
0.638529000 6.58126250982675742e-02
0.638570000 6.48400856904003259e-02
0.638610000 6.47450677623041398e-02
0.638651000 6.32112282345445170e-02
0.638692000 6.62379079463411569e-02
0.638733000 6.50533935955421166e-02
0.638774000 6.50619337522488767e-02
0.638814000 6.55908803581443517e-02
0.638855000 6.64300225644077202e-02
0.638896000 6.65089427366025721e-02
0.638937000 6.64656317864029400e-02
0.638978000 6.56506714434245409e-02
0.639018000 6.52256565307116482e-02
0.639059000 6.64156497665999712e-02
0.639100000 6.64008367359090607e-02
0.639141000 6.64931041482217933e-02
0.639182000 6.63751394674951256e-02
0.639223000 6.59898592130191003e-02
0.639264000 6.55718453689580205e-02
0.639304000 6.51917591087969595e-02
0.639345000 6.61872564125943752e-02
0.639386000 6.59001469870962725e-02
0.639427000 6.37081152771688947e-02
0.639468000 6.55749656215413451e-02
0.639509000 5.90908716137519066e-02
0.639550000 5.07919571879346873e-02
0.639591000 6.46582067384103842e-02
0.639632000 6.47464867417843759e-02
0.639672000 6.45285246156475645e-02
0.639713000 6.52788782535838469e-02
0.639754000 6.60994921722016793e-02
0.639795000 6.59734748168427226e-02
0.639836000 6.59434924506829279e-02
0.639877000 6.61199553867041628e-02
0.639918000 6.59355328869903751e-02
0.639959000 6.56431308712496497e-02
0.640000000 6.56366299095355599e-02
0.640041000 6.58606435397563750e-02
0.640082000 6.55308013111086385e-02
0.640123000 6.40707127668236481e-02
0.640164000 4.74745048739263903e-02
0.640205000 4.76083244472269504e-02
0.640246000 6.37835794558436059e-02
0.640287000 6.54893559033432326e-02
0.640328000 6.58882073864879153e-02
0.640369000 6.58731298175794650e-02
0.640410000 6.56413131820987733e-02
0.640451000 6.57946703476474937e-02
0.640492000 6.55193912210709772e-02
0.640533000 6.55848992538638625e-02
0.640574000 6.57881402298241685e-02
0.640615000 6.58313548878606131e-02
0.640656000 6.58477670742911442e-02
0.640697000 6.55259342504683900e-02
0.640738000 6.37157237870966398e-02
0.640779000 6.44694190514119442e-02
0.640820000 6.56191398410908705e-02
0.640861000 6.51001601237889971e-02
0.640902000 6.07984440784161070e-02
0.640943000 6.23463822261204476e-02
0.640985000 5.26467195765618484e-02
0.641026000 6.33426135025664250e-02
0.641067000 6.49791169473813296e-02
0.641108000 6.56850122109008810e-02
0.641149000 6.58642378204753465e-02
0.641190000 6.56735531242159387e-02
0.641231000 6.54004317454008055e-02
0.641272000 6.38284606039462854e-02
0.641313000 5.89089183226677998e-02
0.641355000 5.11031064075054345e-02
0.641396000 6.47330887733085364e-02
0.641437000 6.56389228515260048e-02
0.641478000 6.57567862152769328e-02
0.641519000 6.54075449517821789e-02
0.641560000 6.52499005980197860e-02
0.641601000 6.56787865636883350e-02
0.641643000 6.22316069099859842e-02
0.641684000 5.91916194166590970e-02
0.641725000 6.47698832117173801e-02
0.641766000 6.55778158045611098e-02
0.641807000 6.64656617603823635e-02
0.641849000 6.33851251631941948e-02
0.641890000 6.22835567191295306e-02
0.641931000 6.44291173222635294e-02
0.641972000 6.44767855158446118e-02
0.642013000 6.63916455805796529e-02
0.642055000 6.61871974007976344e-02
0.642096000 6.53048751422686813e-02
0.642137000 6.20582935962353810e-02
0.642178000 5.44046012385051778e-02
0.642220000 6.58352466152794524e-02
0.642261000 6.53333099356837171e-02
0.642302000 5.26159480546264310e-02
0.642343000 5.95334001470773019e-02
0.642385000 6.62648307253648206e-02
0.642426000 6.56775325038080615e-02
0.642467000 6.57571941051148662e-02
0.642508000 6.65054307477288970e-02
0.642550000 6.64151036034766745e-02
0.642591000 6.55667676611509653e-02
0.642632000 6.59201717435109885e-02
0.642674000 6.50081828637495973e-02
0.642715000 6.54770518876542779e-02
0.642756000 6.55268853289184411e-02
0.642797000 6.60301530614287591e-02
0.642839000 6.59603212189223409e-02
0.642880000 6.54702598708307160e-02
0.642921000 6.64051919422075504e-02
0.642963000 6.64405418467810122e-02
0.643004000 6.54855290650038641e-02
0.643045000 6.62943307786448000e-02
0.643087000 6.63654558759345647e-02
0.643128000 6.63786904000158856e-02
0.643170000 6.58899432061783863e-02
0.643211000 6.50670148455314012e-02
0.643252000 5.29695481490695050e-02
0.643294000 6.10807928764040761e-02
0.643335000 6.53123980884075944e-02
0.643376000 6.60056291731116324e-02
0.643418000 6.45702504554710732e-02
0.643459000 6.19254795223441248e-02
0.643501000 6.52811328285947401e-02
0.643542000 6.42309615095107006e-02
0.643583000 6.64463984920530409e-02
0.643625000 6.66739687272292492e-02
0.643666000 6.64693050095317983e-02
0.643708000 6.66545881077183489e-02
0.643749000 6.67651932147513977e-02
0.643791000 6.62148857586661727e-02
0.643832000 6.54917413831250100e-02
0.643874000 6.64778702666008747e-02
0.643915000 6.55696694792923113e-02
0.643956000 6.54684767691928460e-02
0.643998000 6.61588197094648972e-02
0.644039000 6.42468930834617646e-02
0.644081000 4.45635971192579333e-02
0.644122000 6.12502928366121732e-02
0.644164000 6.62266126137987243e-02
0.644205000 6.66158667790962417e-02
0.644247000 6.62692908722093688e-02
0.644288000 6.62968085008754926e-02
0.644330000 6.68314690369731096e-02
0.644371000 6.69035891113306386e-02
0.644413000 6.67689119987429774e-02
0.644454000 6.64637548204977113e-02
0.644496000 6.72490000115039677e-02
0.644538000 6.66203696832223941e-02
0.644579000 6.67667463366438674e-02
0.644621000 6.67299031834093087e-02
0.644662000 6.66986894154571325e-02
0.644704000 6.69434363356119361e-02
0.644745000 6.68932920893889615e-02
0.644787000 6.66377851688655792e-02
0.644828000 6.64653552047205914e-02
0.644870000 6.77279555295890318e-02
0.644912000 6.69389935212138382e-02
0.644953000 6.69626925102464327e-02
0.644995000 6.67530217951313593e-02
0.645036000 6.62426641504225699e-02
0.645078000 6.39726778762535059e-02
0.645120000 6.32467680583186503e-02
0.645161000 5.08950031356824178e-02
0.645203000 5.99015348052921448e-02
0.645245000 6.58146719225316812e-02
0.645286000 6.66628643907967444e-02
0.645328000 6.63119714468784899e-02
0.645369000 6.66873420604987693e-02
0.645411000 6.66672895108949559e-02
0.645453000 6.68071171862240215e-02
0.645494000 6.69597893546661771e-02
0.645536000 6.74259229965525897e-02
0.645578000 6.69007397521921982e-02
0.645619000 6.68642482688343587e-02
0.645661000 6.65238778032878342e-02
0.645703000 6.55708957942160720e-02
0.645745000 5.90799505487999838e-02
0.645786000 6.40685821020366558e-02
0.645828000 5.97106171026636906e-02
0.645870000 6.45958204482885018e-02
0.645911000 6.59919804833487000e-02
0.645953000 6.78948966278957039e-02
0.645995000 6.80121214893692760e-02
0.646037000 6.70751020819732452e-02
0.646078000 6.71711680544876677e-02
0.646120000 6.79309184255219578e-02
0.646162000 6.79066513081694190e-02
0.646204000 6.71769237494217047e-02
0.646245000 6.69655530086048362e-02
0.646287000 6.74426788701092683e-02
0.646329000 6.77117637644757270e-02
0.646371000 6.67164274300756088e-02
0.646412000 5.51939141937927286e-02
0.646454000 4.44688194208989404e-02
0.646496000 6.66886802412465091e-02
0.646538000 6.77938514836955719e-02
0.646580000 6.68609087335264446e-02
0.646621000 6.62622819555273301e-02
0.646663000 6.66495663270399719e-02
0.646705000 6.79210286767611138e-02
0.646747000 6.78111574628739999e-02
0.646789000 6.79662664737823996e-02
0.646831000 6.69021597420131342e-02
0.646872000 6.65076094288937075e-02
0.646914000 6.77919163270742364e-02
0.646956000 6.79374929769448743e-02
0.646998000 6.79298605394099697e-02
0.647040000 6.79183223705587397e-02
0.647082000 6.19917719899996250e-02
0.647124000 6.34524992301103014e-02
0.647165000 6.69366218179112960e-02
0.647207000 6.76985064645287959e-02
0.647249000 6.75355939136482314e-02
0.647291000 6.74885053418455561e-02
0.647333000 5.70463503547306502e-02
0.647375000 6.30105900943943031e-02
0.647417000 6.77284389724022579e-02
0.647459000 6.78434555400258404e-02
0.647501000 6.77494567739436310e-02
0.647543000 6.78700423945181736e-02
0.647585000 6.69361334132020508e-02
0.647626000 6.68875660310871006e-02
0.647668000 6.77444248773359237e-02
0.647710000 6.55349642516657310e-02
0.647752000 6.04133885526600550e-02
0.647794000 6.76951966495371177e-02
0.647836000 6.78271716835651683e-02
0.647878000 6.78019178139802892e-02
0.647920000 6.77525135883611518e-02
0.647962000 6.71729664044628527e-02
0.648004000 6.75976526309582521e-02
0.648046000 6.73691035832136575e-02
0.648088000 6.75244679788159496e-02
0.648130000 6.76491474258125586e-02
0.648172000 6.76511027725348879e-02
0.648214000 6.75953760136609599e-02
0.648256000 6.76107402745777936e-02
0.648298000 6.74900527134078831e-02
0.648340000 6.38929178045307133e-02
0.648382000 6.01642140835914468e-02
0.648424000 6.60026870110196201e-02
0.648466000 6.18948477836484476e-02
0.648508000 6.74218887949689094e-02
0.648550000 6.77569168891373474e-02
0.648593000 6.74573583005056293e-02
0.648635000 6.72142098625931744e-02
0.648677000 6.71090245955517223e-02
0.648719000 6.71270040249643263e-02
0.648761000 6.73442827779643094e-02
0.648803000 6.68447608367014751e-02
0.648845000 6.71351234052835755e-02
0.648887000 6.72762033641626511e-02
0.648929000 6.72952283117468075e-02
0.648971000 6.71910935625502220e-02
0.649013000 6.80132195358843644e-02
0.649056000 6.78551557721503440e-02
0.649098000 6.71694185632169399e-02
0.649140000 6.67719561623428826e-02
0.649182000 6.67525303041492518e-02
0.649224000 6.63911701042919217e-02
0.649266000 6.65512246906537625e-02
0.649308000 6.56860436764946376e-02
0.649351000 6.28951112340463275e-02
0.649393000 6.70563584466632862e-02
0.649435000 6.70128317554734704e-02
0.649477000 6.64743503488460785e-02
0.649519000 6.47904979549745325e-02
0.649562000 4.99701062990005468e-02
0.649604000 6.34857007364551112e-02
0.649646000 5.69166863762874953e-02
0.649688000 4.75096959778789907e-02
0.649730000 6.34759433564443531e-02
0.649773000 6.38510483742642243e-02
0.649815000 5.92203573954519363e-02
0.649857000 5.26540820521973832e-02
0.649899000 6.19224697924039350e-02
0.649942000 6.71354479456017644e-02
0.649984000 6.65991750006675182e-02
0.650026000 6.64852722938102381e-02
0.650068000 6.11054331512980442e-02
0.650111000 6.31275931851476846e-02
0.650153000 5.55071192845697434e-02
0.650195000 6.65223193352098702e-02
0.650237000 6.74456286583977049e-02
0.650280000 6.66149622230534366e-02
0.650322000 6.44823811969768707e-02
0.650364000 6.50386843527287067e-02
0.650407000 6.68519515156526939e-02
0.650449000 6.64632713469883729e-02
0.650491000 6.64220543278356279e-02
0.650533000 6.73202623932360605e-02
0.650576000 6.61841175517199898e-02
0.650618000 6.54770783878428630e-02
0.650660000 6.73024360714259834e-02
0.650703000 6.69375971975292305e-02
0.650745000 6.62539745279846076e-02
0.650787000 6.70634379413036497e-02
0.650830000 6.68374560256655981e-02
0.650872000 6.70768801687140620e-02
0.650915000 6.70819193463452201e-02
0.650957000 6.63453781275002291e-02
0.650999000 6.67865007901268098e-02
0.651042000 6.63762756635119799e-02
0.651084000 6.54093530361523207e-02
0.651126000 6.65838588165603013e-02
0.651169000 6.66448010336265911e-02
0.651211000 6.67742075707802862e-02
0.651254000 6.69432603662985237e-02
0.651296000 6.68707635216554408e-02
0.651339000 6.68810420035257924e-02
0.651381000 6.60040307860644132e-02
0.651423000 6.67374323444030887e-02
0.651466000 6.65447547153133340e-02
0.651508000 6.66219705457028050e-02
0.651551000 6.68144672578875887e-02
0.651593000 6.67144863017190420e-02
0.651636000 6.67174589318228484e-02
0.651678000 6.66203883921803464e-02
0.651721000 6.67741427784483005e-02
0.651763000 6.31413213843673993e-02
0.651806000 6.16084783345530532e-02
0.651848000 6.58237111562136462e-02
0.651890000 6.62269257315345611e-02
0.651933000 6.65998525763613070e-02
0.651975000 6.58845503141690103e-02
0.652018000 5.85870154952287600e-02
0.652061000 6.29977919943995879e-02
0.652103000 6.61176649060200711e-02
0.652146000 6.59897248416961291e-02
0.652188000 6.60017328607932774e-02
0.652231000 6.62454450704461212e-02
0.652273000 6.61549500201530916e-02
0.652316000 6.62544328834800827e-02
0.652358000 6.61782678228141075e-02
0.652401000 6.59992967536377484e-02
0.652443000 6.58115861292648402e-02
0.652486000 6.66892716409095421e-02
0.652529000 6.61611735304176302e-02
0.652571000 6.60901755059401796e-02
0.652614000 6.62918562261235189e-02
0.652656000 6.61706677199881826e-02
0.652699000 6.70517533592363546e-02
0.652742000 6.63438513568680027e-02
0.652784000 6.58382893474415143e-02
0.652827000 6.31817270480162091e-02
0.652869000 6.24193375624345348e-02
0.652912000 6.18580294658421723e-02
0.652955000 6.57929487056651136e-02
0.652997000 6.59114506674045586e-02
0.653040000 6.53946503801855622e-02
0.653083000 6.59342205873569287e-02
0.653125000 6.59099949930312817e-02
0.653168000 6.68062495441328064e-02
0.653211000 6.61587774610714330e-02
0.653253000 6.62129603137198153e-02
0.653296000 6.65194119985348803e-02
0.653339000 6.53900799032859359e-02
0.653381000 6.59475684759997932e-02
0.653424000 6.67408241631720217e-02
0.653467000 6.35991103882557751e-02
0.653509000 6.56058308530358542e-02
0.653552000 6.38302391153724447e-02
0.653595000 6.26770214457284952e-02
0.653637000 6.59554963448609616e-02
0.653680000 6.66279053179000824e-02
0.653723000 6.66067642446591668e-02
0.653766000 6.59575011178914622e-02
0.653808000 6.57427444911767855e-02
0.653851000 6.63700472677286879e-02
0.653894000 6.63508085751891991e-02
0.653937000 6.56404302317678129e-02
0.653979000 6.54159640620954747e-02
0.654022000 6.59051252419096262e-02
0.654065000 6.62603456447713735e-02
0.654108000 6.63812856544994390e-02
0.654151000 6.57463586952334172e-02
0.654193000 6.57579991050078194e-02
0.654236000 6.64527131299759710e-02
0.654279000 6.62934748294894682e-02
0.654322000 6.60481690150562656e-02
0.654365000 6.54371415771962395e-02
0.654407000 6.53056639731537381e-02
0.654450000 6.60577963823076181e-02
0.654493000 6.59095943860025235e-02
0.654536000 6.58505835140936191e-02
0.654579000 6.60461816104211119e-02
0.654622000 6.53129436279425296e-02
0.654664000 6.50440227565633744e-02
0.654707000 6.59003931307379914e-02
0.654750000 6.56134051778537314e-02
0.654793000 5.44416642089643951e-02
0.654836000 6.06611411939586287e-02
0.654879000 6.56247085931493668e-02
0.654922000 6.54728788513311566e-02
0.654965000 6.53347659917245110e-02
0.655008000 6.44684680783313285e-02
0.655050000 6.48376440694677370e-02
0.655093000 6.55125962389409983e-02
0.655136000 6.55182609800462473e-02
0.655179000 6.52409810603901685e-02
0.655222000 6.49255210900166052e-02
0.655265000 6.50810305822632496e-02
0.655308000 6.49325218447082686e-02
0.655351000 6.41429990961328161e-02
0.655394000 6.48413695865779627e-02
0.655437000 6.46725690772694539e-02
0.655480000 6.45102241117122555e-02
0.655523000 6.44455276417393585e-02
0.655566000 6.38440766785640101e-02
0.655609000 6.20340977741133393e-02
0.655652000 6.34943741341272294e-02
0.655695000 6.13975276454165955e-02
0.655738000 5.82172836892213760e-02
0.655781000 6.05611850981031957e-02
0.655824000 6.21507104178975547e-02
0.655867000 6.10306783946223397e-02
0.655910000 6.22017387338726913e-02
0.655953000 6.15765284924991649e-02
0.655996000 6.07757274596127800e-02
0.656039000 6.04683499449893483e-02
0.656082000 5.99262552607717491e-02
0.656125000 5.74451462176935185e-02
0.656168000 5.71877957893353675e-02
0.656211000 5.56901975595680276e-02
0.656254000 5.36598692444717612e-02
0.656297000 5.34893403216470595e-02
0.656340000 5.05005354398366316e-02
0.656383000 4.21945551064702856e-02
0.656426000 2.11280181456800151e-02
0.656470000 1.35719679150776828e-02
0.656513000 2.76387195098740344e-02
0.656556000 4.62414993747263525e-02
0.656599000 5.15839088024068818e-02
0.656642000 5.43100427259001484e-02
0.656685000 5.61176229867969903e-02
0.656728000 5.70242018912335696e-02
0.656771000 5.85196458961831506e-02
0.656814000 6.02936813867078827e-02
0.656858000 6.10442688163650091e-02
0.656901000 6.10109569398765428e-02
0.656944000 6.16028281351032533e-02
0.656987000 6.21136597169187690e-02
0.657030000 6.23397267731424162e-02
0.657073000 5.98509732875048758e-02
0.657117000 5.59581425736771498e-02
0.657160000 6.30418531825501782e-02
0.657203000 6.32886091221756819e-02
0.657246000 6.28330437816007614e-02
0.657289000 6.38796904783447417e-02
0.657333000 6.48580379430368920e-02
0.657376000 6.44076940580852603e-02
0.657419000 6.41787609864639119e-02
0.657462000 6.03526306341053143e-02
0.657505000 6.55933731636836603e-02
0.657549000 6.58879155836970126e-02
0.657592000 6.21975189622308230e-02
0.657635000 6.39144908989644350e-02
0.657678000 5.83146796453144975e-02
0.657722000 6.47347487832870272e-02
0.657765000 6.56441622774474043e-02
0.657808000 6.51953546229274705e-02
0.657851000 6.63208859411617557e-02
0.657895000 6.65750660836352537e-02
0.657938000 6.59232364014345068e-02
0.657981000 6.68122212424953621e-02
0.658025000 6.68390820136363639e-02
0.658068000 6.60134804393267133e-02
0.658111000 6.67875691267719729e-02
0.658155000 6.68174586205048104e-02
0.658198000 6.48648903550531203e-02
0.658241000 6.67217507899874607e-02
0.658285000 6.48842790068691055e-02
0.658328000 6.48203641925038515e-02
0.658371000 6.67835179778401844e-02
0.658415000 6.68328079509483003e-02
0.658458000 6.60112044562242428e-02
0.658501000 6.68079473347390068e-02
0.658545000 6.50808225203897694e-02
0.658588000 6.59817826159676130e-02
0.658631000 6.66654066635320314e-02
0.658675000 6.72374473385634747e-02
0.658718000 6.71622641791136815e-02
0.658762000 6.73485583764102252e-02
0.658805000 6.14423092050094058e-02
0.658848000 6.55465763820560626e-02
0.658892000 6.72843949324859886e-02
0.658935000 6.58413992676950416e-02
0.658979000 6.68180630757974903e-02
0.659022000 6.66786740404552991e-02
0.659065000 6.74885079185468528e-02
0.659109000 6.73881894251604496e-02
0.659152000 6.75921494377527132e-02
0.659196000 6.75778853196607882e-02
0.659239000 6.76324643066251036e-02
0.659283000 6.72322137041964224e-02
0.659326000 6.64408097979045237e-02
0.659370000 6.74837457704500904e-02
0.659413000 6.56378573372602830e-02
0.659457000 5.52530953450117573e-02
0.659500000 5.97852331652704849e-02
0.659544000 6.21989108223361675e-02
0.659587000 5.91572455562451097e-02
0.659631000 6.74612246592359438e-02
0.659674000 6.74564891741193245e-02
0.659718000 6.74645945974700345e-02
0.659761000 6.70924524227150265e-02
0.659805000 6.74000239382221561e-02
0.659848000 6.77572480522653370e-02
0.659892000 6.75105649252608769e-02
0.659935000 6.16535857940015072e-02
0.659979000 6.69575554634536940e-02
0.660022000 6.53930758340082879e-02
0.660066000 6.61667749405822347e-02
0.660110000 6.69488894878766394e-02
0.660153000 6.78799792770686389e-02
0.660197000 6.78457835979253965e-02
0.660240000 6.78189812306958101e-02
0.660284000 6.85700694194133764e-02
0.660328000 6.77034974836127068e-02
0.660371000 6.78668907553707373e-02
0.660415000 6.76547007322107347e-02
0.660458000 6.78458448061240726e-02
0.660502000 6.82846404056554473e-02
0.660546000 6.77674058698384679e-02
0.660589000 6.78575293605271079e-02
0.660633000 6.40422834411987357e-02
0.660677000 6.66657448407172309e-02
0.660720000 6.72980164204938780e-02
0.660764000 6.72787039300047490e-02
0.660808000 6.74531791639260275e-02
0.660851000 6.70811656087663133e-02
0.660895000 6.72876800113958173e-02
0.660939000 6.73357216529155977e-02
0.660982000 6.52205032343746854e-02
0.661026000 6.82231280967162401e-02
0.661070000 6.29317191517857061e-02
0.661113000 6.09700272063553525e-02
0.661157000 6.67722005717374945e-02
0.661201000 6.77605263793887580e-02
0.661244000 6.75562421175939926e-02
0.661288000 6.83783055063934692e-02
0.661332000 6.84065562852419068e-02
0.661376000 6.74133338750846217e-02
0.661419000 6.75024314953328042e-02
0.661463000 6.85916041674294458e-02
0.661507000 6.75872224435221380e-02
0.661551000 6.57419360434416400e-02
0.661594000 6.73304816370044051e-02
0.661638000 6.84714788185460804e-02
0.661682000 6.84558851169601162e-02
0.661726000 6.85820176336409265e-02
0.661770000 6.76954848577797086e-02
0.661813000 6.76613662331962129e-02
0.661857000 6.81729225757103235e-02
0.661901000 6.79539065536007153e-02
0.661945000 6.77771888804064720e-02
0.661989000 6.73640728948942946e-02
0.662032000 6.75306761821191093e-02
0.662076000 6.84619509539247662e-02
0.662120000 6.81759053596690118e-02
0.662164000 6.82774244413602988e-02
0.662208000 6.86115704937101806e-02
0.662252000 6.86043696122892732e-02
0.662296000 6.75380162776897108e-02
0.662339000 6.77900996167782877e-02
0.662383000 6.85035973654772451e-02
0.662427000 6.83805279134753197e-02
0.662471000 6.85039649682347707e-02
0.662515000 6.85004113632159267e-02
0.662559000 6.80533096043750702e-02
0.662603000 6.81413886577216521e-02
0.662647000 6.78752369425301982e-02
0.662691000 6.55604400604581639e-02
0.662734000 6.78575966360975835e-02
0.662778000 6.85427089264506462e-02
0.662822000 6.84457332589728934e-02
0.662866000 6.86687522634585878e-02
0.662910000 6.69207755831727480e-02
0.662954000 6.57871592443582814e-02
0.662998000 6.85666072674036703e-02
0.663042000 6.85104607681416150e-02
0.663086000 6.84576029992324531e-02
0.663130000 6.85498268450148440e-02
0.663174000 6.76369650889191432e-02
0.663218000 6.83439678438257647e-02
0.663262000 6.82726594566535477e-02
0.663306000 6.79096851515739591e-02
0.663350000 6.76239284962688175e-02
0.663394000 6.75020541128407842e-02
0.663438000 6.73802401244620319e-02
0.663482000 6.81375465473634395e-02
0.663526000 6.17438583536438490e-02
0.663570000 5.79613986837812234e-02
0.663614000 6.46483128918621530e-02
0.663658000 6.75492814096902844e-02
0.663702000 6.50875705204687766e-02
0.663746000 6.70370113541456925e-02
0.663790000 6.81068186579723567e-02
0.663834000 6.83744340112915766e-02
0.663878000 6.85856722494781329e-02
0.663922000 6.95098410704701325e-02
0.663967000 6.91762980862297844e-02
0.664011000 6.82710046379212399e-02
0.664055000 6.86263768233255494e-02
0.664099000 6.86755092605006862e-02
0.664143000 6.52924488763771405e-02
0.664187000 6.64593368222120701e-02
0.664231000 6.86751894388241413e-02
0.664275000 6.88050939837948211e-02
0.664319000 6.95996458878114371e-02
0.664364000 6.95953234846231339e-02
0.664408000 6.86692256329461542e-02
0.664452000 6.85681932482830742e-02
0.664496000 6.83525266293820155e-02
0.664540000 5.66094682948967906e-02
0.664584000 6.60092037103263141e-02
0.664628000 6.92956927483472096e-02
0.664673000 6.91481625265419203e-02
0.664717000 6.80172566864280792e-02
0.664761000 6.87763717268015384e-02
0.664805000 6.88244930761285345e-02
0.664849000 6.89675276514749441e-02
0.664894000 6.86774408185031049e-02
0.664938000 6.87935002008746854e-02
0.664982000 6.78989401839564521e-02
0.665026000 6.86486412310281791e-02
0.665070000 6.97275632185163641e-02
0.665115000 6.96317314246632929e-02
0.665159000 6.89999473390084522e-02
0.665203000 6.88725627719645739e-02
0.665247000 6.96635162003917674e-02
0.665292000 6.95424674851404800e-02
0.665336000 6.88636993776604589e-02
0.665380000 6.95442068482968745e-02
0.665425000 6.93954961144458427e-02
0.665469000 6.88380609736020110e-02
0.665513000 6.87740750203205270e-02
0.665557000 6.84937231899772625e-02
0.665602000 6.91275425484215306e-02
0.665646000 6.87835183556844698e-02
0.665690000 6.96034577966781753e-02
0.665735000 6.93485418627849681e-02
0.665779000 6.88564592969952288e-02
0.665823000 6.93561273713720478e-02
0.665868000 6.93479983777914172e-02
0.665912000 6.86751962780998426e-02
0.665956000 6.95102577806962357e-02
0.666001000 6.97432698019296998e-02
0.666045000 6.88279114662521813e-02
0.666089000 6.96710471683977539e-02
0.666134000 6.94980064204838849e-02
0.666178000 6.91379346432535041e-02
0.666223000 6.96335846933183594e-02
0.666267000 6.79786062994175988e-02
0.666311000 6.75948645553870048e-02
0.666356000 6.95101713741615862e-02
0.666400000 6.96274468862515539e-02
0.666445000 6.94277254764717466e-02
0.666489000 6.41932586879327000e-02
0.666533000 5.64642284621583168e-02
0.666578000 6.92000130097709665e-02
0.666622000 6.93189392623201200e-02
0.666667000 6.91625603072720113e-02
0.666711000 6.82377072769680543e-02
0.666756000 6.89809954532257380e-02
0.666800000 6.84854235232233571e-02
0.666844000 6.87888197396728795e-02
0.666889000 6.90265209381127759e-02
0.666933000 6.79175983615799700e-02
0.666978000 6.85284674331620991e-02
0.667022000 6.85034415558573584e-02
0.667067000 6.88302088772063808e-02
0.667111000 6.85497838736751769e-02
0.667156000 6.94304805908298461e-02
0.667200000 6.94713241397847819e-02
0.667245000 6.93985739679535418e-02
0.667289000 6.93338025531949759e-02
0.667334000 6.97993924845412700e-02
0.667379000 6.86662462417453462e-02
0.667423000 6.89871105328931644e-02
0.667468000 6.90127474717868727e-02
0.667512000 6.93395076102338304e-02
0.667557000 6.91693105797376584e-02
0.667601000 6.91063434080892852e-02
0.667646000 6.93123888272237088e-02
0.667690000 6.93256558562116848e-02
0.667735000 6.99818264165523590e-02
0.667780000 6.92800974002120706e-02
0.667824000 6.91845042109485303e-02
0.667869000 6.89452123764780767e-02
0.667913000 6.86690199043491767e-02
0.667958000 6.09236019385839961e-02
0.668003000 5.70371554415654222e-02
0.668047000 6.81724465423992343e-02
0.668092000 6.95314633948905664e-02
0.668137000 6.89861186987875824e-02
0.668181000 6.84217504991767728e-02
0.668226000 6.93389773406204724e-02
0.668271000 6.92590219087951403e-02
0.668315000 6.88119595534285172e-02
0.668360000 6.98093871862626308e-02
0.668405000 6.90290899259477370e-02
0.668449000 6.90938912780795778e-02
0.668494000 6.98107876828194113e-02
0.668539000 6.91505947635829704e-02
0.668583000 6.91544115316874014e-02
0.668628000 7.00797944611044332e-02
0.668673000 6.90528331287151576e-02
0.668717000 6.91615202284832364e-02
0.668762000 6.99816078296882221e-02
0.668807000 7.00110099351860526e-02
0.668852000 6.92028585772619248e-02
0.668896000 6.91399339763138221e-02
0.668941000 6.93304058636354109e-02
0.668986000 6.98495861861441469e-02
0.669031000 6.91591462752975672e-02
0.669075000 6.89563875047825847e-02
0.669120000 6.98145198548870971e-02
0.669165000 7.00273708354991198e-02
0.669210000 6.91661101616532215e-02
0.669254000 6.87163746793755803e-02
0.669299000 6.97696087725841463e-02
0.669344000 6.98843669458978634e-02
0.669389000 6.97230740329354143e-02
0.669434000 6.86759403978629973e-02
0.669478000 6.87229281646854900e-02
0.669523000 6.97844178819567312e-02
0.669568000 6.98069458796931747e-02
0.669613000 6.98085055380010810e-02
0.669658000 6.96230338684568489e-02
0.669703000 6.97447615712795121e-02
0.669748000 6.81063449322157621e-02
0.669792000 6.25806486316805993e-02
0.669837000 6.75468173505708175e-02
0.669882000 6.87085897722237576e-02
0.669927000 6.86908873072536175e-02
0.669972000 6.93436988224201273e-02
0.670017000 6.86953022338323144e-02
0.670062000 6.67647875171882149e-02
0.670107000 6.77737426649003133e-02
0.670151000 6.88355379688871533e-02
0.670196000 6.95044715737683505e-02
0.670241000 6.93523410093956766e-02
0.670286000 6.92393594793057343e-02
0.670331000 6.90897312010294862e-02
0.670376000 6.93284913043492601e-02
0.670421000 6.93798225947009489e-02
0.670466000 6.94116873249906313e-02
0.670511000 6.76420583902686001e-02
0.670556000 6.51803714425142067e-02
0.670601000 6.89769817146285713e-02
0.670646000 6.84507238385920341e-02
0.670691000 6.29424178219506608e-02
0.670736000 6.81513097681568647e-02
0.670781000 6.91167006838615955e-02
0.670826000 6.91335478928384040e-02
0.670871000 6.88719278485095676e-02
0.670916000 6.81874549289523124e-02
0.670961000 6.82503236185337953e-02
0.671006000 6.87193071599310895e-02
0.671051000 6.85498802580784272e-02
0.671096000 6.84812666724039232e-02
0.671141000 6.87583101680247916e-02
0.671186000 6.79436241754814846e-02
0.671231000 6.70776138837398672e-02
0.671276000 6.88623302232876378e-02
0.671321000 6.86158844799942685e-02
0.671366000 6.83788718202573281e-02
0.671411000 6.85366527700296824e-02
0.671456000 6.76319891781812371e-02
0.671501000 6.52881705874512053e-02
0.671547000 6.69448679822955833e-02
0.671592000 6.76577063380310040e-02
0.671637000 6.85074111121811852e-02
0.671682000 6.81409825368074762e-02
0.671727000 6.46451372625906628e-02
0.671772000 6.76636308468721998e-02
0.671817000 6.63515204506445883e-02
0.671862000 6.89188594608216992e-02
0.671908000 6.71592598002967861e-02
0.671953000 5.26925669048260367e-02
0.671998000 6.63987241982500892e-02
0.672043000 6.82228896642421839e-02
0.672088000 6.81583906076768942e-02
0.672133000 6.74855016604088004e-02
0.672179000 6.77943257080521750e-02
0.672224000 6.81788200605538824e-02
0.672269000 6.81511961698156726e-02
0.672314000 6.82394363255994646e-02
0.672359000 6.39624493398523730e-02
0.672405000 6.69628523254735125e-02
0.672450000 6.79078155610010753e-02
0.672495000 6.84406089054890865e-02
0.672540000 6.85259718876324586e-02
0.672585000 6.93387605679341990e-02
0.672631000 6.89739047689614249e-02
0.672676000 6.81014873609119969e-02
0.672721000 6.60960189457398817e-02
0.672766000 6.90055556372567019e-02
0.672812000 6.83729494308994573e-02
0.672857000 6.20806720226072251e-02
0.672902000 6.89968723107601128e-02
0.672948000 6.92627066119747281e-02
0.672993000 6.83936544631477406e-02
0.673038000 6.82522956707856260e-02
0.673083000 6.80768755926329378e-02
0.673129000 6.89388317676284668e-02
0.673174000 6.81542216822365599e-02
0.673219000 6.87307336095215327e-02
0.673265000 6.92917548469284827e-02
0.673310000 6.83977623338717644e-02
0.673355000 6.89900830863394571e-02
0.673401000 6.83307016688117635e-02
0.673446000 6.84692983272001121e-02
0.673491000 6.60623394022303023e-02
0.673537000 6.78563010432639835e-02
0.673582000 6.79650310045186029e-02
0.673627000 6.85893441962026756e-02
0.673673000 6.89196277268171037e-02
0.673718000 6.87636825546669578e-02
0.673764000 6.87121938827958550e-02
0.673809000 6.82268429099135432e-02
0.673854000 6.87940349514898075e-02
0.673900000 6.88876500302353229e-02
0.673945000 6.84351324419599227e-02
0.673991000 6.53204536818606657e-02
0.674036000 6.77190412373669948e-02
0.674082000 6.78226859675498672e-02
0.674127000 6.67203980270929115e-02
0.674172000 6.83532841072917868e-02
0.674218000 6.87191033337964802e-02
0.674263000 6.87068957027309191e-02
0.674309000 6.83371721960675110e-02
0.674354000 6.65298165553260407e-02
0.674400000 6.83883725474924570e-02
0.674445000 6.81983937976970572e-02
0.674491000 6.60240950380535790e-02
0.674536000 6.68921304234900427e-02
0.674582000 6.79854435907653182e-02
0.674627000 6.81960378893694402e-02
0.674673000 6.76138221059971456e-02
0.674718000 6.71712070313975340e-02
0.674764000 6.71756335999441900e-02
0.674809000 6.74274142433303053e-02
0.674855000 6.75928833311962712e-02
0.674900000 6.73141322250779273e-02
0.674946000 6.81219540780876182e-02
0.674992000 6.66088940219950326e-02
0.675037000 6.55312512045309603e-02
0.675083000 6.59842040530578822e-02
0.675128000 6.71707669499778393e-02
0.675174000 6.32451414943339119e-02
0.675219000 6.01120921695426705e-02
0.675265000 6.77829490065204321e-02
0.675311000 6.66527826221114533e-02
0.675356000 6.67201186824870757e-02
0.675402000 6.66392551935692662e-02
0.675447000 6.22775322622069749e-02
0.675493000 6.54547089755234818e-02
0.675539000 6.53596789938462042e-02
0.675584000 6.59872136039152957e-02
0.675630000 6.62970999348213158e-02
0.675676000 6.49763211453210088e-02
0.675721000 6.44658494439715735e-02
0.675767000 6.46481828900181132e-02
0.675813000 6.45333336677114122e-02
0.675858000 6.38584870944367972e-02
0.675904000 6.29888611877155585e-02
0.675950000 6.37195468149980432e-02
0.675995000 6.37416056041784362e-02
0.676041000 6.40388736516876583e-02
0.676087000 6.32343062762561470e-02
0.676133000 6.27568546173847136e-02
0.676178000 6.28291623418028022e-02
0.676224000 6.32718546956537869e-02
0.676270000 6.19843742800464392e-02
0.676315000 6.16199692787388204e-02
0.676361000 6.23187159209153616e-02
0.676407000 6.17788544520174593e-02
0.676453000 6.11240610578845586e-02
0.676498000 6.09627446991784436e-02
0.676544000 6.12320901126463049e-02
0.676590000 6.06556119252047096e-02
0.676636000 6.08538170713636348e-02
0.676682000 5.98738611640987489e-02
0.676727000 5.93928087378225791e-02
0.676773000 5.97237926410268613e-02
0.676819000 5.95588231184247668e-02
0.676865000 5.94909084486939521e-02
0.676911000 5.86841099832760005e-02
0.676956000 5.03210975545463832e-02
0.677002000 5.68369736594023928e-02
0.677048000 5.86595479962864694e-02
0.677094000 5.83196591415385546e-02
0.677140000 5.78957645808413982e-02
0.677186000 5.71800370099354097e-02
0.677231000 5.70207986480126203e-02
0.677277000 5.56942879006637331e-02
0.677323000 5.65923257789826412e-02
0.677369000 5.69529753923404547e-02
0.677415000 5.13766730704148591e-02
0.677461000 5.58233377291919713e-02
0.677507000 5.62436525295798226e-02
0.677553000 5.61619675876099608e-02
0.677599000 5.57532526828346253e-02
0.677645000 5.47974277458379566e-02
0.677690000 5.46040620939418006e-02
0.677736000 5.51544883789165247e-02
0.677782000 5.49514392006695135e-02
0.677828000 5.46344059742246840e-02
0.677874000 5.44762067617356738e-02
0.677920000 5.33478722873197836e-02
0.677966000 5.37108116581436687e-02
0.678012000 5.38568631184565480e-02
0.678058000 5.36287864302571957e-02
0.678104000 5.34801266391138896e-02
0.678150000 5.32443888385503786e-02
0.678196000 5.29540142451807583e-02
0.678242000 5.26605219530034557e-02
0.678288000 5.24497583152681232e-02
0.678334000 5.22612833334878055e-02
0.678380000 5.16191813580808359e-02
0.678426000 5.08708949137570629e-02
0.678472000 5.14169826773295188e-02
0.678518000 5.07314266997947252e-02
0.678564000 4.93906634628950639e-02
0.678610000 4.97139536760427755e-02
0.678656000 5.03285399912652281e-02
0.678702000 5.02158252313846115e-02
0.678748000 5.00877453488153823e-02
0.678794000 5.01012328875392182e-02
0.678841000 4.93253374194431576e-02
0.678887000 4.79415714234734808e-02
0.678933000 4.97661797352038568e-02
0.678979000 4.97187134277317713e-02
0.679025000 4.95703239810070251e-02
0.679071000 4.92027670001970244e-02
0.679117000 4.88161298277091579e-02
0.679163000 4.87833542512857918e-02
0.679209000 4.90122860367106436e-02
0.679256000 4.88582528632602944e-02
0.679302000 4.83816271115394547e-02
0.679348000 4.82643907634261321e-02
0.679394000 4.80447969713312037e-02
0.679440000 4.78493094759903648e-02
0.679486000 4.71681142065392620e-02
0.679532000 4.62201054801257838e-02
0.679579000 4.70577022025127495e-02
0.679625000 4.64273332924660526e-02
0.679671000 4.66546819770301061e-02
0.679717000 4.64071632258532540e-02
0.679763000 4.59473169381327193e-02
0.679810000 4.54614819441435600e-02
0.679856000 4.54902375889966251e-02
0.679902000 4.55131242107034220e-02
0.679948000 4.60767680520028575e-02
0.679995000 4.58260989118440751e-02
0.680041000 4.46402853019724280e-02
0.680087000 4.45334849254266571e-02
0.680133000 4.51568557771059587e-02
0.680180000 4.50736136024097039e-02
0.680226000 4.38715688698366191e-02
0.680272000 4.37388210071130643e-02
0.680318000 4.46055302891157426e-02
0.680365000 4.43363488150262039e-02
0.680411000 4.38324918379550260e-02
0.680457000 4.40016339156758599e-02
0.680504000 4.37794142355931795e-02
0.680550000 4.26922750486525837e-02
0.680596000 4.08183450562444317e-02
0.680643000 4.25157443233519783e-02
0.680689000 4.24793091901650502e-02
0.680735000 4.26570022206295141e-02
0.680782000 4.24607899294613955e-02
0.680828000 4.16343671334117246e-02
0.680874000 3.91639629194193081e-02
0.680921000 4.16972793876667983e-02
0.680967000 4.10429038694290482e-02
0.681013000 4.13420494672188943e-02
0.681060000 4.10793961069842173e-02
0.681106000 4.07548060666740944e-02
0.681153000 4.05546484437057653e-02
0.681199000 3.70069466965410945e-02
0.681245000 3.85893557709091894e-02
0.681292000 3.99178143084566797e-02
0.681338000 3.96275706460109747e-02
0.681385000 3.93115648623381386e-02
0.681431000 3.84505812938772951e-02
0.681477000 3.88585514565982781e-02
0.681524000 3.82169564831104716e-02
0.681570000 3.77326377913980715e-02
0.681617000 3.80467311319230631e-02
0.681663000 3.68947414586462477e-02
0.681710000 3.69220681490517733e-02
0.681756000 3.73261797884819127e-02
0.681803000 3.71480052195953467e-02
0.681849000 3.68999360878624894e-02
0.681896000 3.66554442834897201e-02
0.681942000 3.63394480189470070e-02
0.681989000 3.60281645867791336e-02
0.682035000 3.57816140623031589e-02
0.682082000 3.56153923176430395e-02
0.682128000 3.48908148977949625e-02
0.682175000 3.47283818456004395e-02
0.682221000 3.20987065056118348e-02
0.682268000 3.41279497609573365e-02
0.682314000 3.42055580449045493e-02
0.682361000 3.43255571496083531e-02
0.682408000 3.36190445145176445e-02
0.682454000 3.34812409939455463e-02
0.682501000 3.31523170113486448e-02
0.682547000 3.28549157314655463e-02
0.682594000 3.26258067241445779e-02
0.682640000 3.23298879720768581e-02
0.682687000 3.22468506688249751e-02
0.682734000 3.18107261809271250e-02
0.682780000 3.15125077330391315e-02
0.682827000 3.15854736786646828e-02
0.682874000 3.09472058287207606e-02
0.682920000 3.06439929329779190e-02
0.682967000 3.00221021465615565e-02
0.683013000 2.86882041821177117e-02
0.683060000 2.73783072914191156e-02
0.683107000 2.95480127338926014e-02
0.683153000 2.91578318628199322e-02
0.683200000 2.92627977355758954e-02
0.683247000 2.86419287934585078e-02
0.683293000 2.83816412611899854e-02
0.683340000 2.83564202231917604e-02
0.683387000 2.80611159285183986e-02
0.683434000 2.74151659956838392e-02
0.683480000 2.69335213936255091e-02
0.683527000 2.67388819249312626e-02
0.683574000 2.65052057193915676e-02
0.683620000 2.61973335288969815e-02
0.683667000 2.61234511902098641e-02
0.683714000 2.56863164037284993e-02
0.683761000 2.52706379919612027e-02
0.683807000 2.50022003312426050e-02
0.683854000 2.46280692113233085e-02
0.683901000 2.38998042410094383e-02
0.683948000 2.42822866891888901e-02
0.683995000 2.36652584510890218e-02
0.684041000 2.24089393623027912e-02
0.684088000 2.20859944478358113e-02
0.684135000 2.26697758349484850e-02
0.684182000 2.16043075526375812e-02
0.684229000 2.22452779362139440e-02
0.684275000 2.16416348190849595e-02
0.684322000 1.89514081430637756e-02
0.684369000 2.07556318212114253e-02
0.684416000 2.04764277504087579e-02
0.684463000 1.95360457684453336e-02
0.684510000 2.02906757994906865e-02
0.684556000 1.79656854117632020e-02
0.684603000 2.02461417158955118e-02
0.684650000 2.00003060215826964e-02
0.684697000 1.97738187281730482e-02
0.684744000 1.95648459116601302e-02
0.684791000 1.92630034123189089e-02
0.684838000 1.90480626413883358e-02
0.684885000 1.88550963913392475e-02
0.684932000 1.83063903433052372e-02
0.684978000 1.81545849308884961e-02
0.685025000 1.78031003347198756e-02
0.685072000 1.75746603770428646e-02
0.685119000 1.76191477026793851e-02
0.685166000 1.74943293287819698e-02
0.685213000 1.70763703360813819e-02
0.685260000 1.69177297698645812e-02
0.685307000 1.68215005710890576e-02
0.685354000 1.64656386610750674e-02
0.685401000 1.64019147196170015e-02
0.685448000 1.61173155937304989e-02
0.685495000 1.59359756695258183e-02
0.685542000 1.57419633842249586e-02
0.685589000 1.54858349048690187e-02
0.685636000 1.50682688065564303e-02
0.685683000 1.35567032140943827e-02
0.685730000 1.34897621957511555e-02
0.685777000 1.42222259510670392e-02
0.685824000 1.44277521290354597e-02
0.685871000 1.42159972154081264e-02
0.685918000 1.34711538773649424e-02
0.685965000 1.35918715693395756e-02
0.686012000 1.24067302502564956e-02
0.686059000 1.34903707463939707e-02
0.686106000 1.33198756447744145e-02
0.686153000 1.32780773565522193e-02
0.686201000 1.29094241675153272e-02
0.686248000 1.25803046877252800e-02
0.686295000 1.23770062887074549e-02
0.686342000 1.21725618226544846e-02
0.686389000 1.18278699471045228e-02
0.686436000 1.14434149528999871e-02
0.686483000 1.19256910479820614e-02
0.686530000 1.18574083502110995e-02
0.686577000 1.18101684195092427e-02
0.686625000 1.15404251022163448e-02
0.686672000 1.14139514609557947e-02
0.686719000 1.12424366504074655e-02
0.686766000 1.10804875369662596e-02
0.686813000 1.09378272883956414e-02
0.686860000 1.09546935496584036e-02
0.686908000 1.06846713612577422e-02
0.686955000 1.05391343613809967e-02
0.687002000 1.03726693708019110e-02
0.687049000 1.02438260170009156e-02
0.687096000 1.02919241100737809e-02
0.687144000 1.01797968521862934e-02
0.687191000 9.89159305609241778e-03
0.687238000 9.78797873154734280e-03
0.687285000 9.73086679459432037e-03
0.687332000 9.71450783702733529e-03
0.687380000 9.53076934950326110e-03
0.687427000 9.03602572791431871e-03
0.687474000 9.22736548452976132e-03
0.687521000 9.20463014036735847e-03
0.687569000 9.06199692474873170e-03
0.687616000 8.87949140467594704e-03
0.687663000 8.87403939347062784e-03
0.687711000 8.67576172790767222e-03
0.687758000 8.41842506311375575e-03
0.687805000 8.32998814575953116e-03
0.687853000 8.27630646258347563e-03
0.687900000 8.14682031964000797e-03
0.687947000 8.06516428509995546e-03
0.687994000 7.99374475224303924e-03
0.688042000 7.80469012461445979e-03
0.688089000 7.52118953199198102e-03
0.688137000 7.48363217752681491e-03
0.688184000 7.37059057825847214e-03
0.688231000 7.22973453880909524e-03
0.688279000 7.08750908692879541e-03
0.688326000 6.77050541599105368e-03
0.688373000 6.59073541392344708e-03
0.688421000 6.51094816399954909e-03
0.688468000 6.23126138104171216e-03
0.688516000 6.23582402663375949e-03
0.688563000 6.29007551826556242e-03
0.688610000 6.20281211749131207e-03
0.688658000 6.06368300052080155e-03
0.688705000 5.91402333475762963e-03
0.688753000 5.67475849692473944e-03
0.688800000 5.58646731308978968e-03
0.688848000 5.49595455962899933e-03
0.688895000 5.27873764189239116e-03
0.688942000 5.14915233372991495e-03
0.688990000 5.07464197756260157e-03
0.689037000 4.98443955318527213e-03
0.689085000 4.86909232432557529e-03
0.689132000 4.74838262418479998e-03
0.689180000 4.64393353946182530e-03
0.689227000 4.52724884248043892e-03
0.689275000 4.42651033052819578e-03
0.689322000 4.32317862509388594e-03
0.689370000 4.22739995356179264e-03
0.689417000 4.13449562066318856e-03
0.689465000 4.07737517107199104e-03
0.689513000 3.92964087710682454e-03
0.689560000 3.83920589178373415e-03
0.689608000 3.74245956075643527e-03
0.689655000 3.61395292519799257e-03
0.689703000 3.47305619082296201e-03
0.689750000 3.43662559879989423e-03
0.689798000 3.40598308691026936e-03
0.689845000 3.32719649404354103e-03
0.689893000 3.29012043652749265e-03
0.689941000 3.17014223756172499e-03
0.689988000 3.05959593640082409e-03
0.690036000 2.97667778991937172e-03
0.690084000 2.95084362068527171e-03
0.690131000 2.88684236165965983e-03
0.690179000 2.82581755985442107e-03
0.690226000 2.76392178609877019e-03
0.690274000 2.73050148798301704e-03
0.690322000 2.64032836536450162e-03
0.690369000 2.57642671166281520e-03
0.690417000 2.55756346460570818e-03
0.690465000 2.40123877611087997e-03
0.690512000 2.39670814761250815e-03
0.690560000 2.40013217381217529e-03
0.690608000 2.32342937072370663e-03
0.690655000 2.26674475401166019e-03
0.690703000 2.20335524900955922e-03
0.690751000 2.13325340386669431e-03
0.690799000 2.07127883350332904e-03
0.690846000 2.03350469590707870e-03
0.690894000 2.04080972958654849e-03
0.690942000 1.96802695502455152e-03
0.690989000 1.92522713799000403e-03
0.691037000 1.91267505060904383e-03
0.691085000 1.87394299552754275e-03
0.691133000 1.83758691039424588e-03
0.691181000 1.77842151382252606e-03
0.691228000 1.74178982013643456e-03
0.691276000 1.71838068602367042e-03
0.691324000 1.65774865567346660e-03
0.691372000 1.61635898698825049e-03
0.691419000 1.60390609110994272e-03
0.691467000 1.58942356732810893e-03
0.691515000 1.54236861156682508e-03
0.691563000 1.51978057485026969e-03
0.691611000 1.42776880121983207e-03
0.691659000 1.26053948065252817e-03
0.691706000 1.41343167968267401e-03
0.691754000 1.40057687520721112e-03
0.691802000 1.36681694175914276e-03
0.691850000 1.20176967387720002e-03
0.691898000 1.25589721466420889e-03
0.691946000 1.27612701610120907e-03
0.691994000 1.24391027141103317e-03
0.692042000 1.18772592463015645e-03
0.692089000 1.19021922471102123e-03
0.692137000 1.18264163112495537e-03
0.692185000 1.14801806313994011e-03
0.692233000 1.12337683617467847e-03
0.692281000 1.11203326323219289e-03
0.692329000 1.08963761229052499e-03
0.692377000 1.07079990755909156e-03
0.692425000 1.05114093796057867e-03
0.692473000 1.03074135844202102e-03
0.692521000 1.00909830042020449e-03
0.692569000 9.72489529880298160e-04
0.692617000 8.90702881213788948e-04
0.692665000 9.43742614994782874e-04
0.692713000 8.63752347355321122e-04
0.692761000 8.89980258003569640e-04
0.692809000 8.53386013574797026e-04
0.692857000 8.65711855665163418e-04
0.692905000 8.49248893758556569e-04
0.692953000 8.33960447004069628e-04
0.693001000 8.09999295299485868e-04
0.693049000 7.95704991194330982e-04
0.693097000 7.84695216950094141e-04
0.693145000 7.72015069991931332e-04
0.693193000 7.55551745286824799e-04
0.693241000 7.28820734172110941e-04
0.693289000 7.21205481654632022e-04
0.693337000 7.12567053392082093e-04
0.693385000 6.97582887388623822e-04
0.693433000 6.82630090510984383e-04
0.693481000 6.55665235852071534e-04
0.693529000 6.30846583665423621e-04
0.693577000 6.29846816225530619e-04
0.693626000 6.40506663762243950e-04
0.693674000 6.20570696224781579e-04
0.693722000 6.06787659999003491e-04
0.693770000 5.92536098183834062e-04
0.693818000 5.77913668001996160e-04
0.693866000 5.65997981847247760e-04
0.693914000 5.62148574222648325e-04
0.693963000 5.51474668431436651e-04
0.694011000 5.37379616783369108e-04
0.694059000 5.23326253691731966e-04
0.694107000 5.18455642516660667e-04
0.694155000 5.09370947316386668e-04
0.694203000 5.07161267187220812e-04
0.694252000 4.98962178249261743e-04
0.694300000 4.84271155007825896e-04
0.694348000 4.76207658868646087e-04
0.694396000 4.67215522869104830e-04
0.694444000 4.58293950537024604e-04
0.694493000 4.52183942948749509e-04
0.694541000 4.39325228779731338e-04
0.694589000 4.33266847041066975e-04
0.694637000 4.30654531808104864e-04
0.694686000 3.89656241702963360e-04
0.694734000 3.69712192863876359e-04
0.694782000 4.02707039037658663e-04
0.694830000 3.99385435438346173e-04
0.694879000 3.92983792778647432e-04
0.694927000 3.71879275566942130e-04
0.694975000 3.73721449234342470e-04
0.695024000 3.71290968292138071e-04
0.695072000 3.60877234320331158e-04
0.695120000 3.56913845227802885e-04
0.695169000 3.52137262116177538e-04
0.695217000 3.42709320438786360e-04
0.695265000 3.36760424911588467e-04
0.695314000 3.02446942535459725e-04
0.695362000 3.17811540299143733e-04
0.695410000 3.21186229084275364e-04
0.695459000 3.12581791367383172e-04
0.695507000 2.95394411409757916e-04
0.695555000 3.02193559137480590e-04
0.695604000 2.98379015040460180e-04
0.695652000 2.91799018871830506e-04
0.695701000 2.79748294358985068e-04
0.695749000 2.78741069896860970e-04
0.695797000 2.77800830474378695e-04
0.695846000 2.72079971731553725e-04
0.695894000 2.66230742785810890e-04
0.695943000 2.61290703996435705e-04
0.695991000 2.56276167910994839e-04
0.696040000 2.53559667243244478e-04
0.696088000 2.46309092451837746e-04
0.696136000 2.44752509968599512e-04
0.696185000 2.37640159946875224e-04
0.696233000 2.30746199544044905e-04
0.696282000 2.32723699299777943e-04
0.696330000 2.28416715935233654e-04
0.696379000 2.24879727862783405e-04
0.696427000 2.21295473990418409e-04
0.696476000 2.16394418970518803e-04
0.696524000 2.13302413007473719e-04
0.696573000 2.09751729409230815e-04
0.696621000 2.06952211086245671e-04
0.696670000 2.02627905707690415e-04
0.696718000 1.93430034655673130e-04
0.696767000 1.91579078958060701e-04
0.696816000 1.90669925397850065e-04
0.696864000 1.87899385614949448e-04
0.696913000 1.85951202704053476e-04
0.696961000 1.82788377092186252e-04
0.697010000 1.79551974023573374e-04
0.697058000 1.76365025863493716e-04
0.697107000 1.75625183846280674e-04
0.697156000 1.71668555811544640e-04
0.697204000 1.67816335484131734e-04
0.697253000 1.64337130304915697e-04
0.697301000 1.61937944331215836e-04
0.697350000 1.60146237757539088e-04
0.697399000 1.54269646937748580e-04
0.697447000 1.54770724907207270e-04
0.697496000 1.53343403021671251e-04
0.697545000 1.48465073528229453e-04
0.697593000 1.46275579001871558e-04
0.697642000 1.44799600165569620e-04
0.697691000 1.40386206833779698e-04
0.697739000 1.32863758410304140e-04
0.697788000 1.36204882843713810e-04
0.697837000 1.21316431331972149e-04
0.697885000 1.25047534378632175e-04
0.697934000 1.25742109256461547e-04
0.697983000 1.27385356963155447e-04
0.698032000 1.09878445387553926e-04
0.698080000 1.04110049736494943e-04
0.698129000 1.20041838410597429e-04
0.698178000 1.13647286271941798e-04
0.698227000 1.18088523716144709e-04
0.698275000 1.14727882647019331e-04
0.698324000 1.14480397050432803e-04
0.698373000 1.12526188615787729e-04
0.698422000 1.10800345691738997e-04
0.698470000 1.09315527096232864e-04
0.698519000 1.08481903419872569e-04
0.698568000 1.06802713639503447e-04
0.698617000 1.05265952454014247e-04
0.698666000 1.02580757066072074e-04
0.698714000 1.01209269072485700e-04
0.698763000 1.00080585399486905e-04
0.698812000 9.83346987327406640e-05
0.698861000 9.59386990296837215e-05
0.698910000 9.57532848842634129e-05
0.698959000 9.34010371212386686e-05
0.699007000 9.09177432635956600e-05
0.699056000 8.67363995424998786e-05
0.699105000 9.03738762658248037e-05
0.699154000 8.80723285405396017e-05
0.699203000 8.70926102540874286e-05
0.699252000 8.63194256105557215e-05
0.699301000 8.49294731028824989e-05
0.699350000 8.36395364308075600e-05
0.699399000 8.14957596653955216e-05
0.699447000 7.96427888602474097e-05
0.699496000 7.82697343772725948e-05
0.699545000 7.87140015632711517e-05
0.699594000 7.74214522976172904e-05
0.699643000 7.56770452219596818e-05
0.699692000 7.41655804362306064e-05
0.699741000 7.40698812442135460e-05
0.699790000 7.31177574642142609e-05
0.699839000 3.60854457604457241e-05
